timestamp,symbol,owned,price,entry_price,unrealized_pct,momentum,acceleration,exit_signal,exit_reason
2026-06-03T08:13:09.712675,AAPL,False,311.71,0,0,9.69,-4.17,True,ACCELERATION_DECAY
2026-06-03T08:13:10.052949,ABBV,False,218.16,0,0,5.85,2.37,False,ACCELERATION_DECAY
2026-06-03T08:13:10.396688,ABNB,False,133.8,0,0,-4.24,-1.0,True,MOMENTUM_FAILURE
2026-06-03T08:13:10.743114,ADBE,False,255.98,0,0,0.14,-3.07,True,ACCELERATION_DECAY
2026-06-03T08:13:11.081810,ADSK,False,232.43,0,0,-6.82,-2.42,True,LOST_20_SMA
2026-06-03T08:13:11.750334,AMD,False,529.56,0,0,49.06,-3.64,True,ACCELERATION_DECAY
2026-06-03T08:13:12.104410,AMZN,False,251.65,0,0,-8.01,-2.3,True,LOST_20_SMA
2026-06-03T08:13:12.448699,ANET,False,174.05,0,0,2.25,0.68,False,ACCELERATION_DECAY
2026-06-03T08:13:12.813009,APO,False,124.29,0,0,-4.61,-4.28,True,LOST_20_SMA
2026-06-03T08:13:13.159043,APP,False,580.0,0,0,21.31,-6.19,True,ACCELERATION_DECAY
2026-06-03T08:13:13.496841,ARES,False,120.65,0,0,-1.88,-8.8,True,LOST_20_SMA
2026-06-03T08:13:14.183920,ASML,False,1720.44,0,0,19.23,-3.79,True,ACCELERATION_DECAY
2026-06-03T08:13:14.592599,AXP,False,303.84,0,0,-3.83,-1.25,True,LOST_20_SMA
2026-06-03T08:13:14.940834,BA,False,214.83,0,0,-4.26,-2.63,True,LOST_20_SMA
2026-06-03T08:13:15.654292,BKNG,False,166.08,0,0,-0.92,-1.91,True,MOMENTUM_FAILURE
2026-06-03T08:13:16.001054,BLK,False,987.12,0,0,-5.89,-2.73,True,LOST_20_SMA
2026-06-03T08:13:16.338218,BSX,False,47.66,0,0,-14.86,1.27,True,LOST_20_SMA
2026-06-03T08:13:16.683182,BX,False,108.67,0,0,-11.45,-4.8,True,LOST_20_SMA
2026-06-03T08:13:17.038412,CAT,False,936.3,0,0,3.51,-0.5,True,ACCELERATION_DECAY
2026-06-03T08:13:17.382576,CAVA,False,70.15,0,0,-22.35,-3.57,True,LOST_20_SMA
2026-06-03T08:13:17.711504,CDNS,False,406.79,0,0,15.03,-4.1,True,ACCELERATION_DECAY
2026-06-03T08:13:18.064605,CELH,False,29.66,0,0,-11.52,-2.49,True,LOST_20_SMA
2026-06-03T08:13:18.406321,CME,False,252.68,0,0,-11.9,1.79,True,LOST_20_SMA
2026-06-03T08:13:18.747232,CMG,False,28.51,0,0,-11.76,-3.26,True,LOST_20_SMA
2026-06-03T08:13:19.088516,COIN,False,167.56,0,0,-15.27,-0.98,True,LOST_20_SMA
2026-06-03T08:13:19.442592,COP,False,118.27,0,0,-4.1,2.34,True,MOMENTUM_FAILURE
2026-06-03T08:13:19.782184,COST,False,967.47,0,0,-4.82,0.96,True,LOST_20_SMA
2026-06-03T08:13:20.136578,CRM,False,192.79,0,0,3.1,-5.18,True,ACCELERATION_DECAY
2026-06-03T08:13:20.514821,CRWD,False,754.2,0,0,58.27,-5.6,True,ACCELERATION_DECAY
2026-06-03T08:13:20.854768,CVX,False,190.0,0,0,-1.37,1.09,True,MOMENTUM_FAILURE
2026-06-03T08:13:21.204782,DDOG,False,247.56,0,0,69.88,-13.59,True,ACCELERATION_DECAY
2026-06-03T08:13:21.606236,DE,False,593.22,0,0,3.03,2.88,False,ACCELERATION_DECAY
2026-06-03T08:13:21.942150,DELL,False,420.4,0,0,94.34,-11.34,True,ACCELERATION_DECAY
2026-06-03T08:13:22.289956,DHR,False,176.24,0,0,0.92,-0.27,False,ACCELERATION_DECAY
2026-06-03T08:13:22.631577,DUOL,False,108.39,0,0,4.19,4.45,False,ACCELERATION_DECAY
2026-06-03T08:13:22.970383,EOG,False,141.25,0,0,0.31,2.45,False,ACCELERATION_DECAY
2026-06-03T08:13:23.324556,ETN,False,424.44,0,0,3.31,4.45,False,ACCELERATION_DECAY
2026-06-03T08:13:24.009600,FICO,False,1164.31,0,0,9.19,-8.88,True,LOST_20_SMA
2026-06-03T08:13:24.337909,FTNT,False,147.83,0,0,64.4,-2.41,True,ACCELERATION_DECAY
2026-06-03T08:13:24.678286,GD,False,340.02,0,0,-2.62,0.67,True,MOMENTUM_FAILURE
2026-06-03T08:13:25.018129,GE,False,316.36,0,0,10.35,-2.91,True,ACCELERATION_DECAY
2026-06-03T08:13:25.359676,GOOG,False,357.31,0,0,-7.02,-1.42,True,LOST_20_SMA
2026-06-03T08:13:25.704937,GOOGL,False,361.05,0,0,-7.05,-1.47,True,LOST_20_SMA
2026-06-03T08:13:26.044266,GS,False,1038.09,0,0,12.97,-4.89,True,ACCELERATION_DECAY
2026-06-03T08:13:26.383127,HD,False,312.32,0,0,-0.98,-0.69,True,MOMENTUM_FAILURE
2026-06-03T08:13:26.719222,HIMS,False,26.64,0,0,1.18,0.3,False,ACCELERATION_DECAY
2026-06-03T08:13:27.081104,HON,False,237.01,0,0,13.37,1.14,False,ACCELERATION_DECAY
2026-06-03T08:13:27.424473,HOOD,False,83.99,0,0,9.04,-6.13,True,ACCELERATION_DECAY
2026-06-03T08:13:27.767774,ICE,False,139.58,0,0,-10.11,-1.12,True,LOST_20_SMA
2026-06-03T08:13:28.112598,INTC,False,111.61,0,0,3.2,-9.49,True,LOST_20_SMA
2026-06-03T08:13:28.454870,INTU,False,312.68,0,0,-21.5,-0.65,True,LOST_20_SMA
2026-06-03T08:13:28.795594,ISRG,False,400.19,0,0,-11.34,-0.28,True,LOST_20_SMA
2026-06-03T08:13:29.173459,JPM,False,298.11,0,0,-3.65,-1.47,True,LOST_20_SMA
2026-06-03T08:13:29.515911,KKR,False,89.45,0,0,-12.3,-3.71,True,LOST_20_SMA
2026-06-03T08:13:29.853578,KLAC,False,2080.46,0,0,20.06,0.69,False,ACCELERATION_DECAY
2026-06-03T08:13:30.197858,LIN,False,509.0,0,0,1.74,1.26,False,ACCELERATION_DECAY
2026-06-03T08:13:30.569113,LLY,False,1082.34,0,0,9.45,-0.49,False,ACCELERATION_DECAY
2026-06-03T08:13:30.906623,LMT,False,521.87,0,0,2.54,3.45,False,ACCELERATION_DECAY
2026-06-03T08:13:31.222919,LRCX,False,342.5,0,0,24.18,-5.15,True,ACCELERATION_DECAY
2026-06-03T08:13:31.566314,LULU,False,124.76,0,0,-4.19,-2.24,True,LOST_20_SMA
2026-06-03T08:13:31.911425,MA,False,468.0,0,0,-5.85,-0.49,True,LOST_20_SMA
2026-06-03T08:13:32.250361,MCD,False,275.22,0,0,-3.49,-0.76,True,LOST_20_SMA
2026-06-03T08:13:32.603763,MCO,False,445.45,0,0,-2.0,-2.9,True,MOMENTUM_FAILURE
2026-06-03T08:13:32.939653,MDB,False,367.54,0,0,37.82,-12.72,True,ACCELERATION_DECAY
2026-06-03T08:13:33.282133,META,False,617.05,0,0,2.0,4.09,False,ACCELERATION_DECAY
2026-06-03T08:13:33.624032,MPC,False,269.97,0,0,3.63,-0.53,True,ACCELERATION_DECAY
2026-06-03T08:13:33.983594,MS,False,209.09,0,0,10.48,-3.86,True,ACCELERATION_DECAY
2026-06-03T08:13:34.318561,MSFT,False,427.54,0,0,3.93,-2.77,True,ACCELERATION_DECAY
2026-06-03T08:13:34.657203,MU,False,1063.31,0,0,66.09,-18.51,True,ACCELERATION_DECAY
2026-06-03T08:13:35.002325,NET,False,262.8,0,0,7.52,-14.12,True,ACCELERATION_DECAY
2026-06-03T08:13:35.358544,NFLX,False,81.83,0,0,-6.89,1.55,True,LOST_20_SMA
2026-06-03T08:13:35.713590,NOC,False,535.24,0,0,-4.18,1.18,True,LOST_20_SMA
2026-06-03T08:13:36.059064,NOW,False,121.42,0,0,31.96,-6.83,True,ACCELERATION_DECAY
2026-06-03T08:13:36.406299,NUE,False,260.73,0,0,12.35,-2.11,True,ACCELERATION_DECAY
2026-06-03T08:13:36.753699,NVDA,False,215.25,0,0,9.54,-2.72,True,LOST_20_SMA
2026-06-03T08:13:37.107207,ODFL,False,234.21,0,0,19.45,0.25,False,ACCELERATION_DECAY
2026-06-03T08:13:37.461082,ORCL,False,231.06,0,0,24.66,-11.0,True,ACCELERATION_DECAY
2026-06-03T08:13:37.800336,PANW,False,279.04,0,0,51.67,-9.35,True,ACCELERATION_DECAY
2026-06-03T08:13:38.142245,PH,False,851.83,0,0,-2.39,1.23,True,LOST_20_SMA
2026-06-03T08:13:38.474284,PLTR,False,145.4,0,0,6.98,2.78,False,ACCELERATION_DECAY
2026-06-03T08:13:38.819380,PWR,False,725.15,0,0,-6.02,0.75,True,LOST_20_SMA
2026-06-03T08:13:39.155981,PYPL,False,42.93,0,0,-7.66,3.97,True,LOST_20_SMA
2026-06-03T08:13:39.496296,QCOM,False,247.27,0,0,32.55,-10.48,True,ACCELERATION_DECAY
2026-06-03T08:13:39.830802,RBLX,False,43.24,0,0,-1.82,3.59,True,LOST_20_SMA
2026-06-03T08:13:40.179627,REGN,False,614.27,0,0,-12.53,2.46,True,LOST_20_SMA
2026-06-03T08:13:40.521796,RKLB,False,118.82,0,0,50.86,-2.69,True,LOST_20_SMA
2026-06-03T08:13:40.864733,RTX,False,176.35,0,0,2.01,1.23,False,ACCELERATION_DECAY
2026-06-03T08:13:41.210727,SCHW,False,85.9,0,0,-7.03,-2.8,True,LOST_20_SMA
2026-06-03T08:13:41.630390,SHOP,False,114.86,0,0,6.72,14.98,False,ACCELERATION_DECAY
2026-06-03T08:13:41.971989,SLB,False,56.58,0,0,1.04,-0.64,True,ACCELERATION_DECAY
2026-06-03T08:13:42.322509,SNOW,False,246.2,0,0,73.74,-7.35,False,ACCELERATION_DECAY
2026-06-03T08:13:42.682332,SNPS,False,499.95,0,0,-0.51,-2.69,True,LOST_20_SMA
2026-06-03T08:13:43.015040,SOFI,False,16.88,0,0,5.37,-4.14,True,ACCELERATION_DECAY
2026-06-03T08:13:43.357373,SPGI,False,408.94,0,0,-3.52,-1.81,True,LOST_20_SMA
2026-06-03T08:13:43.698073,SYK,False,293.65,0,0,-0.54,-1.37,True,LOST_20_SMA
2026-06-03T08:13:44.034325,TMO,False,473.02,0,0,1.34,-2.87,True,ACCELERATION_DECAY
2026-06-03T08:13:44.370605,TSLA,False,432.45,0,0,11.06,3.11,False,ACCELERATION_DECAY
2026-06-03T08:13:44.710431,TT,False,471.39,0,0,-1.27,4.4,True,MOMENTUM_FAILURE
2026-06-03T08:13:45.070100,TTWO,False,216.86,0,0,-2.8,-1.56,True,LOST_20_SMA
2026-06-03T08:13:45.418965,UBER,False,71.28,0,0,-2.29,0.84,True,LOST_20_SMA
2026-06-03T08:13:45.758369,UNH,False,379.74,0,0,4.36,2.43,True,LOST_20_SMA
2026-06-03T08:13:46.096571,URI,False,1030.09,0,0,10.29,2.77,False,ACCELERATION_DECAY
2026-06-03T08:13:46.434339,V,False,310.55,0,0,-3.56,-0.65,True,LOST_20_SMA
2026-06-03T08:13:46.767558,VLO,False,263.25,0,0,3.87,1.23,False,ACCELERATION_DECAY
2026-06-03T08:13:47.102643,VRSN,False,298.06,0,0,8.08,-0.4,True,ACCELERATION_DECAY
2026-06-03T08:13:47.491531,VRTX,False,424.37,0,0,0.0,1.11,True,LOST_20_SMA
2026-06-03T08:13:47.935391,WMT,False,116.36,0,0,-11.03,2.22,True,LOST_20_SMA
2026-06-03T08:13:48.284784,XOM,False,153.27,0,0,-1.04,1.65,True,MOMENTUM_FAILURE
2026-06-03T08:13:48.625261,ZS,False,135.77,0,0,-3.95,-5.33,True,LOST_20_SMA
2026-06-03T08:20:01.731029,AAPL,False,311.21,0,0,9.51,-4.35,True,ACCELERATION_DECAY
2026-06-03T08:20:02.099184,ABBV,False,218.09,0,0,5.81,2.33,False,ACCELERATION_DECAY
2026-06-03T08:20:02.429374,ABNB,False,133.5,0,0,-4.46,-1.21,True,LOST_20_SMA
2026-06-03T08:20:02.781048,ADBE,False,255.68,0,0,0.02,-3.19,True,ACCELERATION_DECAY
2026-06-03T08:20:03.113182,ADSK,False,231.97,0,0,-7.0,-2.6,True,LOST_20_SMA
2026-06-03T08:20:03.796069,AMD,False,535.32,0,0,50.68,-2.02,True,ACCELERATION_DECAY
2026-06-03T08:20:04.133002,AMZN,False,251.17,0,0,-8.18,-2.47,True,LOST_20_SMA
2026-06-03T08:20:04.471121,ANET,False,174.92,0,0,2.76,1.19,False,ACCELERATION_DECAY
2026-06-03T08:20:04.812445,APO,False,124.73,0,0,-4.27,-3.94,True,LOST_20_SMA
2026-06-03T08:20:05.161171,APP,False,578.1,0,0,20.91,-6.59,True,ACCELERATION_DECAY
2026-06-03T08:20:05.502249,ARES,False,121.74,0,0,-0.99,-7.91,True,LOST_20_SMA
2026-06-03T08:20:06.197307,ASML,False,1725.79,0,0,19.6,-3.42,True,ACCELERATION_DECAY
2026-06-03T08:20:06.576457,AXP,False,303.41,0,0,-3.97,-1.39,True,LOST_20_SMA
2026-06-03T08:20:06.920418,BA,False,214.5,0,0,-4.4,-2.78,True,LOST_20_SMA
2026-06-03T08:20:07.621649,BKNG,False,166.45,0,0,-0.7,-1.69,True,MOMENTUM_FAILURE
2026-06-03T08:20:07.963280,BLK,False,988.33,0,0,-5.78,-2.61,True,LOST_20_SMA
2026-06-03T08:20:08.306530,BSX,False,47.68,0,0,-14.83,1.3,True,LOST_20_SMA
2026-06-03T08:20:08.653474,BX,False,109.37,0,0,-10.88,-4.23,True,LOST_20_SMA
2026-06-03T08:20:09.002138,CAT,False,934.84,0,0,3.34,-0.66,True,ACCELERATION_DECAY
2026-06-03T08:20:09.345294,CAVA,False,70.39,0,0,-22.08,-3.3,True,LOST_20_SMA
2026-06-03T08:20:09.681745,CDNS,False,406.9,0,0,15.06,-4.07,True,ACCELERATION_DECAY
2026-06-03T08:20:10.022906,CELH,False,29.63,0,0,-11.61,-2.58,True,LOST_20_SMA
2026-06-03T08:20:10.369862,CME,False,252.73,0,0,-11.89,1.81,True,LOST_20_SMA
2026-06-03T08:20:10.715013,CMG,False,28.6,0,0,-11.48,-2.98,True,LOST_20_SMA
2026-06-03T08:20:11.064246,COIN,False,166.98,0,0,-15.56,-1.27,True,LOST_20_SMA
2026-06-03T08:20:11.415414,COP,False,118.6,0,0,-3.83,2.61,True,MOMENTUM_FAILURE
2026-06-03T08:20:11.812636,COST,False,965.09,0,0,-5.05,0.73,True,LOST_20_SMA
2026-06-03T08:20:12.176454,CRM,False,192.66,0,0,3.03,-5.25,True,ACCELERATION_DECAY
2026-06-03T08:20:12.543766,CRWD,False,757.18,0,0,58.89,-4.98,True,ACCELERATION_DECAY
2026-06-03T08:20:12.894333,CVX,False,190.45,0,0,-1.14,1.32,True,MOMENTUM_FAILURE
2026-06-03T08:20:13.228341,DDOG,False,248.17,0,0,70.29,-13.17,True,ACCELERATION_DECAY
2026-06-03T08:20:13.574887,DE,False,592.0,0,0,2.82,2.67,False,ACCELERATION_DECAY
2026-06-03T08:20:13.936450,DELL,False,421.44,0,0,94.82,-10.86,True,ACCELERATION_DECAY
2026-06-03T08:20:14.279613,DHR,False,176.07,0,0,0.82,-0.36,False,ACCELERATION_DECAY
2026-06-03T08:20:14.620069,DUOL,False,108.25,0,0,4.06,4.31,False,ACCELERATION_DECAY
2026-06-03T08:20:15.044560,EOG,False,141.74,0,0,0.65,2.79,False,ACCELERATION_DECAY
2026-06-03T08:20:15.389643,ETN,False,425.23,0,0,3.5,4.64,False,ACCELERATION_DECAY
2026-06-03T08:20:16.076781,FICO,False,1160.0,0,0,8.79,-9.29,True,LOST_20_SMA
2026-06-03T08:20:16.485730,FTNT,False,147.78,0,0,64.35,-2.46,True,ACCELERATION_DECAY
2026-06-03T08:20:16.835929,GD,False,339.34,0,0,-2.81,0.47,True,MOMENTUM_FAILURE
2026-06-03T08:20:17.175423,GE,False,315.87,0,0,10.18,-3.08,True,ACCELERATION_DECAY
2026-06-03T08:20:17.509571,GOOG,False,356.55,0,0,-7.21,-1.62,True,LOST_20_SMA
2026-06-03T08:20:17.861366,GOOGL,False,360.25,0,0,-7.25,-1.67,True,LOST_20_SMA
2026-06-03T08:20:18.207973,GS,False,1038.98,0,0,13.07,-4.79,True,ACCELERATION_DECAY
2026-06-03T08:20:18.556047,HD,False,312.1,0,0,-1.05,-0.76,True,MOMENTUM_FAILURE
2026-06-03T08:20:18.886934,HIMS,False,26.47,0,0,0.53,-0.35,True,ACCELERATION_DECAY
2026-06-03T08:20:19.233078,HON,False,236.86,0,0,13.3,1.06,False,ACCELERATION_DECAY
2026-06-03T08:20:19.573336,HOOD,False,83.98,0,0,9.02,-6.14,True,ACCELERATION_DECAY
2026-06-03T08:20:19.915452,ICE,False,139.6,0,0,-10.1,-1.11,True,LOST_20_SMA
2026-06-03T08:20:20.255685,INTC,False,112.0,0,0,3.56,-9.13,True,LOST_20_SMA
2026-06-03T08:20:20.684189,INTU,False,312.59,0,0,-21.52,-0.67,True,LOST_20_SMA
2026-06-03T08:20:21.022275,ISRG,False,399.69,0,0,-11.45,-0.39,True,LOST_20_SMA
2026-06-03T08:20:21.454083,JPM,False,297.98,0,0,-3.69,-1.52,True,LOST_20_SMA
2026-06-03T08:20:21.855381,KKR,False,89.54,0,0,-12.22,-3.62,True,LOST_20_SMA
2026-06-03T08:20:22.200071,KLAC,False,2092.05,0,0,20.73,1.35,False,ACCELERATION_DECAY
2026-06-03T08:20:22.553642,LIN,False,508.79,0,0,1.7,1.22,False,ACCELERATION_DECAY
2026-06-03T08:20:22.891035,LLY,False,1083.65,0,0,9.58,-0.36,False,ACCELERATION_DECAY
2026-06-03T08:20:23.254771,LMT,False,521.5,0,0,2.47,3.38,False,ACCELERATION_DECAY
2026-06-03T08:20:23.602538,LRCX,False,343.65,0,0,24.6,-4.73,True,ACCELERATION_DECAY
2026-06-03T08:20:23.937404,LULU,False,124.21,0,0,-4.61,-2.66,True,LOST_20_SMA
2026-06-03T08:20:24.279316,MA,False,466.59,0,0,-6.13,-0.77,True,LOST_20_SMA
2026-06-03T08:20:24.625962,MCD,False,275.08,0,0,-3.54,-0.81,True,LOST_20_SMA
2026-06-03T08:20:25.046465,MCO,False,444.47,0,0,-2.22,-3.12,True,MOMENTUM_FAILURE
2026-06-03T08:20:25.404182,MDB,False,369.94,0,0,38.72,-11.82,True,ACCELERATION_DECAY
2026-06-03T08:20:25.745378,META,False,615.36,0,0,1.72,3.81,False,ACCELERATION_DECAY
2026-06-03T08:20:26.087293,MPC,False,270.14,0,0,3.7,-0.47,True,ACCELERATION_DECAY
2026-06-03T08:20:26.464737,MS,False,209.52,0,0,10.71,-3.63,True,ACCELERATION_DECAY
2026-06-03T08:20:26.830652,MSFT,False,426.9,0,0,3.77,-2.92,True,ACCELERATION_DECAY
2026-06-03T08:20:27.177476,MU,False,1071.7,0,0,67.4,-17.19,True,ACCELERATION_DECAY
2026-06-03T08:20:27.514210,NET,False,263.78,0,0,7.92,-13.71,True,ACCELERATION_DECAY
2026-06-03T08:20:27.850204,NFLX,False,81.7,0,0,-7.04,1.41,True,LOST_20_SMA
2026-06-03T08:20:28.199351,NOC,False,534.61,0,0,-4.29,1.07,True,LOST_20_SMA
2026-06-03T08:20:28.674216,NOW,False,121.02,0,0,31.53,-7.27,True,ACCELERATION_DECAY
2026-06-03T08:20:29.024995,NUE,False,261.23,0,0,12.57,-1.89,True,ACCELERATION_DECAY
2026-06-03T08:20:29.373669,NVDA,False,216.43,0,0,10.14,-2.12,True,LOST_20_SMA
2026-06-03T08:20:29.705836,ODFL,False,234.15,0,0,19.42,0.21,False,ACCELERATION_DECAY
2026-06-03T08:20:30.045970,ORCL,False,231.86,0,0,25.09,-10.57,True,ACCELERATION_DECAY
2026-06-03T08:20:30.393813,PANW,False,281.44,0,0,52.97,-8.05,True,ACCELERATION_DECAY
2026-06-03T08:20:30.728895,PH,False,851.91,0,0,-2.38,1.24,True,LOST_20_SMA
2026-06-03T08:20:31.058230,PLTR,False,145.41,0,0,6.99,2.79,False,ACCELERATION_DECAY
2026-06-03T08:20:31.411829,PWR,False,725.51,0,0,-5.97,0.8,True,LOST_20_SMA
2026-06-03T08:20:31.840896,PYPL,False,42.75,0,0,-8.04,3.58,True,LOST_20_SMA
2026-06-03T08:20:32.227086,QCOM,False,249.4,0,0,33.69,-9.34,True,ACCELERATION_DECAY
2026-06-03T08:20:32.567649,RBLX,False,43.08,0,0,-2.18,3.22,True,LOST_20_SMA
2026-06-03T08:20:32.923724,REGN,False,614.07,0,0,-12.56,2.43,True,LOST_20_SMA
2026-06-03T08:20:33.277382,RKLB,False,117.8,0,0,49.57,-3.99,True,LOST_20_SMA
2026-06-03T08:20:33.627945,RTX,False,175.8,0,0,1.69,0.91,False,ACCELERATION_DECAY
2026-06-03T08:20:33.974108,SCHW,False,86.08,0,0,-6.84,-2.61,True,LOST_20_SMA
2026-06-03T08:20:34.306000,SHOP,False,114.49,0,0,6.37,14.64,False,ACCELERATION_DECAY
2026-06-03T08:20:34.647578,SLB,False,56.62,0,0,1.11,-0.56,True,ACCELERATION_DECAY
2026-06-03T08:20:35.047076,SNOW,False,247.25,0,0,74.48,-6.61,False,ACCELERATION_DECAY
2026-06-03T08:20:35.377617,SNPS,False,499.22,0,0,-0.65,-2.84,True,LOST_20_SMA
2026-06-03T08:20:35.715636,SOFI,False,16.82,0,0,4.99,-4.51,True,ACCELERATION_DECAY
2026-06-03T08:20:36.051718,SPGI,False,407.82,0,0,-3.79,-2.07,True,LOST_20_SMA
2026-06-03T08:20:36.413980,SYK,False,293.34,0,0,-0.65,-1.48,True,LOST_20_SMA
2026-06-03T08:20:36.772957,TMO,False,472.96,0,0,1.33,-2.88,True,ACCELERATION_DECAY
2026-06-03T08:20:37.220957,TSLA,False,432.05,0,0,10.96,3.0,False,ACCELERATION_DECAY
2026-06-03T08:20:37.583387,TT,False,470.62,0,0,-1.43,4.24,True,MOMENTUM_FAILURE
2026-06-03T08:20:37.924838,TTWO,False,215.82,0,0,-3.27,-2.02,True,LOST_20_SMA
2026-06-03T08:20:38.264939,UBER,False,71.03,0,0,-2.63,0.49,True,LOST_20_SMA
2026-06-03T08:20:38.610924,UNH,False,380.57,0,0,4.59,2.66,True,LOST_20_SMA
2026-06-03T08:20:38.953401,URI,False,1028.97,0,0,10.17,2.65,False,ACCELERATION_DECAY
2026-06-03T08:20:39.293049,V,False,309.9,0,0,-3.77,-0.85,True,LOST_20_SMA
2026-06-03T08:20:39.630085,VLO,False,263.37,0,0,3.91,1.28,False,ACCELERATION_DECAY
2026-06-03T08:20:39.970893,VRSN,False,297.83,0,0,8.0,-0.48,True,ACCELERATION_DECAY
2026-06-03T08:20:40.309284,VRTX,False,423.82,0,0,-0.13,0.98,True,LOST_20_SMA
2026-06-03T08:20:40.733074,WMT,False,116.32,0,0,-11.06,2.19,True,LOST_20_SMA
2026-06-03T08:20:41.083589,XOM,False,153.44,0,0,-0.93,1.76,True,MOMENTUM_FAILURE
2026-06-03T08:20:41.500825,ZS,False,136.06,0,0,-3.75,-5.12,True,LOST_20_SMA
2026-06-03T08:21:30.506050,AAPL,False,311.61,0,0,9.65,-4.21,True,ACCELERATION_DECAY
2026-06-03T08:21:30.848518,ABBV,False,217.73,0,0,5.64,2.16,False,ACCELERATION_DECAY
2026-06-03T08:21:31.185231,ABNB,False,133.2,0,0,-4.67,-1.43,True,LOST_20_SMA
2026-06-03T08:21:31.513860,ADBE,False,255.4,0,0,-0.09,-3.3,True,MOMENTUM_FAILURE
2026-06-03T08:21:31.847848,ADSK,False,232.12,0,0,-6.94,-2.54,True,LOST_20_SMA
2026-06-03T08:21:32.608217,AMD,False,535.99,0,0,50.87,-1.83,True,ACCELERATION_DECAY
2026-06-03T08:21:32.941128,AMZN,False,250.83,0,0,-8.31,-2.6,True,LOST_20_SMA
2026-06-03T08:21:33.271870,ANET,False,174.75,0,0,2.66,1.09,False,ACCELERATION_DECAY
2026-06-03T08:21:33.644844,APO,False,124.92,0,0,-4.13,-3.8,True,LOST_20_SMA
2026-06-03T08:21:34.043242,APP,False,578.78,0,0,21.06,-6.45,True,ACCELERATION_DECAY
2026-06-03T08:21:34.400963,ARES,False,122.16,0,0,-0.65,-7.57,True,LOST_20_SMA
2026-06-03T08:21:35.090194,ASML,False,1724.87,0,0,19.54,-3.48,True,ACCELERATION_DECAY
2026-06-03T08:21:35.429162,AXP,False,303.0,0,0,-4.1,-1.52,True,LOST_20_SMA
2026-06-03T08:21:35.761097,BA,False,214.33,0,0,-4.48,-2.85,True,LOST_20_SMA
2026-06-03T08:21:36.445324,BKNG,False,166.15,0,0,-0.88,-1.87,True,MOMENTUM_FAILURE
2026-06-03T08:21:36.785085,BLK,False,988.45,0,0,-5.76,-2.6,True,LOST_20_SMA
2026-06-03T08:21:37.129241,BSX,False,47.6,0,0,-14.97,1.16,True,LOST_20_SMA
2026-06-03T08:21:37.537697,BX,False,109.55,0,0,-10.73,-4.09,True,LOST_20_SMA
2026-06-03T08:21:37.876654,CAT,False,932.58,0,0,3.09,-0.91,True,ACCELERATION_DECAY
2026-06-03T08:21:38.213559,CAVA,False,70.33,0,0,-22.15,-3.37,True,LOST_20_SMA
2026-06-03T08:21:38.547495,CDNS,False,405.99,0,0,14.81,-4.33,True,ACCELERATION_DECAY
2026-06-03T08:21:38.882469,CELH,False,29.61,0,0,-11.66,-2.64,True,LOST_20_SMA
2026-06-03T08:21:39.224127,CME,False,252.62,0,0,-11.92,1.77,True,LOST_20_SMA
2026-06-03T08:21:39.574084,CMG,False,28.57,0,0,-11.58,-3.07,True,LOST_20_SMA
2026-06-03T08:21:39.915244,COIN,False,166.7,0,0,-15.7,-1.42,True,LOST_20_SMA
2026-06-03T08:21:40.260269,COP,False,118.51,0,0,-3.9,2.54,True,MOMENTUM_FAILURE
2026-06-03T08:21:40.612763,COST,False,962.69,0,0,-5.29,0.49,True,LOST_20_SMA
2026-06-03T08:21:40.939535,CRM,False,192.58,0,0,2.99,-5.29,True,ACCELERATION_DECAY
2026-06-03T08:21:41.264857,CRWD,False,756.04,0,0,58.66,-5.22,True,ACCELERATION_DECAY
2026-06-03T08:21:41.604469,CVX,False,190.2,0,0,-1.27,1.19,True,MOMENTUM_FAILURE
2026-06-03T08:21:41.940402,DDOG,False,247.84,0,0,70.07,-13.4,True,ACCELERATION_DECAY
2026-06-03T08:21:42.298468,DE,False,591.51,0,0,2.73,2.58,False,ACCELERATION_DECAY
2026-06-03T08:21:42.639563,DELL,False,421.64,0,0,94.91,-10.77,True,ACCELERATION_DECAY
2026-06-03T08:21:42.977086,DHR,False,176.22,0,0,0.91,-0.28,False,ACCELERATION_DECAY
2026-06-03T08:21:43.320341,DUOL,False,108.03,0,0,3.85,4.1,False,ACCELERATION_DECAY
2026-06-03T08:21:43.664669,EOG,False,141.73,0,0,0.65,2.79,False,ACCELERATION_DECAY
2026-06-03T08:21:44.012298,ETN,False,424.89,0,0,3.41,4.56,False,ACCELERATION_DECAY
2026-06-03T08:21:44.737649,FICO,False,1160.23,0,0,8.81,-9.27,True,LOST_20_SMA
2026-06-03T08:21:45.082581,FTNT,False,147.63,0,0,64.18,-2.63,True,ACCELERATION_DECAY
2026-06-03T08:21:45.437719,GD,False,339.35,0,0,-2.81,0.48,True,MOMENTUM_FAILURE
2026-06-03T08:21:45.775206,GE,False,315.53,0,0,10.06,-3.2,True,ACCELERATION_DECAY
2026-06-03T08:21:46.123630,GOOG,False,356.71,0,0,-7.17,-1.57,True,LOST_20_SMA
2026-06-03T08:21:46.470336,GOOGL,False,360.38,0,0,-7.22,-1.64,True,LOST_20_SMA
2026-06-03T08:21:46.818911,GS,False,1037.19,0,0,12.87,-4.98,True,ACCELERATION_DECAY
2026-06-03T08:21:47.175061,HD,False,312.26,0,0,-1.0,-0.71,True,MOMENTUM_FAILURE
2026-06-03T08:21:47.556393,HIMS,False,26.52,0,0,0.72,-0.16,False,ACCELERATION_DECAY
2026-06-03T08:21:47.912798,HON,False,236.5,0,0,13.13,0.89,False,ACCELERATION_DECAY
2026-06-03T08:21:48.296515,HOOD,False,83.82,0,0,8.81,-6.35,True,ACCELERATION_DECAY
2026-06-03T08:21:48.638011,ICE,False,139.61,0,0,-10.09,-1.1,True,LOST_20_SMA
2026-06-03T08:21:48.981899,INTC,False,112.28,0,0,3.82,-8.87,True,LOST_20_SMA
2026-06-03T08:21:49.326387,INTU,False,312.91,0,0,-21.44,-0.59,True,LOST_20_SMA
2026-06-03T08:21:49.674640,ISRG,False,399.94,0,0,-11.4,-0.33,True,LOST_20_SMA
2026-06-03T08:21:50.015962,JPM,False,297.87,0,0,-3.73,-1.55,True,LOST_20_SMA
2026-06-03T08:21:50.396575,KKR,False,90.04,0,0,-11.73,-3.13,True,LOST_20_SMA
2026-06-03T08:21:50.733630,KLAC,False,2091.0,0,0,20.66,1.29,False,ACCELERATION_DECAY
2026-06-03T08:21:51.086879,LIN,False,508.43,0,0,1.63,1.15,False,ACCELERATION_DECAY
2026-06-03T08:21:51.444807,LLY,False,1081.49,0,0,9.37,-0.57,False,ACCELERATION_DECAY
2026-06-03T08:21:51.780896,LMT,False,521.57,0,0,2.48,3.39,False,ACCELERATION_DECAY
2026-06-03T08:21:52.132359,LRCX,False,343.53,0,0,24.56,-4.77,True,ACCELERATION_DECAY
2026-06-03T08:21:52.503337,LULU,False,124.44,0,0,-4.43,-2.49,True,LOST_20_SMA
2026-06-03T08:21:52.847198,MA,False,466.99,0,0,-6.05,-0.69,True,LOST_20_SMA
2026-06-03T08:21:53.199087,MCD,False,275.24,0,0,-3.48,-0.76,True,LOST_20_SMA
2026-06-03T08:21:53.534635,MCO,False,445.17,0,0,-2.06,-2.96,True,MOMENTUM_FAILURE
2026-06-03T08:21:53.870985,MDB,False,369.25,0,0,38.46,-12.08,True,ACCELERATION_DECAY
2026-06-03T08:21:54.217504,META,False,615.58,0,0,1.76,3.85,False,ACCELERATION_DECAY
2026-06-03T08:21:54.557480,MPC,False,269.61,0,0,3.49,-0.67,True,ACCELERATION_DECAY
2026-06-03T08:21:54.992705,MS,False,209.46,0,0,10.68,-3.67,True,ACCELERATION_DECAY
2026-06-03T08:21:55.327556,MSFT,False,426.99,0,0,3.79,-2.9,True,ACCELERATION_DECAY
2026-06-03T08:21:55.685872,MU,False,1071.9,0,0,67.43,-17.16,True,ACCELERATION_DECAY
2026-06-03T08:21:56.024617,NET,False,263.4,0,0,7.76,-13.87,True,ACCELERATION_DECAY
2026-06-03T08:21:56.364349,NFLX,False,81.67,0,0,-7.08,1.37,True,LOST_20_SMA
2026-06-03T08:21:56.739593,NOC,False,534.22,0,0,-4.36,1.0,True,LOST_20_SMA
2026-06-03T08:21:57.076674,NOW,False,121.28,0,0,31.81,-6.98,True,ACCELERATION_DECAY
2026-06-03T08:21:57.456871,NUE,False,260.94,0,0,12.44,-2.02,True,ACCELERATION_DECAY
2026-06-03T08:21:57.814488,NVDA,False,216.28,0,0,10.07,-2.2,True,LOST_20_SMA
2026-06-03T08:21:58.170582,ODFL,False,234.48,0,0,19.58,0.38,False,ACCELERATION_DECAY
2026-06-03T08:21:58.509042,ORCL,False,231.94,0,0,25.14,-10.52,True,ACCELERATION_DECAY
2026-06-03T08:21:58.843563,PANW,False,281.4,0,0,52.95,-8.07,True,ACCELERATION_DECAY
2026-06-03T08:21:59.182038,PH,False,851.56,0,0,-2.42,1.2,True,LOST_20_SMA
2026-06-03T08:21:59.520847,PLTR,False,145.09,0,0,6.75,2.55,False,ACCELERATION_DECAY
2026-06-03T08:21:59.864398,PWR,False,724.34,0,0,-6.13,0.64,True,LOST_20_SMA
2026-06-03T08:22:00.212161,PYPL,False,42.71,0,0,-8.13,3.5,True,LOST_20_SMA
2026-06-03T08:22:00.548144,QCOM,False,250.74,0,0,34.41,-8.62,True,ACCELERATION_DECAY
2026-06-03T08:22:00.885198,RBLX,False,43.04,0,0,-2.27,3.13,True,LOST_20_SMA
2026-06-03T08:22:01.222609,REGN,False,613.43,0,0,-12.65,2.34,True,LOST_20_SMA
2026-06-03T08:22:01.557914,RKLB,False,117.28,0,0,48.91,-4.65,True,LOST_20_SMA
2026-06-03T08:22:01.914773,RTX,False,175.47,0,0,1.5,0.72,False,ACCELERATION_DECAY
2026-06-03T08:22:02.261473,SCHW,False,86.19,0,0,-6.72,-2.49,True,LOST_20_SMA
2026-06-03T08:22:02.600268,SHOP,False,114.21,0,0,6.11,14.38,False,ACCELERATION_DECAY
2026-06-03T08:22:02.951195,SLB,False,56.57,0,0,1.02,-0.65,True,ACCELERATION_DECAY
2026-06-03T08:22:03.281810,SNOW,False,246.76,0,0,74.13,-6.95,False,ACCELERATION_DECAY
2026-06-03T08:22:03.623807,SNPS,False,498.55,0,0,-0.79,-2.97,True,LOST_20_SMA
2026-06-03T08:22:03.990939,SOFI,False,16.77,0,0,4.68,-4.82,True,ACCELERATION_DECAY
2026-06-03T08:22:04.327351,SPGI,False,408.12,0,0,-3.72,-2.0,True,LOST_20_SMA
2026-06-03T08:22:04.668815,SYK,False,293.39,0,0,-0.63,-1.46,True,LOST_20_SMA
2026-06-03T08:22:05.081387,TMO,False,472.95,0,0,1.33,-2.88,True,ACCELERATION_DECAY
2026-06-03T08:22:05.419456,TSLA,False,433.18,0,0,11.25,3.3,False,ACCELERATION_DECAY
2026-06-03T08:22:05.761723,TT,False,470.22,0,0,-1.51,4.15,True,MOMENTUM_FAILURE
2026-06-03T08:22:06.093588,TTWO,False,215.64,0,0,-3.35,-2.1,True,LOST_20_SMA
2026-06-03T08:22:06.431438,UBER,False,71.03,0,0,-2.63,0.49,True,LOST_20_SMA
2026-06-03T08:22:06.796373,UNH,False,381.47,0,0,4.84,2.9,False,ACCELERATION_DECAY
2026-06-03T08:22:07.133120,URI,False,1027.92,0,0,10.06,2.54,False,ACCELERATION_DECAY
2026-06-03T08:22:07.477265,V,False,309.74,0,0,-3.82,-0.9,True,LOST_20_SMA
2026-06-03T08:22:07.856213,VLO,False,262.9,0,0,3.73,1.09,False,ACCELERATION_DECAY
2026-06-03T08:22:08.235570,VRSN,False,297.69,0,0,7.95,-0.54,True,ACCELERATION_DECAY
2026-06-03T08:22:08.573896,VRTX,False,423.29,0,0,-0.25,0.86,True,LOST_20_SMA
2026-06-03T08:22:09.000843,WMT,False,116.13,0,0,-11.21,2.04,True,LOST_20_SMA
2026-06-03T08:22:09.344478,XOM,False,153.32,0,0,-1.01,1.68,True,MOMENTUM_FAILURE
2026-06-03T08:22:09.682196,ZS,False,136.04,0,0,-3.76,-5.13,True,LOST_20_SMA
2026-06-03T08:27:51.977799,AAPL,False,310.8,0,0,9.37,-4.49,True,ACCELERATION_DECAY
2026-06-03T08:27:52.325723,ABBV,False,217.93,0,0,5.73,2.26,False,ACCELERATION_DECAY
2026-06-03T08:27:52.663243,ABNB,False,133.07,0,0,-4.77,-1.52,True,LOST_20_SMA
2026-06-03T08:27:52.997105,ADBE,False,255.75,0,0,0.05,-3.16,True,ACCELERATION_DECAY
2026-06-03T08:27:53.331448,ADSK,False,232.06,0,0,-6.96,-2.57,True,LOST_20_SMA
2026-06-03T08:27:54.021140,AMD,False,537.86,0,0,51.4,-1.3,True,ACCELERATION_DECAY
2026-06-03T08:27:54.364668,AMZN,False,250.82,0,0,-8.31,-2.6,True,LOST_20_SMA
2026-06-03T08:27:54.706687,ANET,False,175.56,0,0,3.14,1.57,False,ACCELERATION_DECAY
2026-06-03T08:27:55.104297,APO,False,125.07,0,0,-4.01,-3.68,True,LOST_20_SMA
2026-06-03T08:27:55.457587,APP,False,576.92,0,0,20.67,-6.83,True,ACCELERATION_DECAY
2026-06-03T08:27:55.819547,ARES,False,122.35,0,0,-0.5,-7.41,True,LOST_20_SMA
2026-06-03T08:27:56.593924,ASML,False,1730.26,0,0,19.91,-3.11,True,ACCELERATION_DECAY
2026-06-03T08:27:56.931306,AXP,False,303.04,0,0,-4.09,-1.5,True,LOST_20_SMA
2026-06-03T08:27:57.291245,BA,False,214.48,0,0,-4.41,-2.79,True,LOST_20_SMA
2026-06-03T08:27:57.979542,BKNG,False,165.77,0,0,-1.11,-2.09,True,MOMENTUM_FAILURE
2026-06-03T08:27:58.336118,BLK,False,987.37,0,0,-5.87,-2.7,True,LOST_20_SMA
2026-06-03T08:27:58.688008,BSX,False,47.5,0,0,-15.15,0.98,True,LOST_20_SMA
2026-06-03T08:27:59.042944,BX,False,109.76,0,0,-10.56,-3.92,True,LOST_20_SMA
2026-06-03T08:27:59.436670,CAT,False,933.45,0,0,3.19,-0.81,True,ACCELERATION_DECAY
2026-06-03T08:27:59.820789,CAVA,False,70.34,0,0,-22.14,-3.36,True,LOST_20_SMA
2026-06-03T08:28:00.154279,CDNS,False,405.9,0,0,14.78,-4.35,True,ACCELERATION_DECAY
2026-06-03T08:28:00.499082,CELH,False,29.71,0,0,-11.37,-2.34,True,LOST_20_SMA
2026-06-03T08:28:00.851766,CME,False,251.87,0,0,-12.19,1.51,True,LOST_20_SMA
2026-06-03T08:28:01.192133,CMG,False,28.69,0,0,-11.2,-2.7,True,LOST_20_SMA
2026-06-03T08:28:01.531262,COIN,False,166.79,0,0,-15.66,-1.37,True,LOST_20_SMA
2026-06-03T08:28:01.873626,COP,False,118.51,0,0,-3.9,2.54,True,MOMENTUM_FAILURE
2026-06-03T08:28:02.237077,COST,False,961.27,0,0,-5.43,0.35,True,LOST_20_SMA
2026-06-03T08:28:02.596152,CRM,False,192.13,0,0,2.75,-5.53,True,ACCELERATION_DECAY
2026-06-03T08:28:03.049336,CRWD,False,757.57,0,0,58.98,-4.9,True,ACCELERATION_DECAY
2026-06-03T08:28:03.389110,CVX,False,190.23,0,0,-1.25,1.21,True,MOMENTUM_FAILURE
2026-06-03T08:28:03.733617,DDOG,False,247.54,0,0,69.86,-13.61,True,ACCELERATION_DECAY
2026-06-03T08:28:04.084234,DE,False,591.03,0,0,2.65,2.5,False,ACCELERATION_DECAY
2026-06-03T08:28:04.446103,DELL,False,421.82,0,0,95.0,-10.69,True,ACCELERATION_DECAY
2026-06-03T08:28:04.887898,DHR,False,176.45,0,0,1.04,-0.15,False,ACCELERATION_DECAY
2026-06-03T08:28:05.234588,DUOL,False,108.37,0,0,4.17,4.43,False,ACCELERATION_DECAY
2026-06-03T08:28:05.569884,EOG,False,141.6,0,0,0.55,2.69,False,ACCELERATION_DECAY
2026-06-03T08:28:05.908718,ETN,False,425.77,0,0,3.63,4.77,False,ACCELERATION_DECAY
2026-06-03T08:28:06.595537,FICO,False,1159.27,0,0,8.72,-9.36,True,LOST_20_SMA
2026-06-03T08:28:06.945226,FTNT,False,147.53,0,0,64.07,-2.74,True,ACCELERATION_DECAY
2026-06-03T08:28:07.291714,GD,False,340.28,0,0,-2.54,0.74,True,MOMENTUM_FAILURE
2026-06-03T08:28:07.631739,GE,False,316.09,0,0,10.26,-3.0,True,ACCELERATION_DECAY
2026-06-03T08:28:07.979839,GOOG,False,356.5,0,0,-7.23,-1.63,True,LOST_20_SMA
2026-06-03T08:28:08.319677,GOOGL,False,360.22,0,0,-7.26,-1.68,True,LOST_20_SMA
2026-06-03T08:28:08.692139,GS,False,1038.15,0,0,12.98,-4.88,True,ACCELERATION_DECAY
2026-06-03T08:28:09.032551,HD,False,312.33,0,0,-0.98,-0.69,True,MOMENTUM_FAILURE
2026-06-03T08:28:09.363662,HIMS,False,26.44,0,0,0.42,-0.46,True,ACCELERATION_DECAY
2026-06-03T08:28:09.703472,HON,False,236.62,0,0,13.18,0.95,False,ACCELERATION_DECAY
2026-06-03T08:28:10.105413,HOOD,False,83.95,0,0,8.98,-6.18,True,ACCELERATION_DECAY
2026-06-03T08:28:10.457071,ICE,False,139.12,0,0,-10.41,-1.42,True,LOST_20_SMA
2026-06-03T08:28:10.809476,INTC,False,112.37,0,0,3.9,-8.78,True,LOST_20_SMA
2026-06-03T08:28:11.203082,INTU,False,313.31,0,0,-21.34,-0.49,True,LOST_20_SMA
2026-06-03T08:28:11.552647,ISRG,False,399.83,0,0,-11.42,-0.36,True,LOST_20_SMA
2026-06-03T08:28:11.887321,JPM,False,297.38,0,0,-3.88,-1.71,True,LOST_20_SMA
2026-06-03T08:28:12.236993,KKR,False,90.13,0,0,-11.64,-3.04,True,LOST_20_SMA
2026-06-03T08:28:12.586253,KLAC,False,2101.85,0,0,21.29,1.92,False,ACCELERATION_DECAY
2026-06-03T08:28:12.945835,LIN,False,509.11,0,0,1.76,1.28,False,ACCELERATION_DECAY
2026-06-03T08:28:13.294645,LLY,False,1084.25,0,0,9.65,-0.3,False,ACCELERATION_DECAY
2026-06-03T08:28:13.635158,LMT,False,523.6,0,0,2.88,3.79,False,ACCELERATION_DECAY
2026-06-03T08:28:13.980364,LRCX,False,344.78,0,0,25.01,-4.32,True,ACCELERATION_DECAY
2026-06-03T08:28:14.323050,LULU,False,124.34,0,0,-4.51,-2.56,True,LOST_20_SMA
2026-06-03T08:28:14.668879,MA,False,467.37,0,0,-5.98,-0.62,True,LOST_20_SMA
2026-06-03T08:28:15.093644,MCD,False,275.47,0,0,-3.4,-0.68,True,LOST_20_SMA
2026-06-03T08:28:15.440162,MCO,False,444.71,0,0,-2.16,-3.06,True,MOMENTUM_FAILURE
2026-06-03T08:28:15.778716,MDB,False,370.21,0,0,38.82,-11.72,True,ACCELERATION_DECAY
2026-06-03T08:28:16.115950,META,False,617.82,0,0,2.13,4.22,False,ACCELERATION_DECAY
2026-06-03T08:28:16.596410,MPC,False,269.94,0,0,3.62,-0.55,True,ACCELERATION_DECAY
2026-06-03T08:28:16.944599,MS,False,209.3,0,0,10.59,-3.75,True,ACCELERATION_DECAY
2026-06-03T08:28:17.306932,MSFT,False,426.5,0,0,3.68,-3.02,True,ACCELERATION_DECAY
2026-06-03T08:28:17.660515,MU,False,1066.52,0,0,66.59,-18.0,True,ACCELERATION_DECAY
2026-06-03T08:28:17.995281,NET,False,264.12,0,0,8.06,-13.58,True,ACCELERATION_DECAY
2026-06-03T08:28:18.329646,NFLX,False,81.72,0,0,-7.02,1.43,True,LOST_20_SMA
2026-06-03T08:28:18.667344,NOC,False,535.59,0,0,-4.12,1.24,True,LOST_20_SMA
2026-06-03T08:28:18.998606,NOW,False,121.14,0,0,31.66,-7.14,True,ACCELERATION_DECAY
2026-06-03T08:28:19.338213,NUE,False,260.33,0,0,12.18,-2.28,True,ACCELERATION_DECAY
2026-06-03T08:28:19.669170,NVDA,False,216.4,0,0,10.13,-2.14,True,LOST_20_SMA
2026-06-03T08:28:20.004246,ODFL,False,233.44,0,0,19.05,-0.15,True,ACCELERATION_DECAY
2026-06-03T08:28:20.348668,ORCL,False,232.02,0,0,25.18,-10.48,True,ACCELERATION_DECAY
2026-06-03T08:28:20.694141,PANW,False,282.03,0,0,53.29,-7.73,True,ACCELERATION_DECAY
2026-06-03T08:28:21.034677,PH,False,851.08,0,0,-2.48,1.15,True,LOST_20_SMA
2026-06-03T08:28:21.373927,PLTR,False,145.68,0,0,7.19,2.98,False,ACCELERATION_DECAY
2026-06-03T08:28:21.711624,PWR,False,723.77,0,0,-6.2,0.57,True,LOST_20_SMA
2026-06-03T08:28:22.042075,PYPL,False,42.71,0,0,-8.13,3.5,True,LOST_20_SMA
2026-06-03T08:28:22.394236,QCOM,False,250.62,0,0,34.34,-8.69,True,ACCELERATION_DECAY
2026-06-03T08:28:22.721754,RBLX,False,43.03,0,0,-2.29,3.11,True,LOST_20_SMA
2026-06-03T08:28:23.214019,REGN,False,614.8,0,0,-12.46,2.53,True,LOST_20_SMA
2026-06-03T08:28:23.554898,RKLB,False,117.0,0,0,48.55,-5.0,True,LOST_20_SMA
2026-06-03T08:28:23.891883,RTX,False,175.87,0,0,1.74,0.95,False,ACCELERATION_DECAY
2026-06-03T08:28:24.237761,SCHW,False,86.2,0,0,-6.71,-2.48,True,LOST_20_SMA
2026-06-03T08:28:24.574057,SHOP,False,114.18,0,0,6.09,14.35,False,ACCELERATION_DECAY
2026-06-03T08:28:24.918816,SLB,False,56.62,0,0,1.11,-0.56,True,ACCELERATION_DECAY
2026-06-03T08:28:25.252899,SNOW,False,247.74,0,0,74.82,-6.26,False,ACCELERATION_DECAY
2026-06-03T08:28:25.588525,SNPS,False,498.6,0,0,-0.78,-2.96,True,LOST_20_SMA
2026-06-03T08:28:25.924243,SOFI,False,16.79,0,0,4.81,-4.7,True,ACCELERATION_DECAY
2026-06-03T08:28:26.260269,SPGI,False,407.93,0,0,-3.76,-2.04,True,LOST_20_SMA
2026-06-03T08:28:26.594990,SYK,False,292.33,0,0,-0.99,-1.82,True,LOST_20_SMA
2026-06-03T08:28:26.941553,TMO,False,473.36,0,0,1.41,-2.8,True,ACCELERATION_DECAY
2026-06-03T08:28:27.348795,TSLA,False,431.88,0,0,10.92,2.96,False,ACCELERATION_DECAY
2026-06-03T08:28:27.704936,TT,False,470.8,0,0,-1.39,4.28,True,MOMENTUM_FAILURE
2026-06-03T08:28:28.039616,TTWO,False,215.82,0,0,-3.27,-2.02,True,LOST_20_SMA
2026-06-03T08:28:28.380595,UBER,False,71.06,0,0,-2.59,0.53,True,LOST_20_SMA
2026-06-03T08:28:28.723880,UNH,False,381.81,0,0,4.93,3.0,False,ACCELERATION_DECAY
2026-06-03T08:28:29.074147,URI,False,1029.02,0,0,10.18,2.66,False,ACCELERATION_DECAY
2026-06-03T08:28:29.409258,V,False,310.25,0,0,-3.66,-0.74,True,LOST_20_SMA
2026-06-03T08:28:29.747419,VLO,False,262.92,0,0,3.74,1.1,False,ACCELERATION_DECAY
2026-06-03T08:28:30.080424,VRSN,False,297.64,0,0,7.93,-0.55,True,ACCELERATION_DECAY
2026-06-03T08:28:30.416447,VRTX,False,424.04,0,0,-0.08,1.03,True,LOST_20_SMA
2026-06-03T08:28:30.834417,WMT,False,116.02,0,0,-11.29,1.96,True,LOST_20_SMA
2026-06-03T08:28:31.176003,XOM,False,153.18,0,0,-1.1,1.59,True,MOMENTUM_FAILURE
2026-06-03T08:28:31.532298,ZS,False,136.34,0,0,-3.55,-4.92,True,LOST_20_SMA
2026-06-03T08:35:01.841908,AAPL,False,311.23,0,0,9.52,-4.34,True,ACCELERATION_DECAY
2026-06-03T08:35:02.180883,ABBV,False,218.2,0,0,5.87,2.39,False,ACCELERATION_DECAY
2026-06-03T08:35:02.550035,ABNB,False,133.37,0,0,-4.55,-1.3,True,LOST_20_SMA
2026-06-03T08:35:02.878696,ADBE,False,255.64,0,0,0.01,-3.2,True,ACCELERATION_DECAY
2026-06-03T08:35:03.223466,ADSK,False,231.48,0,0,-7.2,-2.8,True,LOST_20_SMA
2026-06-03T08:35:03.988029,AMD,False,535.77,0,0,50.81,-1.89,True,ACCELERATION_DECAY
2026-06-03T08:35:04.374262,AMZN,False,250.72,0,0,-8.35,-2.64,True,LOST_20_SMA
2026-06-03T08:35:04.729420,ANET,False,175.75,0,0,3.25,1.68,False,ACCELERATION_DECAY
2026-06-03T08:35:05.129543,APO,False,125.29,0,0,-3.84,-3.51,True,LOST_20_SMA
2026-06-03T08:35:05.502796,APP,False,575.69,0,0,20.41,-7.09,True,ACCELERATION_DECAY
2026-06-03T08:35:05.927957,ARES,False,123.08,0,0,0.1,-6.82,True,LOST_20_SMA
2026-06-03T08:35:06.818883,ASML,False,1729.63,0,0,19.87,-3.15,True,ACCELERATION_DECAY
2026-06-03T08:35:07.197437,AXP,False,303.07,0,0,-4.08,-1.5,True,LOST_20_SMA
2026-06-03T08:35:07.582302,BA,False,214.15,0,0,-4.56,-2.93,True,LOST_20_SMA
2026-06-03T08:35:08.326253,BKNG,False,165.8,0,0,-1.09,-2.08,True,MOMENTUM_FAILURE
2026-06-03T08:35:08.688590,BLK,False,988.11,0,0,-5.8,-2.63,True,LOST_20_SMA
2026-06-03T08:35:09.116235,BSX,False,47.38,0,0,-15.36,0.77,True,LOST_20_SMA
2026-06-03T08:35:09.455563,BX,False,110.43,0,0,-10.01,-3.37,True,LOST_20_SMA
2026-06-03T08:35:09.793977,CAT,False,935.66,0,0,3.43,-0.57,True,ACCELERATION_DECAY
2026-06-03T08:35:10.131065,CAVA,False,70.07,0,0,-22.44,-3.66,True,LOST_20_SMA
2026-06-03T08:35:10.472152,CDNS,False,405.51,0,0,14.67,-4.46,True,ACCELERATION_DECAY
2026-06-03T08:35:10.816585,CELH,False,29.77,0,0,-11.19,-2.16,True,LOST_20_SMA
2026-06-03T08:35:11.222526,CME,False,251.29,0,0,-12.39,1.31,True,LOST_20_SMA
2026-06-03T08:35:11.688181,CMG,False,28.7,0,0,-11.17,-2.67,True,LOST_20_SMA
2026-06-03T08:35:12.056346,COIN,False,166.48,0,0,-15.81,-1.53,True,LOST_20_SMA
2026-06-03T08:35:12.448139,COP,False,118.48,0,0,-3.92,2.51,True,MOMENTUM_FAILURE
2026-06-03T08:35:12.788731,COST,False,960.18,0,0,-5.53,0.24,True,LOST_20_SMA
2026-06-03T08:35:13.138253,CRM,False,191.73,0,0,2.53,-5.75,True,ACCELERATION_DECAY
2026-06-03T08:35:13.483573,CRWD,False,757.86,0,0,59.04,-4.83,True,ACCELERATION_DECAY
2026-06-03T08:35:13.821582,CVX,False,190.12,0,0,-1.31,1.15,True,MOMENTUM_FAILURE
2026-06-03T08:35:14.175992,DDOG,False,247.54,0,0,69.86,-13.61,True,ACCELERATION_DECAY
2026-06-03T08:35:14.528735,DE,False,591.8,0,0,2.78,2.63,False,ACCELERATION_DECAY
2026-06-03T08:35:14.928349,DELL,False,421.82,0,0,95.0,-10.69,True,ACCELERATION_DECAY
2026-06-03T08:35:15.301843,DHR,False,176.47,0,0,1.05,-0.14,False,ACCELERATION_DECAY
2026-06-03T08:35:15.708471,DUOL,False,107.59,0,0,3.42,3.68,True,LOST_20_SMA
2026-06-03T08:35:16.168091,EOG,False,141.62,0,0,0.57,2.71,False,ACCELERATION_DECAY
2026-06-03T08:35:16.556021,ETN,False,426.44,0,0,3.79,4.93,False,ACCELERATION_DECAY
2026-06-03T08:35:17.258829,FICO,False,1150.0,0,0,7.85,-10.23,True,LOST_20_SMA
2026-06-03T08:35:17.603416,FTNT,False,147.98,0,0,64.57,-2.24,True,ACCELERATION_DECAY
2026-06-03T08:35:17.944560,GD,False,339.54,0,0,-2.76,0.53,True,MOMENTUM_FAILURE
2026-06-03T08:35:18.302045,GE,False,316.55,0,0,10.42,-2.84,True,ACCELERATION_DECAY
2026-06-03T08:35:18.690222,GOOG,False,355.42,0,0,-7.51,-1.91,True,LOST_20_SMA
2026-06-03T08:35:19.088794,GOOGL,False,359.24,0,0,-7.51,-1.93,True,LOST_20_SMA
2026-06-03T08:35:19.435798,GS,False,1038.07,0,0,12.97,-4.89,True,ACCELERATION_DECAY
2026-06-03T08:35:19.781024,HD,False,311.97,0,0,-1.09,-0.81,True,MOMENTUM_FAILURE
2026-06-03T08:35:20.116284,HIMS,False,26.44,0,0,0.42,-0.46,True,ACCELERATION_DECAY
2026-06-03T08:35:20.526188,HON,False,236.64,0,0,13.19,0.96,False,ACCELERATION_DECAY
2026-06-03T08:35:20.888762,HOOD,False,83.91,0,0,8.93,-6.23,True,ACCELERATION_DECAY
2026-06-03T08:35:21.247365,ICE,False,139.37,0,0,-10.25,-1.26,True,LOST_20_SMA
2026-06-03T08:35:21.721750,INTC,False,113.07,0,0,4.55,-8.14,True,LOST_20_SMA
2026-06-03T08:35:22.062387,INTU,False,312.79,0,0,-21.47,-0.62,True,LOST_20_SMA
2026-06-03T08:35:22.400279,ISRG,False,399.77,0,0,-11.43,-0.37,True,LOST_20_SMA
2026-06-03T08:35:22.759467,JPM,False,297.62,0,0,-3.81,-1.63,True,LOST_20_SMA
2026-06-03T08:35:23.120124,KKR,False,90.43,0,0,-11.34,-2.75,True,LOST_20_SMA
2026-06-03T08:35:23.462664,KLAC,False,2092.19,0,0,20.73,1.36,False,ACCELERATION_DECAY
2026-06-03T08:35:23.830875,LIN,False,509.24,0,0,1.79,1.31,False,ACCELERATION_DECAY
2026-06-03T08:35:24.185287,LLY,False,1087.84,0,0,10.01,0.07,False,ACCELERATION_DECAY
2026-06-03T08:35:24.554413,LMT,False,522.54,0,0,2.67,3.59,False,ACCELERATION_DECAY
2026-06-03T08:35:24.893779,LRCX,False,341.97,0,0,23.99,-5.34,True,ACCELERATION_DECAY
2026-06-03T08:35:25.261612,LULU,False,124.23,0,0,-4.59,-2.65,True,LOST_20_SMA
2026-06-03T08:35:25.674016,MA,False,467.0,0,0,-6.05,-0.69,True,LOST_20_SMA
2026-06-03T08:35:26.092586,MCD,False,274.82,0,0,-3.63,-0.91,True,LOST_20_SMA
2026-06-03T08:35:26.457866,MCO,False,444.74,0,0,-2.16,-3.06,True,MOMENTUM_FAILURE
2026-06-03T08:35:26.796913,MDB,False,371.26,0,0,39.22,-11.32,True,ACCELERATION_DECAY
2026-06-03T08:35:27.132291,META,False,617.15,0,0,2.02,4.11,False,ACCELERATION_DECAY
2026-06-03T08:35:27.484246,MPC,False,269.93,0,0,3.62,-0.55,True,ACCELERATION_DECAY
2026-06-03T08:35:27.852044,MS,False,210.04,0,0,10.99,-3.36,True,ACCELERATION_DECAY
2026-06-03T08:35:28.202828,MSFT,False,427.3,0,0,3.87,-2.82,True,ACCELERATION_DECAY
2026-06-03T08:35:28.531724,MU,False,1064.55,0,0,66.28,-18.31,True,ACCELERATION_DECAY
2026-06-03T08:35:28.882169,NET,False,263.56,0,0,7.83,-13.8,True,ACCELERATION_DECAY
2026-06-03T08:35:29.252763,NFLX,False,81.65,0,0,-7.1,1.35,True,LOST_20_SMA
2026-06-03T08:35:29.606767,NOC,False,534.96,0,0,-4.23,1.13,True,LOST_20_SMA
2026-06-03T08:35:29.955551,NOW,False,120.79,0,0,31.28,-7.52,True,ACCELERATION_DECAY
2026-06-03T08:35:30.307738,NUE,False,260.77,0,0,12.37,-2.09,True,ACCELERATION_DECAY
2026-06-03T08:35:30.649926,NVDA,False,216.63,0,0,10.24,-2.02,True,LOST_20_SMA
2026-06-03T08:35:31.076606,ODFL,False,234.18,0,0,19.43,0.23,False,ACCELERATION_DECAY
2026-06-03T08:35:31.461536,ORCL,False,232.58,0,0,25.48,-10.18,True,ACCELERATION_DECAY
2026-06-03T08:35:31.799914,PANW,False,282.82,0,0,53.72,-7.3,True,ACCELERATION_DECAY
2026-06-03T08:35:32.146665,PH,False,851.86,0,0,-2.39,1.24,True,LOST_20_SMA
2026-06-03T08:35:32.485619,PLTR,False,145.34,0,0,6.94,2.73,False,ACCELERATION_DECAY
2026-06-03T08:35:32.852391,PWR,False,723.38,0,0,-6.25,0.52,True,LOST_20_SMA
2026-06-03T08:35:33.205390,PYPL,False,42.63,0,0,-8.3,3.33,True,LOST_20_SMA
2026-06-03T08:35:33.570104,QCOM,False,250.96,0,0,34.53,-8.51,True,ACCELERATION_DECAY
2026-06-03T08:35:33.904950,RBLX,False,43.0,0,0,-2.36,3.04,True,LOST_20_SMA
2026-06-03T08:35:34.273802,REGN,False,616.86,0,0,-12.16,2.83,True,LOST_20_SMA
2026-06-03T08:35:34.665254,RKLB,False,115.2,0,0,46.27,-7.29,True,LOST_20_SMA
2026-06-03T08:35:35.222101,RTX,False,175.55,0,0,1.55,0.76,False,ACCELERATION_DECAY
2026-06-03T08:35:35.614698,SCHW,False,86.29,0,0,-6.61,-2.38,True,LOST_20_SMA
2026-06-03T08:35:36.026378,SHOP,False,114.02,0,0,5.94,14.2,False,ACCELERATION_DECAY
2026-06-03T08:35:36.411489,SLB,False,56.64,0,0,1.14,-0.53,True,ACCELERATION_DECAY
2026-06-03T08:35:36.802637,SNOW,False,247.8,0,0,74.86,-6.22,False,ACCELERATION_DECAY
2026-06-03T08:35:37.140207,SNPS,False,496.8,0,0,-1.14,-3.32,True,LOST_20_SMA
2026-06-03T08:35:37.479490,SOFI,False,16.73,0,0,4.43,-5.07,True,ACCELERATION_DECAY
2026-06-03T08:35:37.828533,SPGI,False,407.88,0,0,-3.77,-2.06,True,LOST_20_SMA
2026-06-03T08:35:38.169315,SYK,False,291.92,0,0,-1.13,-1.96,True,LOST_20_SMA
2026-06-03T08:35:38.517054,TMO,False,473.44,0,0,1.43,-2.78,True,ACCELERATION_DECAY
2026-06-03T08:35:38.923478,TSLA,False,430.21,0,0,10.49,2.53,False,ACCELERATION_DECAY
2026-06-03T08:35:39.289238,TT,False,471.35,0,0,-1.28,4.39,True,MOMENTUM_FAILURE
2026-06-03T08:35:39.681532,TTWO,False,215.93,0,0,-3.22,-1.97,True,LOST_20_SMA
2026-06-03T08:35:40.037648,UBER,False,70.92,0,0,-2.78,0.34,True,LOST_20_SMA
2026-06-03T08:35:40.400256,UNH,False,382.7,0,0,5.17,3.24,False,ACCELERATION_DECAY
2026-06-03T08:35:40.892594,URI,False,1032.1,0,0,10.51,2.99,False,ACCELERATION_DECAY
2026-06-03T08:35:41.383613,V,False,310.06,0,0,-3.72,-0.8,True,LOST_20_SMA
2026-06-03T08:35:41.790358,VLO,False,263.27,0,0,3.87,1.24,False,ACCELERATION_DECAY
2026-06-03T08:35:42.208442,VRSN,False,297.26,0,0,7.79,-0.69,True,ACCELERATION_DECAY
2026-06-03T08:35:42.574377,VRTX,False,424.99,0,0,0.15,1.26,True,LOST_20_SMA
2026-06-03T08:35:43.013251,WMT,False,116.2,0,0,-11.16,2.1,True,LOST_20_SMA
2026-06-03T08:35:43.356534,XOM,False,153.33,0,0,-1.0,1.69,True,MOMENTUM_FAILURE
2026-06-03T08:35:43.696857,ZS,False,136.25,0,0,-3.61,-4.99,True,LOST_20_SMA
2026-06-03T08:40:44.177585,AAPL,False,311.13,0,0,9.48,-4.38,True,ACCELERATION_DECAY
2026-06-03T08:40:44.553903,ABBV,False,218.92,0,0,6.22,2.74,False,ACCELERATION_DECAY
2026-06-03T08:40:44.923531,ABNB,False,133.39,0,0,-4.54,-1.29,True,LOST_20_SMA
2026-06-03T08:40:45.278128,ADBE,False,256.14,0,0,0.2,-3.01,False,ACCELERATION_DECAY
2026-06-03T08:40:45.614840,ADSK,False,231.72,0,0,-7.1,-2.7,True,LOST_20_SMA
2026-06-03T08:40:46.291750,AMD,False,530.25,0,0,49.26,-3.45,True,ACCELERATION_DECAY
2026-06-03T08:40:46.622531,AMZN,False,250.13,0,0,-8.56,-2.85,True,LOST_20_SMA
2026-06-03T08:40:46.959563,ANET,False,175.35,0,0,3.01,1.44,False,ACCELERATION_DECAY
2026-06-03T08:40:47.305018,APO,False,125.1,0,0,-3.99,-3.66,True,LOST_20_SMA
2026-06-03T08:40:47.641427,APP,False,573.5,0,0,19.95,-7.55,True,ACCELERATION_DECAY
2026-06-03T08:40:47.983457,ARES,False,122.56,0,0,-0.33,-7.24,True,LOST_20_SMA
2026-06-03T08:40:48.657523,ASML,False,1723.12,0,0,19.42,-3.6,True,ACCELERATION_DECAY
2026-06-03T08:40:49.001257,AXP,False,302.65,0,0,-4.21,-1.63,True,LOST_20_SMA
2026-06-03T08:40:49.342809,BA,False,214.14,0,0,-4.56,-2.94,True,LOST_20_SMA
2026-06-03T08:40:50.147471,BKNG,False,165.65,0,0,-1.18,-2.17,True,MOMENTUM_FAILURE
2026-06-03T08:40:50.490039,BLK,False,988.61,0,0,-5.75,-2.59,True,LOST_20_SMA
2026-06-03T08:40:50.835824,BSX,False,47.45,0,0,-15.24,0.89,True,LOST_20_SMA
2026-06-03T08:40:51.177760,BX,False,110.29,0,0,-10.13,-3.48,True,LOST_20_SMA
2026-06-03T08:40:51.529364,CAT,False,933.48,0,0,3.19,-0.81,True,ACCELERATION_DECAY
2026-06-03T08:40:51.864535,CAVA,False,70.06,0,0,-22.45,-3.67,True,LOST_20_SMA
2026-06-03T08:40:52.203951,CDNS,False,404.51,0,0,14.39,-4.75,True,ACCELERATION_DECAY
2026-06-03T08:40:52.541374,CELH,False,29.79,0,0,-11.13,-2.1,True,LOST_20_SMA
2026-06-03T08:40:52.885766,CME,False,252.03,0,0,-12.13,1.57,True,LOST_20_SMA
2026-06-03T08:40:53.226280,CMG,False,28.65,0,0,-11.33,-2.82,True,LOST_20_SMA
2026-06-03T08:40:53.566419,COIN,False,165.66,0,0,-16.23,-1.94,True,LOST_20_SMA
2026-06-03T08:40:53.906143,COP,False,118.56,0,0,-3.86,2.58,True,MOMENTUM_FAILURE
2026-06-03T08:40:54.245291,COST,False,960.46,0,0,-5.51,0.27,True,LOST_20_SMA
2026-06-03T08:40:54.655932,CRM,False,191.78,0,0,2.56,-5.72,True,ACCELERATION_DECAY
2026-06-03T08:40:55.172821,CRWD,False,756.55,0,0,58.76,-5.11,True,ACCELERATION_DECAY
2026-06-03T08:40:55.530611,CVX,False,190.32,0,0,-1.2,1.26,True,MOMENTUM_FAILURE
2026-06-03T08:40:55.885871,DDOG,False,247.8,0,0,70.04,-13.43,True,ACCELERATION_DECAY
2026-06-03T08:40:56.220698,DE,False,590.7,0,0,2.59,2.44,False,ACCELERATION_DECAY
2026-06-03T08:40:56.563098,DELL,False,420.46,0,0,94.37,-11.31,True,ACCELERATION_DECAY
2026-06-03T08:40:56.908105,DHR,False,176.54,0,0,1.09,-0.1,False,ACCELERATION_DECAY
2026-06-03T08:40:57.240595,DUOL,False,107.32,0,0,3.16,3.42,True,LOST_20_SMA
2026-06-03T08:40:57.578692,EOG,False,141.72,0,0,0.64,2.78,False,ACCELERATION_DECAY
2026-06-03T08:40:57.941915,ETN,False,425.59,0,0,3.59,4.73,False,ACCELERATION_DECAY
2026-06-03T08:40:58.627528,FICO,False,1156.8,0,0,8.49,-9.59,True,LOST_20_SMA
2026-06-03T08:40:58.966467,FTNT,False,148.04,0,0,64.64,-2.17,True,ACCELERATION_DECAY
2026-06-03T08:40:59.319879,GD,False,340.26,0,0,-2.55,0.74,True,MOMENTUM_FAILURE
2026-06-03T08:40:59.699550,GE,False,315.95,0,0,10.21,-3.05,True,ACCELERATION_DECAY
2026-06-03T08:41:00.064207,GOOG,False,355.11,0,0,-7.59,-1.99,True,LOST_20_SMA
2026-06-03T08:41:00.397251,GOOGL,False,358.9,0,0,-7.6,-2.02,True,LOST_20_SMA
2026-06-03T08:41:00.745506,GS,False,1037.67,0,0,12.93,-4.93,True,ACCELERATION_DECAY
2026-06-03T08:41:01.109503,HD,False,312.34,0,0,-0.98,-0.69,True,MOMENTUM_FAILURE
2026-06-03T08:41:01.446196,HIMS,False,26.33,0,0,0.0,-0.88,True,ACCELERATION_DECAY
2026-06-03T08:41:01.787268,HON,False,236.93,0,0,13.33,1.1,False,ACCELERATION_DECAY
2026-06-03T08:41:02.135834,HOOD,False,83.28,0,0,8.11,-7.05,True,ACCELERATION_DECAY
2026-06-03T08:41:02.479044,ICE,False,139.56,0,0,-10.12,-1.14,True,LOST_20_SMA
2026-06-03T08:41:02.817115,INTC,False,112.23,0,0,3.77,-8.91,True,LOST_20_SMA
2026-06-03T08:41:03.155078,INTU,False,312.84,0,0,-21.46,-0.61,True,LOST_20_SMA
2026-06-03T08:41:03.496261,ISRG,False,400.11,0,0,-11.36,-0.29,True,LOST_20_SMA
2026-06-03T08:41:03.841289,JPM,False,297.8,0,0,-3.75,-1.57,True,LOST_20_SMA
2026-06-03T08:41:04.181125,KKR,False,90.26,0,0,-11.51,-2.92,True,LOST_20_SMA
2026-06-03T08:41:04.516338,KLAC,False,2085.75,0,0,20.36,0.99,False,ACCELERATION_DECAY
2026-06-03T08:41:05.012888,LIN,False,509.31,0,0,1.8,1.32,False,ACCELERATION_DECAY
2026-06-03T08:41:05.391611,LLY,False,1087.1,0,0,9.93,-0.01,False,ACCELERATION_DECAY
2026-06-03T08:41:05.744584,LMT,False,523.22,0,0,2.81,3.72,False,ACCELERATION_DECAY
2026-06-03T08:41:06.090369,LRCX,False,340.46,0,0,23.44,-5.89,True,ACCELERATION_DECAY
2026-06-03T08:41:06.430460,LULU,False,124.54,0,0,-4.35,-2.41,True,LOST_20_SMA
2026-06-03T08:41:06.776201,MA,False,466.49,0,0,-6.15,-0.79,True,LOST_20_SMA
2026-06-03T08:41:07.138092,MCD,False,275.04,0,0,-3.55,-0.83,True,LOST_20_SMA
2026-06-03T08:41:07.480049,MCO,False,444.78,0,0,-2.15,-3.05,True,MOMENTUM_FAILURE
2026-06-03T08:41:07.823012,MDB,False,371.75,0,0,39.4,-11.14,True,ACCELERATION_DECAY
2026-06-03T08:41:08.164189,META,False,615.54,0,0,1.75,3.84,False,ACCELERATION_DECAY
2026-06-03T08:41:08.507633,MPC,False,270.41,0,0,3.8,-0.37,False,ACCELERATION_DECAY
2026-06-03T08:41:08.854888,MS,False,209.89,0,0,10.91,-3.44,True,ACCELERATION_DECAY
2026-06-03T08:41:09.199548,MSFT,False,427.34,0,0,3.88,-2.81,True,ACCELERATION_DECAY
2026-06-03T08:41:09.539419,MU,False,1057.48,0,0,65.18,-19.42,True,ACCELERATION_DECAY
2026-06-03T08:41:10.024589,NET,False,262.43,0,0,7.36,-14.27,True,ACCELERATION_DECAY
2026-06-03T08:41:10.463546,NFLX,False,81.65,0,0,-7.1,1.35,True,LOST_20_SMA
2026-06-03T08:41:10.844993,NOC,False,535.15,0,0,-4.2,1.17,True,LOST_20_SMA
2026-06-03T08:41:11.188380,NOW,False,120.78,0,0,31.27,-7.53,True,ACCELERATION_DECAY
2026-06-03T08:41:11.534734,NUE,False,260.47,0,0,12.24,-2.22,True,ACCELERATION_DECAY
2026-06-03T08:41:11.876089,NVDA,False,215.92,0,0,9.88,-2.38,True,LOST_20_SMA
2026-06-03T08:41:12.210109,ODFL,False,233.54,0,0,19.1,-0.1,True,ACCELERATION_DECAY
2026-06-03T08:41:12.547139,ORCL,False,231.58,0,0,24.94,-10.72,True,ACCELERATION_DECAY
2026-06-03T08:41:12.894170,PANW,False,282.34,0,0,53.46,-7.56,True,ACCELERATION_DECAY
2026-06-03T08:41:13.238220,PH,False,850.88,0,0,-2.5,1.12,True,LOST_20_SMA
2026-06-03T08:41:13.571097,PLTR,False,144.98,0,0,6.67,2.47,False,ACCELERATION_DECAY
2026-06-03T08:41:13.919892,PWR,False,721.08,0,0,-6.55,0.22,True,LOST_20_SMA
2026-06-03T08:41:14.260037,PYPL,False,42.59,0,0,-8.39,3.24,True,LOST_20_SMA
2026-06-03T08:41:14.606162,QCOM,False,248.94,0,0,33.44,-9.59,True,ACCELERATION_DECAY
2026-06-03T08:41:15.039093,RBLX,False,42.96,0,0,-2.45,2.95,True,LOST_20_SMA
2026-06-03T08:41:15.454328,REGN,False,618.16,0,0,-11.98,3.01,True,LOST_20_SMA
2026-06-03T08:41:15.789280,RKLB,False,114.4,0,0,45.25,-8.3,True,LOST_20_SMA
2026-06-03T08:41:16.131067,RTX,False,175.79,0,0,1.69,0.9,False,ACCELERATION_DECAY
2026-06-03T08:41:16.464856,SCHW,False,86.29,0,0,-6.61,-2.38,True,LOST_20_SMA
2026-06-03T08:41:16.810769,SHOP,False,113.93,0,0,5.85,14.12,False,ACCELERATION_DECAY
2026-06-03T08:41:17.145543,SLB,False,56.62,0,0,1.11,-0.56,True,ACCELERATION_DECAY
2026-06-03T08:41:17.491858,SNOW,False,247.45,0,0,74.62,-6.47,False,ACCELERATION_DECAY
2026-06-03T08:41:17.822147,SNPS,False,494.48,0,0,-1.6,-3.78,True,LOST_20_SMA
2026-06-03T08:41:18.157846,SOFI,False,16.71,0,0,4.31,-5.2,True,ACCELERATION_DECAY
2026-06-03T08:41:18.512926,SPGI,False,408.17,0,0,-3.7,-1.99,True,LOST_20_SMA
2026-06-03T08:41:18.859400,SYK,False,293.0,0,0,-0.76,-1.59,True,LOST_20_SMA
2026-06-03T08:41:19.235141,TMO,False,473.32,0,0,1.41,-2.81,True,ACCELERATION_DECAY
2026-06-03T08:41:19.573390,TSLA,False,430.4,0,0,10.54,2.58,False,ACCELERATION_DECAY
2026-06-03T08:41:19.909156,TT,False,470.49,0,0,-1.46,4.21,True,MOMENTUM_FAILURE
2026-06-03T08:41:20.364028,TTWO,False,216.14,0,0,-3.12,-1.88,True,LOST_20_SMA
2026-06-03T08:41:20.708107,UBER,False,70.96,0,0,-2.73,0.4,True,LOST_20_SMA
2026-06-03T08:41:21.060249,UNH,False,383.39,0,0,5.36,3.43,False,ACCELERATION_DECAY
2026-06-03T08:41:21.395951,URI,False,1028.94,0,0,10.17,2.65,False,ACCELERATION_DECAY
2026-06-03T08:41:21.737720,V,False,310.16,0,0,-3.69,-0.77,True,LOST_20_SMA
2026-06-03T08:41:22.091852,VLO,False,263.76,0,0,4.07,1.43,False,ACCELERATION_DECAY
2026-06-03T08:41:22.433393,VRSN,False,297.16,0,0,7.76,-0.73,True,ACCELERATION_DECAY
2026-06-03T08:41:22.780901,VRTX,False,425.77,0,0,0.33,1.44,True,LOST_20_SMA
2026-06-03T08:41:23.211018,WMT,False,116.34,0,0,-11.05,2.2,True,LOST_20_SMA
2026-06-03T08:41:23.566388,XOM,False,153.55,0,0,-0.86,1.83,True,MOMENTUM_FAILURE
2026-06-03T08:41:23.910702,ZS,False,136.17,0,0,-3.67,-5.04,True,LOST_20_SMA
2026-06-03T08:46:24.427329,AAPL,False,311.94,0,0,9.77,-4.09,True,ACCELERATION_DECAY
2026-06-03T08:46:24.833955,ABBV,False,218.42,0,0,5.97,2.49,False,ACCELERATION_DECAY
2026-06-03T08:46:25.208520,ABNB,False,133.4,0,0,-4.53,-1.28,True,LOST_20_SMA
2026-06-03T08:46:25.541024,ADBE,False,255.4,0,0,-0.09,-3.3,True,MOMENTUM_FAILURE
2026-06-03T08:46:25.876555,ADSK,False,231.1,0,0,-7.35,-2.95,True,LOST_20_SMA
2026-06-03T08:46:26.557359,AMD,False,532.91,0,0,50.01,-2.7,True,ACCELERATION_DECAY
2026-06-03T08:46:26.905787,AMZN,False,250.4,0,0,-8.46,-2.75,True,LOST_20_SMA
2026-06-03T08:46:27.247759,ANET,False,176.68,0,0,3.8,2.23,False,ACCELERATION_DECAY
2026-06-03T08:46:27.583384,APO,False,125.53,0,0,-3.66,-3.33,True,LOST_20_SMA
2026-06-03T08:46:27.976783,APP,False,573.13,0,0,19.87,-7.63,True,ACCELERATION_DECAY
2026-06-03T08:46:28.346660,ARES,False,122.7,0,0,-0.21,-7.13,True,LOST_20_SMA
2026-06-03T08:46:29.039197,ASML,False,1728.9,0,0,19.82,-3.2,True,ACCELERATION_DECAY
2026-06-03T08:46:29.378427,AXP,False,302.67,0,0,-4.2,-1.62,True,LOST_20_SMA
2026-06-03T08:46:29.720658,BA,False,214.27,0,0,-4.51,-2.88,True,LOST_20_SMA
2026-06-03T08:46:30.417786,BKNG,False,165.61,0,0,-1.21,-2.19,True,MOMENTUM_FAILURE
2026-06-03T08:46:30.755702,BLK,False,987.71,0,0,-5.83,-2.67,True,LOST_20_SMA
2026-06-03T08:46:31.098419,BSX,False,47.25,0,0,-15.59,0.54,True,LOST_20_SMA
2026-06-03T08:46:31.440544,BX,False,110.58,0,0,-9.89,-3.25,True,LOST_20_SMA
2026-06-03T08:46:31.778073,CAT,False,934.17,0,0,3.27,-0.73,True,ACCELERATION_DECAY
2026-06-03T08:46:32.111977,CAVA,False,70.06,0,0,-22.45,-3.67,True,LOST_20_SMA
2026-06-03T08:46:32.448183,CDNS,False,404.28,0,0,14.32,-4.81,True,ACCELERATION_DECAY
2026-06-03T08:46:32.803585,CELH,False,29.79,0,0,-11.13,-2.1,True,LOST_20_SMA
2026-06-03T08:46:33.211034,CME,False,251.53,0,0,-12.3,1.39,True,LOST_20_SMA
2026-06-03T08:46:33.589412,CMG,False,28.64,0,0,-11.36,-2.85,True,LOST_20_SMA
2026-06-03T08:46:33.978946,COIN,False,166.04,0,0,-16.04,-1.75,True,LOST_20_SMA
2026-06-03T08:46:34.319554,COP,False,118.55,0,0,-3.87,2.57,True,MOMENTUM_FAILURE
2026-06-03T08:46:34.666431,COST,False,958.65,0,0,-5.68,0.09,True,LOST_20_SMA
2026-06-03T08:46:34.994845,CRM,False,191.76,0,0,2.55,-5.73,True,ACCELERATION_DECAY
2026-06-03T08:46:35.347028,CRWD,False,757.88,0,0,59.04,-4.83,True,ACCELERATION_DECAY
2026-06-03T08:46:35.696068,CVX,False,190.25,0,0,-1.24,1.22,True,MOMENTUM_FAILURE
2026-06-03T08:46:36.049132,DDOG,False,248.11,0,0,70.25,-13.22,True,ACCELERATION_DECAY
2026-06-03T08:46:36.411875,DE,False,592.0,0,0,2.82,2.67,False,ACCELERATION_DECAY
2026-06-03T08:46:36.796163,DELL,False,422.99,0,0,95.54,-10.15,True,ACCELERATION_DECAY
2026-06-03T08:46:37.162706,DHR,False,176.56,0,0,1.11,-0.08,False,ACCELERATION_DECAY
2026-06-03T08:46:37.495713,DUOL,False,106.65,0,0,2.52,2.77,True,LOST_20_SMA
2026-06-03T08:46:37.852579,EOG,False,141.64,0,0,0.58,2.72,False,ACCELERATION_DECAY
2026-06-03T08:46:38.260841,ETN,False,426.32,0,0,3.76,4.9,False,ACCELERATION_DECAY
2026-06-03T08:46:38.935948,FICO,False,1155.71,0,0,8.39,-9.69,True,LOST_20_SMA
2026-06-03T08:46:39.281560,FTNT,False,148.28,0,0,64.9,-1.91,True,ACCELERATION_DECAY
2026-06-03T08:46:39.635524,GD,False,340.03,0,0,-2.61,0.67,True,MOMENTUM_FAILURE
2026-06-03T08:46:39.978634,GE,False,316.11,0,0,10.27,-3.0,True,ACCELERATION_DECAY
2026-06-03T08:46:40.337029,GOOG,False,355.52,0,0,-7.48,-1.88,True,LOST_20_SMA
2026-06-03T08:46:40.682137,GOOGL,False,359.18,0,0,-7.53,-1.95,True,LOST_20_SMA
2026-06-03T08:46:41.015876,GS,False,1037.33,0,0,12.89,-4.97,True,ACCELERATION_DECAY
2026-06-03T08:46:41.350325,HD,False,312.04,0,0,-1.07,-0.78,True,MOMENTUM_FAILURE
2026-06-03T08:46:41.723743,HIMS,False,26.44,0,0,0.42,-0.46,True,ACCELERATION_DECAY
2026-06-03T08:46:42.064377,HON,False,237.35,0,0,13.53,1.3,False,ACCELERATION_DECAY
2026-06-03T08:46:42.404090,HOOD,False,83.45,0,0,8.33,-6.83,True,ACCELERATION_DECAY
2026-06-03T08:46:42.741645,ICE,False,139.12,0,0,-10.41,-1.42,True,LOST_20_SMA
2026-06-03T08:46:43.128526,INTC,False,113.16,0,0,4.63,-8.05,True,LOST_20_SMA
2026-06-03T08:46:43.494696,INTU,False,312.22,0,0,-21.62,-0.77,True,LOST_20_SMA
2026-06-03T08:46:43.876005,ISRG,False,399.89,0,0,-11.41,-0.34,True,LOST_20_SMA
2026-06-03T08:46:44.230056,JPM,False,297.47,0,0,-3.86,-1.68,True,LOST_20_SMA
2026-06-03T08:46:44.578302,KKR,False,90.52,0,0,-11.25,-2.66,True,LOST_20_SMA
2026-06-03T08:46:44.921481,KLAC,False,2092.86,0,0,20.77,1.4,False,ACCELERATION_DECAY
2026-06-03T08:46:45.320108,LIN,False,509.42,0,0,1.82,1.35,False,ACCELERATION_DECAY
2026-06-03T08:46:45.661848,LLY,False,1083.7,0,0,9.59,-0.35,False,ACCELERATION_DECAY
2026-06-03T08:46:46.013933,LMT,False,522.99,0,0,2.76,3.67,False,ACCELERATION_DECAY
2026-06-03T08:46:46.402858,LRCX,False,341.82,0,0,23.94,-5.39,True,ACCELERATION_DECAY
2026-06-03T08:46:46.748286,LULU,False,124.45,0,0,-4.42,-2.48,True,LOST_20_SMA
2026-06-03T08:46:47.097747,MA,False,465.29,0,0,-6.4,-1.03,True,LOST_20_SMA
2026-06-03T08:46:47.433258,MCD,False,274.97,0,0,-3.58,-0.85,True,LOST_20_SMA
2026-06-03T08:46:47.767822,MCO,False,444.61,0,0,-2.19,-3.09,True,MOMENTUM_FAILURE
2026-06-03T08:46:48.172319,MDB,False,372.52,0,0,39.69,-10.85,True,ACCELERATION_DECAY
2026-06-03T08:46:48.539116,META,False,615.82,0,0,1.8,3.89,False,ACCELERATION_DECAY
2026-06-03T08:46:48.878241,MPC,False,270.31,0,0,3.76,-0.4,False,ACCELERATION_DECAY
2026-06-03T08:46:49.224627,MS,False,209.81,0,0,10.86,-3.48,True,ACCELERATION_DECAY
2026-06-03T08:46:49.565956,MSFT,False,427.27,0,0,3.86,-2.83,True,ACCELERATION_DECAY
2026-06-03T08:46:49.901141,MU,False,1066.0,0,0,66.51,-18.08,True,ACCELERATION_DECAY
2026-06-03T08:46:50.237576,NET,False,263.16,0,0,7.66,-13.97,True,ACCELERATION_DECAY
2026-06-03T08:46:50.580935,NFLX,False,81.46,0,0,-7.32,1.13,True,LOST_20_SMA
2026-06-03T08:46:50.932835,NOC,False,535.02,0,0,-4.22,1.14,True,LOST_20_SMA
2026-06-03T08:46:51.269090,NOW,False,120.66,0,0,31.14,-7.66,True,ACCELERATION_DECAY
2026-06-03T08:46:51.622153,NUE,False,260.88,0,0,12.41,-2.04,True,ACCELERATION_DECAY
2026-06-03T08:46:51.958370,NVDA,False,216.75,0,0,10.31,-1.96,True,LOST_20_SMA
2026-06-03T08:46:52.305216,ODFL,False,234.08,0,0,19.38,0.18,False,ACCELERATION_DECAY
2026-06-03T08:46:52.643133,ORCL,False,231.81,0,0,25.07,-10.59,True,ACCELERATION_DECAY
2026-06-03T08:46:52.995850,PANW,False,284.0,0,0,54.36,-6.66,True,ACCELERATION_DECAY
2026-06-03T08:46:53.367697,PH,False,852.44,0,0,-2.32,1.3,True,LOST_20_SMA
2026-06-03T08:46:53.753181,PLTR,False,144.93,0,0,6.64,2.43,False,ACCELERATION_DECAY
2026-06-03T08:46:54.105981,PWR,False,723.1,0,0,-6.29,0.48,True,LOST_20_SMA
2026-06-03T08:46:54.438208,PYPL,False,42.56,0,0,-8.45,3.18,True,LOST_20_SMA
2026-06-03T08:46:54.783578,QCOM,False,250.5,0,0,34.28,-8.75,True,ACCELERATION_DECAY
2026-06-03T08:46:55.204708,RBLX,False,42.94,0,0,-2.5,2.9,True,LOST_20_SMA
2026-06-03T08:46:55.542707,REGN,False,617.94,0,0,-12.01,2.98,True,LOST_20_SMA
2026-06-03T08:46:55.887536,RKLB,False,115.23,0,0,46.31,-7.25,True,LOST_20_SMA
2026-06-03T08:46:56.225526,RTX,False,175.81,0,0,1.7,0.91,False,ACCELERATION_DECAY
2026-06-03T08:46:56.559594,SCHW,False,86.21,0,0,-6.7,-2.47,True,LOST_20_SMA
2026-06-03T08:46:56.890666,SHOP,False,113.91,0,0,5.83,14.1,False,ACCELERATION_DECAY
2026-06-03T08:46:57.247149,SLB,False,56.71,0,0,1.27,-0.4,True,ACCELERATION_DECAY
2026-06-03T08:46:57.586852,SNOW,False,248.04,0,0,75.03,-6.05,False,ACCELERATION_DECAY
2026-06-03T08:46:57.926286,SNPS,False,493.58,0,0,-1.78,-3.96,True,LOST_20_SMA
2026-06-03T08:46:58.318499,SOFI,False,16.72,0,0,4.37,-5.14,True,ACCELERATION_DECAY
2026-06-03T08:46:58.673782,SPGI,False,407.69,0,0,-3.82,-2.1,True,LOST_20_SMA
2026-06-03T08:46:59.008783,SYK,False,292.6,0,0,-0.9,-1.73,True,LOST_20_SMA
2026-06-03T08:46:59.378037,TMO,False,472.78,0,0,1.29,-2.92,True,ACCELERATION_DECAY
2026-06-03T08:46:59.717067,TSLA,False,429.95,0,0,10.42,2.47,False,ACCELERATION_DECAY
2026-06-03T08:47:00.059029,TT,False,470.73,0,0,-1.41,4.26,True,MOMENTUM_FAILURE
2026-06-03T08:47:00.401850,TTWO,False,215.6,0,0,-3.37,-2.12,True,LOST_20_SMA
2026-06-03T08:47:00.746219,UBER,False,70.73,0,0,-3.04,0.08,True,LOST_20_SMA
2026-06-03T08:47:01.093674,UNH,False,383.39,0,0,5.36,3.43,False,ACCELERATION_DECAY
2026-06-03T08:47:01.438472,URI,False,1032.54,0,0,10.56,3.03,False,ACCELERATION_DECAY
2026-06-03T08:47:01.773681,V,False,309.65,0,0,-3.84,-0.93,True,LOST_20_SMA
2026-06-03T08:47:02.142111,VLO,False,264.08,0,0,4.19,1.56,False,ACCELERATION_DECAY
2026-06-03T08:47:02.495515,VRSN,False,297.18,0,0,7.76,-0.72,True,ACCELERATION_DECAY
2026-06-03T08:47:02.833615,VRTX,False,424.47,0,0,0.03,1.13,True,LOST_20_SMA
2026-06-03T08:47:03.281600,WMT,False,116.08,0,0,-11.25,2.0,True,LOST_20_SMA
2026-06-03T08:47:03.687641,XOM,False,153.45,0,0,-0.92,1.76,True,MOMENTUM_FAILURE
2026-06-03T08:47:04.064768,ZS,False,136.04,0,0,-3.76,-5.13,True,LOST_20_SMA
2026-06-03T08:52:04.542873,AAPL,False,311.22,0,0,9.52,-4.35,True,ACCELERATION_DECAY
2026-06-03T08:52:04.883325,ABBV,False,218.61,0,0,6.06,2.59,False,ACCELERATION_DECAY
2026-06-03T08:52:05.301492,ABNB,False,133.29,0,0,-4.61,-1.36,True,LOST_20_SMA
2026-06-03T08:52:05.629406,ADBE,False,255.77,0,0,0.06,-3.15,True,ACCELERATION_DECAY
2026-06-03T08:52:05.970462,ADSK,False,231.39,0,0,-7.23,-2.84,True,LOST_20_SMA
2026-06-03T08:52:06.765035,AMD,False,536.6,0,0,51.04,-1.66,True,ACCELERATION_DECAY
2026-06-03T08:52:07.107098,AMZN,False,249.91,0,0,-8.64,-2.93,True,LOST_20_SMA
2026-06-03T08:52:07.446624,ANET,False,176.06,0,0,3.43,1.86,False,ACCELERATION_DECAY
2026-06-03T08:52:07.784113,APO,False,125.62,0,0,-3.59,-3.26,True,LOST_20_SMA
2026-06-03T08:52:08.130186,APP,False,574.14,0,0,20.09,-7.42,True,ACCELERATION_DECAY
2026-06-03T08:52:08.475472,ARES,False,121.86,0,0,-0.89,-7.81,True,LOST_20_SMA
2026-06-03T08:52:09.154456,ASML,False,1722.85,0,0,19.4,-3.62,True,ACCELERATION_DECAY
2026-06-03T08:52:09.500950,AXP,False,302.17,0,0,-4.36,-1.78,True,LOST_20_SMA
2026-06-03T08:52:09.842785,BA,False,214.43,0,0,-4.43,-2.81,True,LOST_20_SMA
2026-06-03T08:52:10.520429,BKNG,False,165.63,0,0,-1.19,-2.18,True,MOMENTUM_FAILURE
2026-06-03T08:52:10.855448,BLK,False,986.21,0,0,-5.98,-2.81,True,LOST_20_SMA
2026-06-03T08:52:11.209450,BSX,False,47.22,0,0,-15.65,0.48,True,LOST_20_SMA
2026-06-03T08:52:11.546777,BX,False,110.36,0,0,-10.07,-3.43,True,LOST_20_SMA
2026-06-03T08:52:12.096839,CAT,False,932.98,0,0,3.14,-0.87,True,ACCELERATION_DECAY
2026-06-03T08:52:12.427104,CAVA,False,70.17,0,0,-22.33,-3.55,True,LOST_20_SMA
2026-06-03T08:52:12.757168,CDNS,False,402.61,0,0,13.85,-5.28,True,ACCELERATION_DECAY
2026-06-03T08:52:13.096712,CELH,False,29.84,0,0,-10.98,-1.95,True,LOST_20_SMA
2026-06-03T08:52:13.431871,CME,False,252.16,0,0,-12.08,1.61,True,LOST_20_SMA
2026-06-03T08:52:13.767892,CMG,False,28.66,0,0,-11.3,-2.79,True,LOST_20_SMA
2026-06-03T08:52:14.096839,COIN,False,165.46,0,0,-16.33,-2.04,True,LOST_20_SMA
2026-06-03T08:52:14.439834,COP,False,118.78,0,0,-3.68,2.76,True,MOMENTUM_FAILURE
2026-06-03T08:52:14.784279,COST,False,959.54,0,0,-5.6,0.18,True,LOST_20_SMA
2026-06-03T08:52:15.243922,CRM,False,191.71,0,0,2.52,-5.76,True,ACCELERATION_DECAY
2026-06-03T08:52:15.576349,CRWD,False,757.5,0,0,58.96,-4.91,True,ACCELERATION_DECAY
2026-06-03T08:52:15.916411,CVX,False,190.52,0,0,-1.1,1.36,True,MOMENTUM_FAILURE
2026-06-03T08:52:16.311410,DDOG,False,247.37,0,0,69.75,-13.72,True,ACCELERATION_DECAY
2026-06-03T08:52:16.675051,DE,False,590.76,0,0,2.6,2.45,False,ACCELERATION_DECAY
2026-06-03T08:52:17.191244,DELL,False,422.12,0,0,95.14,-10.55,True,ACCELERATION_DECAY
2026-06-03T08:52:17.617968,DHR,False,176.77,0,0,1.23,0.04,False,ACCELERATION_DECAY
2026-06-03T08:52:17.947956,DUOL,False,106.14,0,0,2.03,2.28,True,LOST_20_SMA
2026-06-03T08:52:18.282449,EOG,False,141.84,0,0,0.72,2.86,False,ACCELERATION_DECAY
2026-06-03T08:52:18.626708,ETN,False,424.52,0,0,3.32,4.47,False,ACCELERATION_DECAY
2026-06-03T08:52:19.306574,FICO,False,1158.21,0,0,8.62,-9.46,True,LOST_20_SMA
2026-06-03T08:52:19.639162,FTNT,False,148.33,0,0,64.96,-1.85,False,ACCELERATION_DECAY
2026-06-03T08:52:19.983123,GD,False,340.21,0,0,-2.56,0.72,True,MOMENTUM_FAILURE
2026-06-03T08:52:20.344695,GE,False,316.52,0,0,10.41,-2.85,True,ACCELERATION_DECAY
2026-06-03T08:52:20.673258,GOOG,False,355.45,0,0,-7.5,-1.9,True,LOST_20_SMA
2026-06-03T08:52:21.013838,GOOGL,False,359.12,0,0,-7.55,-1.96,True,LOST_20_SMA
2026-06-03T08:52:21.450537,GS,False,1035.59,0,0,12.7,-5.16,True,ACCELERATION_DECAY
2026-06-03T08:52:21.823625,HD,False,312.02,0,0,-1.08,-0.79,True,MOMENTUM_FAILURE
2026-06-03T08:52:22.177553,HIMS,False,26.43,0,0,0.38,-0.5,True,ACCELERATION_DECAY
2026-06-03T08:52:22.516655,HON,False,236.52,0,0,13.13,0.9,False,ACCELERATION_DECAY
2026-06-03T08:52:22.860829,HOOD,False,83.31,0,0,8.15,-7.01,True,ACCELERATION_DECAY
2026-06-03T08:52:23.195422,ICE,False,139.21,0,0,-10.35,-1.36,True,LOST_20_SMA
2026-06-03T08:52:23.541718,INTC,False,113.27,0,0,4.73,-7.95,True,LOST_20_SMA
2026-06-03T08:52:23.879035,INTU,False,312.66,0,0,-21.51,-0.66,True,LOST_20_SMA
2026-06-03T08:52:24.207072,ISRG,False,399.86,0,0,-11.41,-0.35,True,LOST_20_SMA
2026-06-03T08:52:24.539788,JPM,False,297.19,0,0,-3.95,-1.77,True,LOST_20_SMA
2026-06-03T08:52:24.888928,KKR,False,90.45,0,0,-11.32,-2.73,True,LOST_20_SMA
2026-06-03T08:52:25.226948,KLAC,False,2088.61,0,0,20.53,1.16,False,ACCELERATION_DECAY
2026-06-03T08:52:25.567262,LIN,False,509.64,0,0,1.87,1.39,False,ACCELERATION_DECAY
2026-06-03T08:52:25.902347,LLY,False,1085.83,0,0,9.81,-0.14,False,ACCELERATION_DECAY
2026-06-03T08:52:26.221206,LMT,False,523.41,0,0,2.85,3.76,False,ACCELERATION_DECAY
2026-06-03T08:52:26.576806,LRCX,False,340.71,0,0,23.54,-5.8,True,ACCELERATION_DECAY
2026-06-03T08:52:27.079174,LULU,False,124.55,0,0,-4.35,-2.4,True,LOST_20_SMA
2026-06-03T08:52:27.414683,MA,False,465.0,0,0,-6.45,-1.09,True,LOST_20_SMA
2026-06-03T08:52:27.768018,MCD,False,275.26,0,0,-3.48,-0.75,True,LOST_20_SMA
2026-06-03T08:52:28.115496,MCO,False,444.94,0,0,-2.11,-3.01,True,MOMENTUM_FAILURE
2026-06-03T08:52:28.454075,MDB,False,373.1,0,0,39.91,-10.63,True,ACCELERATION_DECAY
2026-06-03T08:52:28.785235,META,False,614.8,0,0,1.63,3.72,False,ACCELERATION_DECAY
2026-06-03T08:52:29.169516,MPC,False,270.53,0,0,3.85,-0.32,False,ACCELERATION_DECAY
2026-06-03T08:52:29.513997,MS,False,209.49,0,0,10.69,-3.65,True,ACCELERATION_DECAY
2026-06-03T08:52:29.848600,MSFT,False,426.88,0,0,3.77,-2.93,True,ACCELERATION_DECAY
2026-06-03T08:52:30.196543,MU,False,1066.62,0,0,66.61,-17.99,True,ACCELERATION_DECAY
2026-06-03T08:52:30.527115,NET,False,262.63,0,0,7.45,-14.19,True,ACCELERATION_DECAY
2026-06-03T08:52:30.860374,NFLX,False,81.44,0,0,-7.34,1.11,True,LOST_20_SMA
2026-06-03T08:52:31.205684,NOC,False,535.66,0,0,-4.11,1.26,True,LOST_20_SMA
2026-06-03T08:52:31.539737,NOW,False,120.7,0,0,31.18,-7.61,True,ACCELERATION_DECAY
2026-06-03T08:52:31.893827,NUE,False,260.08,0,0,12.07,-2.39,True,ACCELERATION_DECAY
2026-06-03T08:52:32.260249,NVDA,False,216.22,0,0,10.04,-2.23,True,LOST_20_SMA
2026-06-03T08:52:32.594814,ODFL,False,233.38,0,0,19.02,-0.18,True,ACCELERATION_DECAY
2026-06-03T08:52:32.933884,ORCL,False,231.31,0,0,24.8,-10.86,True,ACCELERATION_DECAY
2026-06-03T08:52:33.282408,PANW,False,284.3,0,0,54.53,-6.49,True,ACCELERATION_DECAY
2026-06-03T08:52:33.618506,PH,False,852.88,0,0,-2.27,1.35,True,LOST_20_SMA
2026-06-03T08:52:33.965590,PLTR,False,144.19,0,0,6.09,1.89,False,ACCELERATION_DECAY
2026-06-03T08:52:34.297703,PWR,False,722.88,0,0,-6.32,0.46,True,LOST_20_SMA
2026-06-03T08:52:34.629152,PYPL,False,42.48,0,0,-8.63,3.0,True,LOST_20_SMA
2026-06-03T08:52:34.971038,QCOM,False,250.88,0,0,34.48,-8.55,True,ACCELERATION_DECAY
2026-06-03T08:52:35.379331,RBLX,False,43.06,0,0,-2.23,3.18,True,LOST_20_SMA
2026-06-03T08:52:35.709166,REGN,False,618.04,0,0,-11.99,2.99,True,LOST_20_SMA
2026-06-03T08:52:36.040305,RKLB,False,115.47,0,0,46.61,-6.95,True,LOST_20_SMA
2026-06-03T08:52:36.392474,RTX,False,175.92,0,0,1.76,0.98,False,ACCELERATION_DECAY
2026-06-03T08:52:36.754572,SCHW,False,86.62,0,0,-6.26,-2.02,True,LOST_20_SMA
2026-06-03T08:52:37.198127,SHOP,False,113.72,0,0,5.66,13.92,False,ACCELERATION_DECAY
2026-06-03T08:52:37.544108,SLB,False,56.8,0,0,1.43,-0.24,True,ACCELERATION_DECAY
2026-06-03T08:52:37.885249,SNOW,False,247.97,0,0,74.98,-6.1,False,ACCELERATION_DECAY
2026-06-03T08:52:38.219561,SNPS,False,493.06,0,0,-1.88,-4.06,True,LOST_20_SMA
2026-06-03T08:52:38.549720,SOFI,False,16.69,0,0,4.18,-5.32,True,ACCELERATION_DECAY
2026-06-03T08:52:38.884232,SPGI,False,408.14,0,0,-3.71,-1.99,True,LOST_20_SMA
2026-06-03T08:52:39.217150,SYK,False,292.85,0,0,-0.81,-1.64,True,LOST_20_SMA
2026-06-03T08:52:39.555850,TMO,False,473.01,0,0,1.34,-2.87,True,ACCELERATION_DECAY
2026-06-03T08:52:39.884479,TSLA,False,427.28,0,0,9.74,1.78,False,ACCELERATION_DECAY
2026-06-03T08:52:40.228018,TT,False,469.45,0,0,-1.68,3.99,True,MOMENTUM_FAILURE
2026-06-03T08:52:40.561050,TTWO,False,215.75,0,0,-3.3,-2.06,True,LOST_20_SMA
2026-06-03T08:52:40.903547,UBER,False,70.74,0,0,-3.03,0.1,True,LOST_20_SMA
2026-06-03T08:52:41.220606,UNH,False,384.0,0,0,5.53,3.6,False,ACCELERATION_DECAY
2026-06-03T08:52:41.551575,URI,False,1031.57,0,0,10.45,2.93,False,ACCELERATION_DECAY
2026-06-03T08:52:42.253290,V,False,309.31,0,0,-3.95,-1.03,True,LOST_20_SMA
2026-06-03T08:52:42.587559,VLO,False,264.34,0,0,4.3,1.66,False,ACCELERATION_DECAY
2026-06-03T08:52:42.920906,VRSN,False,297.63,0,0,7.93,-0.56,True,ACCELERATION_DECAY
2026-06-03T08:52:43.257111,VRTX,False,425.12,0,0,0.18,1.29,True,LOST_20_SMA
2026-06-03T08:52:43.673930,WMT,False,116.25,0,0,-11.12,2.13,True,LOST_20_SMA
2026-06-03T08:52:44.009226,XOM,False,153.91,0,0,-0.63,2.06,True,MOMENTUM_FAILURE
2026-06-03T08:52:44.346376,ZS,False,136.0,0,0,-3.79,-5.16,True,LOST_20_SMA
2026-06-03T08:57:44.861524,AAPL,False,311.36,0,0,9.56,-4.3,True,ACCELERATION_DECAY
2026-06-03T08:57:45.265955,ABBV,False,218.53,0,0,6.03,2.55,False,ACCELERATION_DECAY
2026-06-03T08:57:45.647255,ABNB,False,133.31,0,0,-4.59,-1.35,True,LOST_20_SMA
2026-06-03T08:57:45.985215,ADBE,False,255.05,0,0,-0.22,-3.43,True,MOMENTUM_FAILURE
2026-06-03T08:57:46.317988,ADSK,False,230.36,0,0,-7.65,-3.25,True,LOST_20_SMA
2026-06-03T08:57:47.003947,AMD,False,532.33,0,0,49.84,-2.86,True,ACCELERATION_DECAY
2026-06-03T08:57:47.349226,AMZN,False,249.9,0,0,-8.65,-2.94,True,LOST_20_SMA
2026-06-03T08:57:47.692069,ANET,False,175.54,0,0,3.13,1.56,False,ACCELERATION_DECAY
2026-06-03T08:57:48.070238,APO,False,125.35,0,0,-3.8,-3.47,True,LOST_20_SMA
2026-06-03T08:57:48.413269,APP,False,573.32,0,0,19.91,-7.59,True,ACCELERATION_DECAY
2026-06-03T08:57:48.762182,ARES,False,121.91,0,0,-0.85,-7.77,True,LOST_20_SMA
2026-06-03T08:57:49.442785,ASML,False,1717.52,0,0,19.03,-3.99,True,ACCELERATION_DECAY
2026-06-03T08:57:49.802921,AXP,False,301.94,0,0,-4.43,-1.85,True,LOST_20_SMA
2026-06-03T08:57:50.160622,BA,False,214.5,0,0,-4.4,-2.78,True,LOST_20_SMA
2026-06-03T08:57:50.914085,BKNG,False,165.53,0,0,-1.25,-2.24,True,MOMENTUM_FAILURE
2026-06-03T08:57:51.260339,BLK,False,986.17,0,0,-5.98,-2.82,True,LOST_20_SMA
2026-06-03T08:57:51.598251,BSX,False,47.3,0,0,-15.51,0.62,True,LOST_20_SMA
2026-06-03T08:57:51.942792,BX,False,109.81,0,0,-10.52,-3.87,True,LOST_20_SMA
2026-06-03T08:57:52.292060,CAT,False,932.19,0,0,3.05,-0.95,True,ACCELERATION_DECAY
2026-06-03T08:57:52.633417,CAVA,False,70.2,0,0,-22.29,-3.51,True,LOST_20_SMA
2026-06-03T08:57:52.991537,CDNS,False,402.0,0,0,13.68,-5.46,True,ACCELERATION_DECAY
2026-06-03T08:57:53.330237,CELH,False,29.85,0,0,-10.95,-1.92,True,LOST_20_SMA
2026-06-03T08:57:53.677886,CME,False,252.4,0,0,-12.0,1.7,True,LOST_20_SMA
2026-06-03T08:57:54.022875,CMG,False,28.63,0,0,-11.39,-2.88,True,LOST_20_SMA
2026-06-03T08:57:54.360452,COIN,False,165.41,0,0,-16.35,-2.07,True,LOST_20_SMA
2026-06-03T08:57:54.728818,COP,False,118.94,0,0,-3.55,2.88,True,MOMENTUM_FAILURE
2026-06-03T08:57:55.206147,COST,False,961.77,0,0,-5.38,0.4,True,LOST_20_SMA
2026-06-03T08:57:55.638551,CRM,False,191.13,0,0,2.21,-6.07,True,ACCELERATION_DECAY
2026-06-03T08:57:55.985888,CRWD,False,754.12,0,0,58.25,-5.62,True,ACCELERATION_DECAY
2026-06-03T08:57:56.340504,CVX,False,190.91,0,0,-0.9,1.56,True,MOMENTUM_FAILURE
2026-06-03T08:57:56.679518,DDOG,False,246.52,0,0,69.16,-14.31,True,ACCELERATION_DECAY
2026-06-03T08:57:57.034800,DE,False,590.34,0,0,2.53,2.38,False,ACCELERATION_DECAY
2026-06-03T08:57:57.374568,DELL,False,418.4,0,0,93.42,-12.27,True,ACCELERATION_DECAY
2026-06-03T08:57:57.725936,DHR,False,176.67,0,0,1.17,-0.02,False,ACCELERATION_DECAY
2026-06-03T08:57:58.065209,DUOL,False,105.87,0,0,1.77,2.02,True,LOST_20_SMA
2026-06-03T08:57:58.406321,EOG,False,142.1,0,0,0.91,3.05,False,ACCELERATION_DECAY
2026-06-03T08:57:58.760603,ETN,False,423.12,0,0,2.98,4.12,False,ACCELERATION_DECAY
2026-06-03T08:57:59.442891,FICO,False,1157.06,0,0,8.51,-9.56,True,LOST_20_SMA
2026-06-03T08:57:59.790671,FTNT,False,147.64,0,0,64.19,-2.62,True,ACCELERATION_DECAY
2026-06-03T08:58:00.156909,GD,False,340.5,0,0,-2.48,0.81,True,MOMENTUM_FAILURE
2026-06-03T08:58:00.516868,GE,False,316.62,0,0,10.44,-2.82,True,ACCELERATION_DECAY
2026-06-03T08:58:00.850247,GOOG,False,355.9,0,0,-7.38,-1.79,True,LOST_20_SMA
2026-06-03T08:58:01.190855,GOOGL,False,359.61,0,0,-7.42,-1.84,True,LOST_20_SMA
2026-06-03T08:58:01.537968,GS,False,1037.83,0,0,12.94,-4.91,True,ACCELERATION_DECAY
2026-06-03T08:58:01.988808,HD,False,311.39,0,0,-1.28,-0.99,True,MOMENTUM_FAILURE
2026-06-03T08:58:02.331047,HIMS,False,26.26,0,0,-0.27,-1.15,True,MOMENTUM_FAILURE
2026-06-03T08:58:02.699687,HON,False,235.05,0,0,12.43,0.2,False,ACCELERATION_DECAY
2026-06-03T08:58:03.044289,HOOD,False,83.05,0,0,7.82,-7.35,True,ACCELERATION_DECAY
2026-06-03T08:58:03.386718,ICE,False,139.68,0,0,-10.05,-1.06,True,LOST_20_SMA
2026-06-03T08:58:03.728565,INTC,False,112.74,0,0,4.24,-8.44,True,LOST_20_SMA
2026-06-03T08:58:04.088332,INTU,False,312.1,0,0,-21.65,-0.8,True,LOST_20_SMA
2026-06-03T08:58:04.423457,ISRG,False,400.04,0,0,-11.37,-0.31,True,LOST_20_SMA
2026-06-03T08:58:04.764537,JPM,False,297.75,0,0,-3.77,-1.59,True,LOST_20_SMA
2026-06-03T08:58:05.132288,KKR,False,90.57,0,0,-11.21,-2.61,True,LOST_20_SMA
2026-06-03T08:58:05.637455,KLAC,False,2079.87,0,0,20.02,0.65,False,ACCELERATION_DECAY
2026-06-03T08:58:05.993767,LIN,False,510.49,0,0,2.04,1.56,False,ACCELERATION_DECAY
2026-06-03T08:58:06.344624,LLY,False,1086.87,0,0,9.91,-0.03,False,ACCELERATION_DECAY
2026-06-03T08:58:06.688149,LMT,False,524.14,0,0,2.99,3.9,False,ACCELERATION_DECAY
2026-06-03T08:58:07.039111,LRCX,False,339.92,0,0,23.25,-6.08,True,ACCELERATION_DECAY
2026-06-03T08:58:07.373537,LULU,False,124.71,0,0,-4.22,-2.28,True,LOST_20_SMA
2026-06-03T08:58:07.714583,MA,False,464.87,0,0,-6.48,-1.12,True,LOST_20_SMA
2026-06-03T08:58:08.066885,MCD,False,275.21,0,0,-3.49,-0.77,True,LOST_20_SMA
2026-06-03T08:58:08.416642,MCO,False,445.55,0,0,-1.98,-2.88,True,MOMENTUM_FAILURE
2026-06-03T08:58:08.749950,MDB,False,372.74,0,0,39.77,-10.77,True,ACCELERATION_DECAY
2026-06-03T08:58:09.102539,META,False,613.91,0,0,1.48,3.57,False,ACCELERATION_DECAY
2026-06-03T08:58:09.597694,MPC,False,270.75,0,0,3.93,-0.23,False,ACCELERATION_DECAY
2026-06-03T08:58:09.959830,MS,False,209.67,0,0,10.79,-3.56,True,ACCELERATION_DECAY
2026-06-03T08:58:10.318515,MSFT,False,426.71,0,0,3.73,-2.97,True,ACCELERATION_DECAY
2026-06-03T08:58:10.672371,MU,False,1061.64,0,0,65.83,-18.77,True,ACCELERATION_DECAY
2026-06-03T08:58:11.036840,NET,False,261.32,0,0,6.91,-14.72,True,ACCELERATION_DECAY
2026-06-03T08:58:11.378745,NFLX,False,81.39,0,0,-7.4,1.05,True,LOST_20_SMA
2026-06-03T08:58:11.712001,NOC,False,536.36,0,0,-3.98,1.38,True,LOST_20_SMA
2026-06-03T08:58:12.056787,NOW,False,119.93,0,0,30.34,-8.45,True,ACCELERATION_DECAY
2026-06-03T08:58:12.400221,NUE,False,260.0,0,0,12.04,-2.42,True,ACCELERATION_DECAY
2026-06-03T08:58:12.760750,NVDA,False,216.59,0,0,10.22,-2.04,True,LOST_20_SMA
2026-06-03T08:58:13.119546,ODFL,False,233.17,0,0,18.92,-0.29,True,ACCELERATION_DECAY
2026-06-03T08:58:13.467508,ORCL,False,230.54,0,0,24.38,-11.28,True,ACCELERATION_DECAY
2026-06-03T08:58:13.802392,PANW,False,283.73,0,0,54.22,-6.8,True,ACCELERATION_DECAY
2026-06-03T08:58:14.140230,PH,False,852.28,0,0,-2.34,1.28,True,LOST_20_SMA
2026-06-03T08:58:14.486945,PLTR,False,144.08,0,0,6.01,1.81,False,ACCELERATION_DECAY
2026-06-03T08:58:14.827949,PWR,False,720.42,0,0,-6.63,0.14,True,LOST_20_SMA
2026-06-03T08:58:15.193282,PYPL,False,42.57,0,0,-8.43,3.2,True,LOST_20_SMA
2026-06-03T08:58:15.656166,QCOM,False,250.16,0,0,34.1,-8.94,True,ACCELERATION_DECAY
2026-06-03T08:58:15.986703,RBLX,False,43.11,0,0,-2.11,3.29,True,LOST_20_SMA
2026-06-03T08:58:16.338266,REGN,False,619.25,0,0,-11.82,3.17,True,LOST_20_SMA
2026-06-03T08:58:16.686828,RKLB,False,116.09,0,0,47.4,-6.16,True,LOST_20_SMA
2026-06-03T08:58:17.025806,RTX,False,176.15,0,0,1.9,1.11,False,ACCELERATION_DECAY
2026-06-03T08:58:17.362659,SCHW,False,86.79,0,0,-6.07,-1.84,True,LOST_20_SMA
2026-06-03T08:58:17.699656,SHOP,False,113.26,0,0,5.23,13.49,False,ACCELERATION_DECAY
2026-06-03T08:58:18.040842,SLB,False,56.86,0,0,1.54,-0.14,True,ACCELERATION_DECAY
2026-06-03T08:58:18.386769,SNOW,False,246.53,0,0,73.97,-7.12,False,ACCELERATION_DECAY
2026-06-03T08:58:18.734077,SNPS,False,493.66,0,0,-1.76,-3.94,True,LOST_20_SMA
2026-06-03T08:58:19.081239,SOFI,False,16.69,0,0,4.18,-5.32,True,ACCELERATION_DECAY
2026-06-03T08:58:19.424807,SPGI,False,408.77,0,0,-3.56,-1.85,True,LOST_20_SMA
2026-06-03T08:58:19.778748,SYK,False,293.07,0,0,-0.74,-1.57,True,LOST_20_SMA
2026-06-03T08:58:20.135998,TMO,False,472.28,0,0,1.18,-3.03,True,ACCELERATION_DECAY
2026-06-03T08:58:20.495921,TSLA,False,425.84,0,0,9.37,1.41,False,ACCELERATION_DECAY
2026-06-03T08:58:20.851989,TT,False,468.8,0,0,-1.81,3.86,True,MOMENTUM_FAILURE
2026-06-03T08:58:21.191743,TTWO,False,215.5,0,0,-3.41,-2.17,True,LOST_20_SMA
2026-06-03T08:58:21.547336,UBER,False,70.46,0,0,-3.41,-0.29,True,LOST_20_SMA
2026-06-03T08:58:21.885769,UNH,False,383.4,0,0,5.37,3.43,False,ACCELERATION_DECAY
2026-06-03T08:58:22.224806,URI,False,1031.5,0,0,10.44,2.92,False,ACCELERATION_DECAY
2026-06-03T08:58:22.601075,V,False,309.56,0,0,-3.87,-0.96,True,LOST_20_SMA
2026-06-03T08:58:22.954120,VLO,False,263.9,0,0,4.12,1.49,False,ACCELERATION_DECAY
2026-06-03T08:58:23.294439,VRSN,False,296.6,0,0,7.55,-0.93,True,ACCELERATION_DECAY
2026-06-03T08:58:23.641578,VRTX,False,425.06,0,0,0.16,1.27,True,LOST_20_SMA
2026-06-03T08:58:24.075530,WMT,False,116.34,0,0,-11.05,2.2,True,LOST_20_SMA
2026-06-03T08:58:24.438939,XOM,False,154.0,0,0,-0.57,2.12,True,MOMENTUM_FAILURE
2026-06-03T08:58:24.776918,ZS,False,135.22,0,0,-4.34,-5.71,True,LOST_20_SMA
2026-06-03T09:03:25.589590,AAPL,False,311.32,0,0,9.55,-4.31,True,ACCELERATION_DECAY
2026-06-03T09:03:25.925542,ABBV,False,219.01,0,0,6.26,2.78,False,ACCELERATION_DECAY
2026-06-03T09:03:26.266495,ABNB,False,132.97,0,0,-4.84,-1.59,True,LOST_20_SMA
2026-06-03T09:03:26.603544,ADBE,False,254.96,0,0,-0.26,-3.47,True,MOMENTUM_FAILURE
2026-06-03T09:03:26.943452,ADSK,False,230.61,0,0,-7.55,-3.15,True,LOST_20_SMA
2026-06-03T09:03:27.614218,AMD,False,530.96,0,0,49.46,-3.25,True,ACCELERATION_DECAY
2026-06-03T09:03:27.952258,AMZN,False,250.04,0,0,-8.59,-2.89,True,LOST_20_SMA
2026-06-03T09:03:28.293607,ANET,False,174.33,0,0,2.41,0.84,False,ACCELERATION_DECAY
2026-06-03T09:03:28.633596,APO,False,125.37,0,0,-3.78,-3.45,True,LOST_20_SMA
2026-06-03T09:03:29.293316,APP,False,572.2,0,0,19.68,-7.82,True,ACCELERATION_DECAY
2026-06-03T09:03:29.629448,ARES,False,122.15,0,0,-0.66,-7.58,True,LOST_20_SMA
2026-06-03T09:03:30.318878,ASML,False,1716.23,0,0,18.94,-4.08,True,ACCELERATION_DECAY
2026-06-03T09:03:30.659231,AXP,False,302.83,0,0,-4.15,-1.57,True,LOST_20_SMA
2026-06-03T09:03:30.992154,BA,False,214.48,0,0,-4.41,-2.79,True,LOST_20_SMA
2026-06-03T09:03:31.669316,BKNG,False,165.84,0,0,-1.07,-2.05,True,MOMENTUM_FAILURE
2026-06-03T09:03:32.009437,BLK,False,987.17,0,0,-5.89,-2.72,True,LOST_20_SMA
2026-06-03T09:03:32.359654,BSX,False,47.38,0,0,-15.36,0.77,True,LOST_20_SMA
2026-06-03T09:03:32.699176,BX,False,109.82,0,0,-10.51,-3.87,True,LOST_20_SMA
2026-06-03T09:03:33.052820,CAT,False,929.56,0,0,2.76,-1.24,True,ACCELERATION_DECAY
2026-06-03T09:03:33.397311,CAVA,False,70.5,0,0,-21.96,-3.18,True,LOST_20_SMA
2026-06-03T09:03:33.759844,CDNS,False,401.28,0,0,13.47,-5.66,True,ACCELERATION_DECAY
2026-06-03T09:03:34.247164,CELH,False,29.87,0,0,-10.89,-1.86,True,LOST_20_SMA
2026-06-03T09:03:34.583747,CME,False,252.45,0,0,-11.98,1.71,True,LOST_20_SMA
2026-06-03T09:03:34.931406,CMG,False,28.68,0,0,-11.23,-2.73,True,LOST_20_SMA
2026-06-03T09:03:35.271308,COIN,False,165.34,0,0,-16.39,-2.1,True,LOST_20_SMA
2026-06-03T09:03:35.675024,COP,False,119.08,0,0,-3.44,3.0,True,MOMENTUM_FAILURE
2026-06-03T09:03:36.026989,COST,False,961.88,0,0,-5.37,0.41,True,LOST_20_SMA
2026-06-03T09:03:36.365475,CRM,False,190.8,0,0,2.04,-6.24,True,ACCELERATION_DECAY
2026-06-03T09:03:36.699653,CRWD,False,750.14,0,0,57.42,-6.45,True,ACCELERATION_DECAY
2026-06-03T09:03:37.040594,CVX,False,190.97,0,0,-0.87,1.59,True,MOMENTUM_FAILURE
2026-06-03T09:03:37.378149,DDOG,False,246.34,0,0,69.04,-14.43,True,ACCELERATION_DECAY
2026-06-03T09:03:37.713811,DE,False,589.73,0,0,2.42,2.27,False,ACCELERATION_DECAY
2026-06-03T09:03:38.054280,DELL,False,415.33,0,0,92.0,-13.69,True,ACCELERATION_DECAY
2026-06-03T09:03:38.402300,DHR,False,176.66,0,0,1.16,-0.03,False,ACCELERATION_DECAY
2026-06-03T09:03:38.751390,DUOL,False,105.7,0,0,1.61,1.86,True,LOST_20_SMA
2026-06-03T09:03:39.185394,EOG,False,142.39,0,0,1.11,3.25,False,ACCELERATION_DECAY
2026-06-03T09:03:39.569859,ETN,False,422.0,0,0,2.71,3.85,False,ACCELERATION_DECAY
2026-06-03T09:03:40.273584,FICO,False,1159.0,0,0,8.7,-9.38,True,LOST_20_SMA
2026-06-03T09:03:40.624839,FTNT,False,146.31,0,0,62.71,-4.1,True,ACCELERATION_DECAY
2026-06-03T09:03:40.983524,GD,False,340.55,0,0,-2.47,0.82,True,MOMENTUM_FAILURE
2026-06-03T09:03:41.330823,GE,False,316.17,0,0,10.29,-2.97,True,ACCELERATION_DECAY
2026-06-03T09:03:41.676871,GOOG,False,355.73,0,0,-7.43,-1.83,True,LOST_20_SMA
2026-06-03T09:03:42.013012,GOOGL,False,359.48,0,0,-7.45,-1.87,True,LOST_20_SMA
2026-06-03T09:03:42.353870,GS,False,1037.61,0,0,12.92,-4.94,True,ACCELERATION_DECAY
2026-06-03T09:03:42.722295,HD,False,311.84,0,0,-1.13,-0.85,True,MOMENTUM_FAILURE
2026-06-03T09:03:43.059569,HIMS,False,26.41,0,0,0.3,-0.58,True,ACCELERATION_DECAY
2026-06-03T09:03:43.405013,HON,False,232.81,0,0,11.36,-0.87,True,ACCELERATION_DECAY
2026-06-03T09:03:43.775105,HOOD,False,82.92,0,0,7.65,-7.52,True,ACCELERATION_DECAY
2026-06-03T09:03:44.310467,ICE,False,139.96,0,0,-9.87,-0.88,True,LOST_20_SMA
2026-06-03T09:03:44.659522,INTC,False,112.45,0,0,3.98,-8.71,True,LOST_20_SMA
2026-06-03T09:03:44.998773,INTU,False,312.34,0,0,-21.59,-0.74,True,LOST_20_SMA
2026-06-03T09:03:45.342561,ISRG,False,400.74,0,0,-11.22,-0.15,True,LOST_20_SMA
2026-06-03T09:03:45.745152,JPM,False,297.9,0,0,-3.72,-1.54,True,LOST_20_SMA
2026-06-03T09:03:46.095745,KKR,False,90.57,0,0,-11.21,-2.61,True,LOST_20_SMA
2026-06-03T09:03:46.439413,KLAC,False,2074.0,0,0,19.68,0.31,False,ACCELERATION_DECAY
2026-06-03T09:03:46.789325,LIN,False,511.11,0,0,2.16,1.68,False,ACCELERATION_DECAY
2026-06-03T09:03:47.139542,LLY,False,1088.0,0,0,10.02,0.08,False,ACCELERATION_DECAY
2026-06-03T09:03:47.485671,LMT,False,523.5,0,0,2.86,3.77,False,ACCELERATION_DECAY
2026-06-03T09:03:47.829269,LRCX,False,338.5,0,0,22.73,-6.6,True,ACCELERATION_DECAY
2026-06-03T09:03:48.172302,LULU,False,124.89,0,0,-4.09,-2.14,True,LOST_20_SMA
2026-06-03T09:03:48.530200,MA,False,465.63,0,0,-6.33,-0.97,True,LOST_20_SMA
2026-06-03T09:03:48.999233,MCD,False,276.05,0,0,-3.2,-0.47,True,MOMENTUM_FAILURE
2026-06-03T09:03:49.518848,MCO,False,445.83,0,0,-1.92,-2.82,True,MOMENTUM_FAILURE
2026-06-03T09:03:49.854474,MDB,False,370.96,0,0,39.1,-11.44,True,ACCELERATION_DECAY
2026-06-03T09:03:50.205628,META,False,614.47,0,0,1.57,3.67,False,ACCELERATION_DECAY
2026-06-03T09:03:50.554695,MPC,False,270.72,0,0,3.92,-0.25,False,ACCELERATION_DECAY
2026-06-03T09:03:50.902437,MS,False,209.73,0,0,10.82,-3.52,True,ACCELERATION_DECAY
2026-06-03T09:03:51.245534,MSFT,False,426.4,0,0,3.65,-3.04,True,ACCELERATION_DECAY
2026-06-03T09:03:51.586218,MU,False,1057.46,0,0,65.18,-19.42,True,ACCELERATION_DECAY
2026-06-03T09:03:51.935158,NET,False,261.22,0,0,6.87,-14.76,True,ACCELERATION_DECAY
2026-06-03T09:03:52.284753,NFLX,False,81.47,0,0,-7.3,1.14,True,LOST_20_SMA
2026-06-03T09:03:52.626854,NOC,False,536.64,0,0,-3.93,1.43,True,LOST_20_SMA
2026-06-03T09:03:52.967868,NOW,False,119.65,0,0,30.04,-8.76,True,ACCELERATION_DECAY
2026-06-03T09:03:53.325687,NUE,False,259.71,0,0,11.91,-2.55,True,ACCELERATION_DECAY
2026-06-03T09:03:53.670923,NVDA,False,217.14,0,0,10.5,-1.76,True,ACCELERATION_DECAY
2026-06-03T09:03:54.011601,ODFL,False,233.01,0,0,18.83,-0.37,True,ACCELERATION_DECAY
2026-06-03T09:03:54.498151,ORCL,False,229.07,0,0,23.59,-12.07,True,ACCELERATION_DECAY
2026-06-03T09:03:54.853667,PANW,False,283.13,0,0,53.89,-7.13,True,ACCELERATION_DECAY
2026-06-03T09:03:55.201293,PH,False,851.75,0,0,-2.4,1.22,True,LOST_20_SMA
2026-06-03T09:03:55.630509,PLTR,False,144.01,0,0,5.96,1.76,False,ACCELERATION_DECAY
2026-06-03T09:03:55.973861,PWR,False,720.21,0,0,-6.66,0.11,True,LOST_20_SMA
2026-06-03T09:03:56.369585,PYPL,False,42.58,0,0,-8.41,3.22,True,LOST_20_SMA
2026-06-03T09:03:56.709309,QCOM,False,250.32,0,0,34.18,-8.85,True,ACCELERATION_DECAY
2026-06-03T09:03:57.069009,RBLX,False,43.06,0,0,-2.23,3.18,True,LOST_20_SMA
2026-06-03T09:03:57.407855,REGN,False,620.34,0,0,-11.67,3.32,True,LOST_20_SMA
2026-06-03T09:03:57.851079,RKLB,False,115.98,0,0,47.26,-6.3,True,LOST_20_SMA
2026-06-03T09:03:58.234994,RTX,False,176.11,0,0,1.87,1.09,False,ACCELERATION_DECAY
2026-06-03T09:03:58.581232,SCHW,False,86.77,0,0,-6.09,-1.86,True,LOST_20_SMA
2026-06-03T09:03:58.918875,SHOP,False,113.28,0,0,5.25,13.51,False,ACCELERATION_DECAY
2026-06-03T09:03:59.366629,SLB,False,56.8,0,0,1.43,-0.24,True,ACCELERATION_DECAY
2026-06-03T09:03:59.741151,SNOW,False,245.49,0,0,73.23,-7.85,False,ACCELERATION_DECAY
2026-06-03T09:04:00.072172,SNPS,False,493.04,0,0,-1.88,-4.07,True,LOST_20_SMA
2026-06-03T09:04:00.473548,SOFI,False,16.66,0,0,4.0,-5.51,True,ACCELERATION_DECAY
2026-06-03T09:04:00.811765,SPGI,False,409.02,0,0,-3.5,-1.79,True,LOST_20_SMA
2026-06-03T09:04:01.143738,SYK,False,293.52,0,0,-0.59,-1.42,True,LOST_20_SMA
2026-06-03T09:04:01.486821,TMO,False,471.59,0,0,1.03,-3.18,True,ACCELERATION_DECAY
2026-06-03T09:04:01.821784,TSLA,False,425.36,0,0,9.24,1.29,False,ACCELERATION_DECAY
2026-06-03T09:04:02.160886,TT,False,467.99,0,0,-1.98,3.69,True,MOMENTUM_FAILURE
2026-06-03T09:04:02.495883,TTWO,False,215.14,0,0,-3.57,-2.33,True,LOST_20_SMA
2026-06-03T09:04:02.833538,UBER,False,70.44,0,0,-3.44,-0.32,True,LOST_20_SMA
2026-06-03T09:04:03.176914,UNH,False,383.67,0,0,5.44,3.51,False,ACCELERATION_DECAY
2026-06-03T09:04:03.508573,URI,False,1029.88,0,0,10.27,2.75,False,ACCELERATION_DECAY
2026-06-03T09:04:03.981208,V,False,310.05,0,0,-3.72,-0.8,True,LOST_20_SMA
2026-06-03T09:04:04.331745,VLO,False,264.22,0,0,4.25,1.61,False,ACCELERATION_DECAY
2026-06-03T09:04:04.687597,VRSN,False,296.02,0,0,7.34,-1.14,True,ACCELERATION_DECAY
2026-06-03T09:04:05.061164,VRTX,False,426.17,0,0,0.43,1.53,True,LOST_20_SMA
2026-06-03T09:04:05.490451,WMT,False,116.54,0,0,-10.9,2.36,True,LOST_20_SMA
2026-06-03T09:04:05.837670,XOM,False,154.19,0,0,-0.45,2.24,True,MOMENTUM_FAILURE
2026-06-03T09:04:06.178266,ZS,False,135.2,0,0,-4.36,-5.73,True,LOST_20_SMA
2026-06-03T09:09:06.674937,AAPL,False,311.56,0,0,9.63,-4.23,True,ACCELERATION_DECAY
2026-06-03T09:09:07.009684,ABBV,False,219.15,0,0,6.33,2.85,False,ACCELERATION_DECAY
2026-06-03T09:09:07.352777,ABNB,False,132.85,0,0,-4.92,-1.68,True,LOST_20_SMA
2026-06-03T09:09:07.706604,ADBE,False,255.36,0,0,-0.1,-3.31,True,MOMENTUM_FAILURE
2026-06-03T09:09:08.046473,ADSK,False,231.26,0,0,-7.28,-2.89,True,LOST_20_SMA
2026-06-03T09:09:08.742539,AMD,False,533.18,0,0,50.08,-2.62,True,ACCELERATION_DECAY
2026-06-03T09:09:09.097716,AMZN,False,249.85,0,0,-8.66,-2.96,True,LOST_20_SMA
2026-06-03T09:09:09.433216,ANET,False,175.37,0,0,3.03,1.46,False,ACCELERATION_DECAY
2026-06-03T09:09:09.782159,APO,False,125.01,0,0,-4.06,-3.73,True,LOST_20_SMA
2026-06-03T09:09:10.120564,APP,False,572.27,0,0,19.69,-7.81,True,ACCELERATION_DECAY
2026-06-03T09:09:10.464269,ARES,False,122.11,0,0,-0.69,-7.61,True,LOST_20_SMA
2026-06-03T09:09:11.142986,ASML,False,1721.3,0,0,19.29,-3.73,True,ACCELERATION_DECAY
2026-06-03T09:09:11.623357,AXP,False,302.59,0,0,-4.23,-1.65,True,LOST_20_SMA
2026-06-03T09:09:11.973021,BA,False,214.43,0,0,-4.43,-2.81,True,LOST_20_SMA
2026-06-03T09:09:12.656522,BKNG,False,165.32,0,0,-1.38,-2.36,True,MOMENTUM_FAILURE
2026-06-03T09:09:13.000554,BLK,False,986.53,0,0,-5.95,-2.78,True,LOST_20_SMA
2026-06-03T09:09:13.344670,BSX,False,47.26,0,0,-15.58,0.55,True,LOST_20_SMA
2026-06-03T09:09:13.685249,BX,False,109.56,0,0,-10.72,-4.08,True,LOST_20_SMA
2026-06-03T09:09:14.021862,CAT,False,928.99,0,0,2.7,-1.31,True,ACCELERATION_DECAY
2026-06-03T09:09:14.356811,CAVA,False,70.5,0,0,-21.96,-3.18,True,LOST_20_SMA
2026-06-03T09:09:14.704898,CDNS,False,402.3,0,0,13.76,-5.37,True,ACCELERATION_DECAY
2026-06-03T09:09:15.061175,CELH,False,29.85,0,0,-10.95,-1.92,True,LOST_20_SMA
2026-06-03T09:09:15.417530,CME,False,252.49,0,0,-11.97,1.73,True,LOST_20_SMA
2026-06-03T09:09:15.757312,CMG,False,28.68,0,0,-11.23,-2.73,True,LOST_20_SMA
2026-06-03T09:09:16.103278,COIN,False,165.5,0,0,-16.31,-2.02,True,LOST_20_SMA
2026-06-03T09:09:16.471927,COP,False,118.93,0,0,-3.56,2.88,True,MOMENTUM_FAILURE
2026-06-03T09:09:16.814517,COST,False,961.34,0,0,-5.42,0.36,True,LOST_20_SMA
2026-06-03T09:09:17.175737,CRM,False,191.43,0,0,2.37,-5.91,True,ACCELERATION_DECAY
2026-06-03T09:09:17.505456,CRWD,False,750.25,0,0,57.44,-6.43,True,ACCELERATION_DECAY
2026-06-03T09:09:17.862958,CVX,False,190.74,0,0,-0.99,1.47,True,MOMENTUM_FAILURE
2026-06-03T09:09:18.209077,DDOG,False,247.14,0,0,69.59,-13.88,True,ACCELERATION_DECAY
2026-06-03T09:09:18.564210,DE,False,589.85,0,0,2.44,2.29,False,ACCELERATION_DECAY
2026-06-03T09:09:18.897658,DELL,False,417.22,0,0,92.87,-12.81,True,ACCELERATION_DECAY
2026-06-03T09:09:19.238210,DHR,False,176.57,0,0,1.11,-0.08,False,ACCELERATION_DECAY
2026-06-03T09:09:19.576994,DUOL,False,105.55,0,0,1.46,1.72,True,LOST_20_SMA
2026-06-03T09:09:19.926251,EOG,False,142.13,0,0,0.93,3.07,False,ACCELERATION_DECAY
2026-06-03T09:09:20.300719,ETN,False,421.45,0,0,2.58,3.72,False,ACCELERATION_DECAY
2026-06-03T09:09:20.985754,FICO,False,1159.13,0,0,8.71,-9.37,True,LOST_20_SMA
2026-06-03T09:09:21.357725,FTNT,False,146.28,0,0,62.68,-4.13,True,ACCELERATION_DECAY
2026-06-03T09:09:21.701871,GD,False,340.48,0,0,-2.49,0.8,True,MOMENTUM_FAILURE
2026-06-03T09:09:22.056113,GE,False,316.1,0,0,10.26,-3.0,True,ACCELERATION_DECAY
2026-06-03T09:09:22.420294,GOOG,False,355.62,0,0,-7.46,-1.86,True,LOST_20_SMA
2026-06-03T09:09:22.803792,GOOGL,False,359.35,0,0,-7.49,-1.9,True,LOST_20_SMA
2026-06-03T09:09:23.153986,GS,False,1036.43,0,0,12.79,-5.07,True,ACCELERATION_DECAY
2026-06-03T09:09:23.510092,HD,False,311.76,0,0,-1.16,-0.87,True,MOMENTUM_FAILURE
2026-06-03T09:09:23.864664,HIMS,False,26.44,0,0,0.42,-0.46,True,ACCELERATION_DECAY
2026-06-03T09:09:24.215359,HON,False,233.06,0,0,11.48,-0.75,True,ACCELERATION_DECAY
2026-06-03T09:09:24.555226,HOOD,False,83.11,0,0,7.89,-7.27,True,ACCELERATION_DECAY
2026-06-03T09:09:24.900345,ICE,False,139.85,0,0,-9.94,-0.95,True,LOST_20_SMA
2026-06-03T09:09:25.257624,INTC,False,112.92,0,0,4.41,-8.27,True,LOST_20_SMA
2026-06-03T09:09:25.661280,INTU,False,312.19,0,0,-21.62,-0.78,True,LOST_20_SMA
2026-06-03T09:09:26.022361,ISRG,False,400.09,0,0,-11.36,-0.3,True,LOST_20_SMA
2026-06-03T09:09:26.391398,JPM,False,297.74,0,0,-3.77,-1.59,True,LOST_20_SMA
2026-06-03T09:09:26.758032,KKR,False,90.35,0,0,-11.42,-2.83,True,LOST_20_SMA
2026-06-03T09:09:27.114334,KLAC,False,2076.98,0,0,19.86,0.49,False,ACCELERATION_DECAY
2026-06-03T09:09:27.476889,LIN,False,511.57,0,0,2.25,1.78,False,ACCELERATION_DECAY
2026-06-03T09:09:27.827345,LLY,False,1087.05,0,0,9.93,-0.01,False,ACCELERATION_DECAY
2026-06-03T09:09:28.167417,LMT,False,522.57,0,0,2.68,3.59,False,ACCELERATION_DECAY
2026-06-03T09:09:28.512640,LRCX,False,338.15,0,0,22.61,-6.72,True,ACCELERATION_DECAY
2026-06-03T09:09:28.861495,LULU,False,124.94,0,0,-4.05,-2.1,True,LOST_20_SMA
2026-06-03T09:09:29.220033,MA,False,466.63,0,0,-6.13,-0.76,True,LOST_20_SMA
2026-06-03T09:09:29.588358,MCD,False,275.97,0,0,-3.23,-0.5,True,LOST_20_SMA
2026-06-03T09:09:29.935938,MCO,False,443.84,0,0,-2.36,-3.25,True,MOMENTUM_FAILURE
2026-06-03T09:09:30.270316,MDB,False,372.2,0,0,39.57,-10.97,True,ACCELERATION_DECAY
2026-06-03T09:09:30.610769,META,False,614.27,0,0,1.54,3.63,False,ACCELERATION_DECAY
2026-06-03T09:09:30.972863,MPC,False,270.17,0,0,3.71,-0.46,False,ACCELERATION_DECAY
2026-06-03T09:09:31.316052,MS,False,209.38,0,0,10.64,-3.71,True,ACCELERATION_DECAY
2026-06-03T09:09:31.648335,MSFT,False,426.99,0,0,3.79,-2.9,True,ACCELERATION_DECAY
2026-06-03T09:09:32.000312,MU,False,1057.8,0,0,65.23,-19.37,True,ACCELERATION_DECAY
2026-06-03T09:09:32.335157,NET,False,261.69,0,0,7.06,-14.57,True,ACCELERATION_DECAY
2026-06-03T09:09:32.704460,NFLX,False,81.54,0,0,-7.22,1.22,True,LOST_20_SMA
2026-06-03T09:09:33.057930,NOC,False,536.16,0,0,-4.02,1.35,True,LOST_20_SMA
2026-06-03T09:09:33.402917,NOW,False,120.32,0,0,30.77,-8.03,True,ACCELERATION_DECAY
2026-06-03T09:09:33.773350,NUE,False,259.48,0,0,11.81,-2.65,True,ACCELERATION_DECAY
2026-06-03T09:09:34.113512,NVDA,False,217.22,0,0,10.54,-1.72,True,ACCELERATION_DECAY
2026-06-03T09:09:34.448725,ODFL,False,234.42,0,0,19.55,0.35,False,ACCELERATION_DECAY
2026-06-03T09:09:34.791534,ORCL,False,230.55,0,0,24.39,-11.27,True,ACCELERATION_DECAY
2026-06-03T09:09:35.183778,PANW,False,283.53,0,0,54.11,-6.91,True,ACCELERATION_DECAY
2026-06-03T09:09:35.527313,PH,False,851.36,0,0,-2.44,1.18,True,LOST_20_SMA
2026-06-03T09:09:35.864830,PLTR,False,143.95,0,0,5.92,1.71,False,ACCELERATION_DECAY
2026-06-03T09:09:36.224981,PWR,False,718.04,0,0,-6.94,-0.17,True,LOST_20_SMA
2026-06-03T09:09:36.574936,PYPL,False,42.69,0,0,-8.17,3.46,True,LOST_20_SMA
2026-06-03T09:09:36.924528,QCOM,False,252.12,0,0,35.15,-7.88,True,ACCELERATION_DECAY
2026-06-03T09:09:37.265650,RBLX,False,43.07,0,0,-2.2,3.2,True,LOST_20_SMA
2026-06-03T09:09:37.615349,REGN,False,620.43,0,0,-11.65,3.33,True,LOST_20_SMA
2026-06-03T09:09:37.972857,RKLB,False,115.99,0,0,47.27,-6.28,True,LOST_20_SMA
2026-06-03T09:09:38.400265,RTX,False,175.83,0,0,1.71,0.93,False,ACCELERATION_DECAY
2026-06-03T09:09:38.772859,SCHW,False,86.72,0,0,-6.15,-1.92,True,LOST_20_SMA
2026-06-03T09:09:39.112340,SHOP,False,113.46,0,0,5.42,13.68,False,ACCELERATION_DECAY
2026-06-03T09:09:39.455765,SLB,False,56.88,0,0,1.57,-0.1,True,ACCELERATION_DECAY
2026-06-03T09:09:39.799250,SNOW,False,246.08,0,0,73.65,-7.43,False,ACCELERATION_DECAY
2026-06-03T09:09:40.132763,SNPS,False,493.68,0,0,-1.76,-3.94,True,LOST_20_SMA
2026-06-03T09:09:40.473003,SOFI,False,16.66,0,0,4.0,-5.51,True,ACCELERATION_DECAY
2026-06-03T09:09:40.819753,SPGI,False,408.19,0,0,-3.7,-1.98,True,LOST_20_SMA
2026-06-03T09:09:41.163942,SYK,False,292.9,0,0,-0.8,-1.63,True,LOST_20_SMA
2026-06-03T09:09:41.501277,TMO,False,471.57,0,0,1.03,-3.18,True,ACCELERATION_DECAY
2026-06-03T09:09:41.841854,TSLA,False,424.54,0,0,9.03,1.08,False,ACCELERATION_DECAY
2026-06-03T09:09:42.179633,TT,False,467.28,0,0,-2.13,3.54,True,MOMENTUM_FAILURE
2026-06-03T09:09:42.521309,TTWO,False,215.22,0,0,-3.54,-2.29,True,LOST_20_SMA
2026-06-03T09:09:42.863524,UBER,False,70.4,0,0,-3.5,-0.37,True,LOST_20_SMA
2026-06-03T09:09:43.207908,UNH,False,384.67,0,0,5.72,3.78,False,ACCELERATION_DECAY
2026-06-03T09:09:43.561874,URI,False,1028.2,0,0,10.09,2.57,False,ACCELERATION_DECAY
2026-06-03T09:09:43.929947,V,False,310.83,0,0,-3.48,-0.56,True,LOST_20_SMA
2026-06-03T09:09:44.267095,VLO,False,263.88,0,0,4.12,1.48,False,ACCELERATION_DECAY
2026-06-03T09:09:44.614493,VRSN,False,296.47,0,0,7.51,-0.98,True,ACCELERATION_DECAY
2026-06-03T09:09:44.947643,VRTX,False,426.78,0,0,0.57,1.68,True,LOST_20_SMA
2026-06-03T09:09:45.377163,WMT,False,116.55,0,0,-10.89,2.36,True,LOST_20_SMA
2026-06-03T09:09:45.736665,XOM,False,154.16,0,0,-0.46,2.22,True,MOMENTUM_FAILURE
2026-06-03T09:09:46.075992,ZS,False,135.39,0,0,-4.22,-5.59,True,LOST_20_SMA
2026-06-03T09:14:46.573566,AAPL,False,311.6,0,0,9.65,-4.21,True,ACCELERATION_DECAY
2026-06-03T09:14:46.913544,ABBV,False,218.74,0,0,6.13,2.65,False,ACCELERATION_DECAY
2026-06-03T09:14:47.261001,ABNB,False,133.28,0,0,-4.62,-1.37,True,LOST_20_SMA
2026-06-03T09:14:47.601421,ADBE,False,256.01,0,0,0.15,-3.06,True,ACCELERATION_DECAY
2026-06-03T09:14:47.941566,ADSK,False,231.48,0,0,-7.2,-2.8,True,LOST_20_SMA
2026-06-03T09:14:48.614059,AMD,False,533.69,0,0,50.23,-2.48,True,ACCELERATION_DECAY
2026-06-03T09:14:48.950763,AMZN,False,250.23,0,0,-8.52,-2.82,True,LOST_20_SMA
2026-06-03T09:14:49.286532,ANET,False,175.39,0,0,3.04,1.47,False,ACCELERATION_DECAY
2026-06-03T09:14:49.627995,APO,False,125.15,0,0,-3.95,-3.62,True,LOST_20_SMA
2026-06-03T09:14:49.975560,APP,False,571.41,0,0,19.51,-7.99,True,ACCELERATION_DECAY
2026-06-03T09:14:50.323706,ARES,False,122.22,0,0,-0.6,-7.52,True,LOST_20_SMA
2026-06-03T09:14:50.999025,ASML,False,1723.09,0,0,19.42,-3.61,True,ACCELERATION_DECAY
2026-06-03T09:14:51.339244,AXP,False,302.52,0,0,-4.25,-1.67,True,LOST_20_SMA
2026-06-03T09:14:51.689645,BA,False,214.52,0,0,-4.39,-2.77,True,LOST_20_SMA
2026-06-03T09:14:52.371217,BKNG,False,165.37,0,0,-1.35,-2.33,True,MOMENTUM_FAILURE
2026-06-03T09:14:52.722660,BLK,False,988.09,0,0,-5.8,-2.63,True,LOST_20_SMA
2026-06-03T09:14:53.066149,BSX,False,47.25,0,0,-15.59,0.54,True,LOST_20_SMA
2026-06-03T09:14:53.407602,BX,False,109.59,0,0,-10.7,-4.05,True,LOST_20_SMA
2026-06-03T09:14:53.755853,CAT,False,930.05,0,0,2.81,-1.19,True,ACCELERATION_DECAY
2026-06-03T09:14:54.099869,CAVA,False,70.9,0,0,-21.52,-2.74,True,LOST_20_SMA
2026-06-03T09:14:54.439925,CDNS,False,402.76,0,0,13.89,-5.24,True,ACCELERATION_DECAY
2026-06-03T09:14:54.768267,CELH,False,29.95,0,0,-10.65,-1.62,True,LOST_20_SMA
2026-06-03T09:14:55.111312,CME,False,252.52,0,0,-11.96,1.74,True,LOST_20_SMA
2026-06-03T09:14:55.448952,CMG,False,28.89,0,0,-10.58,-2.08,True,LOST_20_SMA
2026-06-03T09:14:55.879438,COIN,False,165.7,0,0,-16.21,-1.92,True,LOST_20_SMA
2026-06-03T09:14:56.210103,COP,False,118.93,0,0,-3.56,2.88,True,MOMENTUM_FAILURE
2026-06-03T09:14:56.556987,COST,False,960.85,0,0,-5.47,0.31,True,LOST_20_SMA
2026-06-03T09:14:56.919590,CRM,False,191.67,0,0,2.5,-5.78,True,ACCELERATION_DECAY
2026-06-03T09:14:57.279285,CRWD,False,751.32,0,0,57.66,-6.21,True,ACCELERATION_DECAY
2026-06-03T09:14:57.626654,CVX,False,190.7,0,0,-1.01,1.45,True,MOMENTUM_FAILURE
2026-06-03T09:14:57.962434,DDOG,False,248.15,0,0,70.28,-13.19,True,ACCELERATION_DECAY
2026-06-03T09:14:58.317090,DE,False,589.72,0,0,2.42,2.27,False,ACCELERATION_DECAY
2026-06-03T09:14:58.654610,DELL,False,415.97,0,0,92.29,-13.39,True,ACCELERATION_DECAY
2026-06-03T09:14:58.995205,DHR,False,176.54,0,0,1.09,-0.1,False,ACCELERATION_DECAY
2026-06-03T09:14:59.336540,DUOL,False,105.4,0,0,1.32,1.57,True,LOST_20_SMA
2026-06-03T09:14:59.674642,EOG,False,142.05,0,0,0.87,3.01,False,ACCELERATION_DECAY
2026-06-03T09:15:00.022594,ETN,False,421.77,0,0,2.66,3.8,False,ACCELERATION_DECAY
2026-06-03T09:15:00.711325,FICO,False,1160.34,0,0,8.82,-9.26,True,LOST_20_SMA
2026-06-03T09:15:01.050389,FTNT,False,146.69,0,0,63.13,-3.67,True,ACCELERATION_DECAY
2026-06-03T09:15:01.398346,GD,False,340.39,0,0,-2.51,0.77,True,MOMENTUM_FAILURE
2026-06-03T09:15:01.751332,GE,False,316.83,0,0,10.52,-2.74,True,ACCELERATION_DECAY
2026-06-03T09:15:02.095422,GOOG,False,355.94,0,0,-7.37,-1.78,True,LOST_20_SMA
2026-06-03T09:15:02.447074,GOOGL,False,359.64,0,0,-7.41,-1.83,True,LOST_20_SMA
2026-06-03T09:15:02.781119,GS,False,1038.62,0,0,13.03,-4.83,True,ACCELERATION_DECAY
2026-06-03T09:15:03.117547,HD,False,312.08,0,0,-1.06,-0.77,True,MOMENTUM_FAILURE
2026-06-03T09:15:03.462293,HIMS,False,26.58,0,0,0.95,0.07,False,ACCELERATION_DECAY
2026-06-03T09:15:03.800834,HON,False,234.31,0,0,12.08,-0.16,True,ACCELERATION_DECAY
2026-06-03T09:15:04.136854,HOOD,False,83.25,0,0,8.07,-7.09,True,ACCELERATION_DECAY
2026-06-03T09:15:04.479449,ICE,False,139.98,0,0,-9.85,-0.87,True,LOST_20_SMA
2026-06-03T09:15:04.824617,INTC,False,112.25,0,0,3.79,-8.89,True,LOST_20_SMA
2026-06-03T09:15:05.162017,INTU,False,312.65,0,0,-21.51,-0.66,True,LOST_20_SMA
2026-06-03T09:15:05.502391,ISRG,False,400.1,0,0,-11.36,-0.3,True,LOST_20_SMA
2026-06-03T09:15:05.934460,JPM,False,297.94,0,0,-3.7,-1.53,True,LOST_20_SMA
2026-06-03T09:15:06.270534,KKR,False,90.64,0,0,-11.14,-2.54,True,LOST_20_SMA
2026-06-03T09:15:06.606685,KLAC,False,2084.1,0,0,20.27,0.9,False,ACCELERATION_DECAY
2026-06-03T09:15:06.950895,LIN,False,511.22,0,0,2.18,1.71,False,ACCELERATION_DECAY
2026-06-03T09:15:07.297169,LLY,False,1086.26,0,0,9.85,-0.09,False,ACCELERATION_DECAY
2026-06-03T09:15:07.636526,LMT,False,522.48,0,0,2.66,3.57,False,ACCELERATION_DECAY
2026-06-03T09:15:07.974729,LRCX,False,339.23,0,0,23.0,-6.33,True,ACCELERATION_DECAY
2026-06-03T09:15:08.322793,LULU,False,124.99,0,0,-4.01,-2.06,True,LOST_20_SMA
2026-06-03T09:15:08.666949,MA,False,466.38,0,0,-6.18,-0.81,True,LOST_20_SMA
2026-06-03T09:15:09.003599,MCD,False,276.09,0,0,-3.18,-0.46,True,MOMENTUM_FAILURE
2026-06-03T09:15:09.389459,MCO,False,444.57,0,0,-2.2,-3.09,True,MOMENTUM_FAILURE
2026-06-03T09:15:09.750790,MDB,False,372.37,0,0,39.63,-10.91,True,ACCELERATION_DECAY
2026-06-03T09:15:10.091618,META,False,613.25,0,0,1.37,3.46,False,ACCELERATION_DECAY
2026-06-03T09:15:10.435308,MPC,False,270.74,0,0,3.93,-0.24,False,ACCELERATION_DECAY
2026-06-03T09:15:10.776875,MS,False,209.65,0,0,10.78,-3.57,True,ACCELERATION_DECAY
2026-06-03T09:15:11.130678,MSFT,False,427.05,0,0,3.81,-2.89,True,ACCELERATION_DECAY
2026-06-03T09:15:11.472582,MU,False,1057.05,0,0,65.11,-19.48,True,ACCELERATION_DECAY
2026-06-03T09:15:11.812901,NET,False,262.3,0,0,7.31,-14.32,True,ACCELERATION_DECAY
2026-06-03T09:15:12.149338,NFLX,False,81.4,0,0,-7.38,1.06,True,LOST_20_SMA
2026-06-03T09:15:12.489126,NOC,False,536.24,0,0,-4.0,1.36,True,LOST_20_SMA
2026-06-03T09:15:12.823932,NOW,False,120.48,0,0,30.94,-7.85,True,ACCELERATION_DECAY
2026-06-03T09:15:13.161715,NUE,False,259.79,0,0,11.94,-2.51,True,ACCELERATION_DECAY
2026-06-03T09:15:13.496106,NVDA,False,216.94,0,0,10.4,-1.86,True,ACCELERATION_DECAY
2026-06-03T09:15:13.838468,ODFL,False,235.03,0,0,19.86,0.66,False,ACCELERATION_DECAY
2026-06-03T09:15:14.171920,ORCL,False,230.79,0,0,24.52,-11.14,True,ACCELERATION_DECAY
2026-06-03T09:15:14.504210,PANW,False,283.97,0,0,54.35,-6.67,True,ACCELERATION_DECAY
2026-06-03T09:15:14.853565,PH,False,852.15,0,0,-2.35,1.27,True,LOST_20_SMA
2026-06-03T09:15:15.193200,PLTR,False,144.05,0,0,5.99,1.78,False,ACCELERATION_DECAY
2026-06-03T09:15:15.528432,PWR,False,719.78,0,0,-6.72,0.05,True,LOST_20_SMA
2026-06-03T09:15:15.938397,PYPL,False,42.69,0,0,-8.17,3.46,True,LOST_20_SMA
2026-06-03T09:15:16.292918,QCOM,False,252.61,0,0,35.41,-7.62,True,ACCELERATION_DECAY
2026-06-03T09:15:16.636089,RBLX,False,43.07,0,0,-2.2,3.2,True,LOST_20_SMA
2026-06-03T09:15:16.973628,REGN,False,619.44,0,0,-11.79,3.19,True,LOST_20_SMA
2026-06-03T09:15:17.306691,RKLB,False,116.34,0,0,47.71,-5.84,True,LOST_20_SMA
2026-06-03T09:15:17.653939,RTX,False,175.83,0,0,1.71,0.93,False,ACCELERATION_DECAY
2026-06-03T09:15:17.989648,SCHW,False,86.76,0,0,-6.1,-1.87,True,LOST_20_SMA
2026-06-03T09:15:18.331118,SHOP,False,113.49,0,0,5.44,13.71,False,ACCELERATION_DECAY
2026-06-03T09:15:18.682197,SLB,False,56.98,0,0,1.75,0.08,False,ACCELERATION_DECAY
2026-06-03T09:15:19.018845,SNOW,False,246.84,0,0,74.19,-6.9,False,ACCELERATION_DECAY
2026-06-03T09:15:19.350432,SNPS,False,492.35,0,0,-2.02,-4.2,True,LOST_20_SMA
2026-06-03T09:15:19.695262,SOFI,False,16.7,0,0,4.24,-5.26,True,ACCELERATION_DECAY
2026-06-03T09:15:20.027161,SPGI,False,408.19,0,0,-3.7,-1.98,True,LOST_20_SMA
2026-06-03T09:15:20.371285,SYK,False,292.7,0,0,-0.86,-1.7,True,LOST_20_SMA
2026-06-03T09:15:20.818534,TMO,False,471.68,0,0,1.05,-3.16,True,ACCELERATION_DECAY
2026-06-03T09:15:21.170921,TSLA,False,423.61,0,0,8.79,0.84,False,ACCELERATION_DECAY
2026-06-03T09:15:21.513188,TT,False,467.38,0,0,-2.11,3.56,True,MOMENTUM_FAILURE
2026-06-03T09:15:21.847481,TTWO,False,215.1,0,0,-3.59,-2.35,True,LOST_20_SMA
2026-06-03T09:15:22.197642,UBER,False,70.41,0,0,-3.48,-0.36,True,LOST_20_SMA
2026-06-03T09:15:22.532760,UNH,False,384.95,0,0,5.79,3.86,False,ACCELERATION_DECAY
2026-06-03T09:15:22.867337,URI,False,1030.92,0,0,10.38,2.86,False,ACCELERATION_DECAY
2026-06-03T09:15:23.206055,V,False,310.56,0,0,-3.56,-0.65,True,LOST_20_SMA
2026-06-03T09:15:23.549436,VLO,False,264.32,0,0,4.29,1.65,False,ACCELERATION_DECAY
2026-06-03T09:15:23.891206,VRSN,False,296.69,0,0,7.59,-0.9,True,ACCELERATION_DECAY
2026-06-03T09:15:24.229988,VRTX,False,426.14,0,0,0.42,1.53,True,LOST_20_SMA
2026-06-03T09:15:24.660752,WMT,False,116.43,0,0,-10.98,2.27,True,LOST_20_SMA
2026-06-03T09:15:25.004476,XOM,False,154.13,0,0,-0.48,2.2,True,MOMENTUM_FAILURE
2026-06-03T09:15:25.345505,ZS,False,135.39,0,0,-4.22,-5.59,True,LOST_20_SMA
2026-06-03T09:20:25.904488,AAPL,False,311.81,0,0,9.72,-4.14,True,ACCELERATION_DECAY
2026-06-03T09:20:26.219677,ABBV,False,218.38,0,0,5.95,2.48,False,ACCELERATION_DECAY
2026-06-03T09:20:26.565081,ABNB,False,133.52,0,0,-4.44,-1.2,True,LOST_20_SMA
2026-06-03T09:20:26.924296,ADBE,False,256.45,0,0,0.32,-2.88,False,ACCELERATION_DECAY
2026-06-03T09:20:27.265032,ADSK,False,231.45,0,0,-7.21,-2.81,True,LOST_20_SMA
2026-06-03T09:20:27.958839,AMD,False,531.38,0,0,49.57,-3.13,True,ACCELERATION_DECAY
2026-06-03T09:20:28.331715,AMZN,False,250.21,0,0,-8.53,-2.82,True,LOST_20_SMA
2026-06-03T09:20:28.691394,ANET,False,175.02,0,0,2.82,1.25,False,ACCELERATION_DECAY
2026-06-03T09:20:29.164340,APO,False,124.95,0,0,-4.11,-3.77,True,LOST_20_SMA
2026-06-03T09:20:29.506332,APP,False,570.4,0,0,19.3,-8.2,True,ACCELERATION_DECAY
2026-06-03T09:20:29.848505,ARES,False,122.1,0,0,-0.7,-7.62,True,LOST_20_SMA
2026-06-03T09:20:30.524444,ASML,False,1721.01,0,0,19.27,-3.75,True,ACCELERATION_DECAY
2026-06-03T09:20:30.875057,AXP,False,302.98,0,0,-4.11,-1.52,True,LOST_20_SMA
2026-06-03T09:20:31.219248,BA,False,214.34,0,0,-4.47,-2.85,True,LOST_20_SMA
2026-06-03T09:20:31.894066,BKNG,False,165.61,0,0,-1.21,-2.19,True,MOMENTUM_FAILURE
2026-06-03T09:20:32.236459,BLK,False,987.09,0,0,-5.89,-2.73,True,LOST_20_SMA
2026-06-03T09:20:32.584579,BSX,False,47.32,0,0,-15.47,0.66,True,LOST_20_SMA
2026-06-03T09:20:32.931198,BX,False,109.01,0,0,-11.17,-4.53,True,LOST_20_SMA
2026-06-03T09:20:33.276788,CAT,False,928.99,0,0,2.7,-1.31,True,ACCELERATION_DECAY
2026-06-03T09:20:33.636413,CAVA,False,71.42,0,0,-20.94,-2.16,True,LOST_20_SMA
2026-06-03T09:20:34.068641,CDNS,False,402.69,0,0,13.87,-5.26,True,ACCELERATION_DECAY
2026-06-03T09:20:34.474983,CELH,False,30.0,0,0,-10.5,-1.48,True,LOST_20_SMA
2026-06-03T09:20:34.809778,CME,False,253.0,0,0,-11.79,1.91,True,LOST_20_SMA
2026-06-03T09:20:35.152464,CMG,False,28.97,0,0,-10.34,-1.83,True,LOST_20_SMA
2026-06-03T09:20:35.490613,COIN,False,165.98,0,0,-16.07,-1.78,True,LOST_20_SMA
2026-06-03T09:20:35.904697,COP,False,119.0,0,0,-3.5,2.93,True,MOMENTUM_FAILURE
2026-06-03T09:20:36.232674,COST,False,961.86,0,0,-5.37,0.41,True,LOST_20_SMA
2026-06-03T09:20:36.575878,CRM,False,191.54,0,0,2.43,-5.85,True,ACCELERATION_DECAY
2026-06-03T09:20:36.911262,CRWD,False,749.62,0,0,57.31,-6.56,True,ACCELERATION_DECAY
2026-06-03T09:20:37.249298,CVX,False,190.93,0,0,-0.89,1.57,True,MOMENTUM_FAILURE
2026-06-03T09:20:37.596791,DDOG,False,247.89,0,0,70.1,-13.37,True,ACCELERATION_DECAY
2026-06-03T09:20:37.967759,DE,False,587.95,0,0,2.11,1.96,False,ACCELERATION_DECAY
2026-06-03T09:20:38.305368,DELL,False,415.09,0,0,91.89,-13.8,True,ACCELERATION_DECAY
2026-06-03T09:20:38.654604,DHR,False,176.75,0,0,1.21,0.02,False,ACCELERATION_DECAY
2026-06-03T09:20:39.100965,DUOL,False,105.89,0,0,1.79,2.04,True,LOST_20_SMA
2026-06-03T09:20:39.673500,EOG,False,142.11,0,0,0.92,3.06,False,ACCELERATION_DECAY
2026-06-03T09:20:40.023222,ETN,False,421.16,0,0,2.51,3.65,False,ACCELERATION_DECAY
2026-06-03T09:20:40.724015,FICO,False,1160.15,0,0,8.8,-9.27,True,LOST_20_SMA
2026-06-03T09:20:41.061482,FTNT,False,146.27,0,0,62.67,-4.14,True,ACCELERATION_DECAY
2026-06-03T09:20:41.405276,GD,False,341.07,0,0,-2.32,0.97,True,MOMENTUM_FAILURE
2026-06-03T09:20:41.753162,GE,False,316.75,0,0,10.49,-2.77,True,ACCELERATION_DECAY
2026-06-03T09:20:42.090074,GOOG,False,356.9,0,0,-7.12,-1.53,True,LOST_20_SMA
2026-06-03T09:20:42.428778,GOOGL,False,360.66,0,0,-7.15,-1.57,True,LOST_20_SMA
2026-06-03T09:20:42.778913,GS,False,1040.85,0,0,13.27,-4.59,True,ACCELERATION_DECAY
2026-06-03T09:20:43.130817,HD,False,312.18,0,0,-1.03,-0.74,True,MOMENTUM_FAILURE
2026-06-03T09:20:43.475081,HIMS,False,26.64,0,0,1.18,0.3,False,ACCELERATION_DECAY
2026-06-03T09:20:43.815324,HON,False,234.33,0,0,12.09,-0.15,True,ACCELERATION_DECAY
2026-06-03T09:20:44.198714,HOOD,False,83.52,0,0,8.43,-6.74,True,ACCELERATION_DECAY
2026-06-03T09:20:44.557011,ICE,False,140.34,0,0,-9.62,-0.63,True,LOST_20_SMA
2026-06-03T09:20:44.900810,INTC,False,111.78,0,0,3.36,-9.33,True,LOST_20_SMA
2026-06-03T09:20:45.241636,INTU,False,312.75,0,0,-21.48,-0.63,True,LOST_20_SMA
2026-06-03T09:20:45.570621,ISRG,False,400.53,0,0,-11.27,-0.2,True,LOST_20_SMA
2026-06-03T09:20:45.979755,JPM,False,298.76,0,0,-3.44,-1.26,True,MOMENTUM_FAILURE
2026-06-03T09:20:46.326769,KKR,False,90.21,0,0,-11.56,-2.96,True,LOST_20_SMA
2026-06-03T09:20:46.666395,KLAC,False,2088.28,0,0,20.51,1.14,False,ACCELERATION_DECAY
2026-06-03T09:20:47.006878,LIN,False,511.16,0,0,2.17,1.69,False,ACCELERATION_DECAY
2026-06-03T09:20:47.349188,LLY,False,1086.48,0,0,9.87,-0.07,False,ACCELERATION_DECAY
2026-06-03T09:20:47.684667,LMT,False,522.37,0,0,2.64,3.55,False,ACCELERATION_DECAY
2026-06-03T09:20:48.033352,LRCX,False,340.15,0,0,23.33,-6.0,True,ACCELERATION_DECAY
2026-06-03T09:20:48.370228,LULU,False,125.1,0,0,-3.92,-1.98,True,LOST_20_SMA
2026-06-03T09:20:48.707388,MA,False,467.34,0,0,-5.98,-0.62,True,LOST_20_SMA
2026-06-03T09:20:49.201445,MCD,False,275.94,0,0,-3.24,-0.51,True,LOST_20_SMA
2026-06-03T09:20:49.620801,MCO,False,444.71,0,0,-2.16,-3.06,True,MOMENTUM_FAILURE
2026-06-03T09:20:49.958247,MDB,False,370.1,0,0,38.78,-11.76,True,ACCELERATION_DECAY
2026-06-03T09:20:50.308814,META,False,613.4,0,0,1.4,3.49,False,ACCELERATION_DECAY
2026-06-03T09:20:50.643482,MPC,False,271.5,0,0,4.22,0.05,False,ACCELERATION_DECAY
2026-06-03T09:20:50.982924,MS,False,209.83,0,0,10.87,-3.47,True,ACCELERATION_DECAY
2026-06-03T09:20:51.327183,MSFT,False,426.49,0,0,3.67,-3.02,True,ACCELERATION_DECAY
2026-06-03T09:20:51.675345,MU,False,1059.85,0,0,65.55,-19.05,True,ACCELERATION_DECAY
2026-06-03T09:20:52.012978,NET,False,261.7,0,0,7.07,-14.57,True,ACCELERATION_DECAY
2026-06-03T09:20:52.349182,NFLX,False,81.43,0,0,-7.35,1.1,True,LOST_20_SMA
2026-06-03T09:20:52.690357,NOC,False,536.3,0,0,-3.99,1.37,True,LOST_20_SMA
2026-06-03T09:20:53.028279,NOW,False,120.25,0,0,30.69,-8.1,True,ACCELERATION_DECAY
2026-06-03T09:20:53.382415,NUE,False,259.71,0,0,11.91,-2.55,True,ACCELERATION_DECAY
2026-06-03T09:20:53.717752,NVDA,False,216.63,0,0,10.24,-2.02,True,LOST_20_SMA
2026-06-03T09:20:54.090807,ODFL,False,234.81,0,0,19.75,0.55,False,ACCELERATION_DECAY
2026-06-03T09:20:54.662285,ORCL,False,230.21,0,0,24.2,-11.46,True,ACCELERATION_DECAY
2026-06-03T09:20:54.992974,PANW,False,281.77,0,0,53.15,-7.87,True,ACCELERATION_DECAY
2026-06-03T09:20:55.337723,PH,False,852.27,0,0,-2.34,1.28,True,LOST_20_SMA
2026-06-03T09:20:55.675569,PLTR,False,143.81,0,0,5.81,1.61,False,ACCELERATION_DECAY
2026-06-03T09:20:56.029707,PWR,False,720.02,0,0,-6.69,0.09,True,LOST_20_SMA
2026-06-03T09:20:56.382803,PYPL,False,42.71,0,0,-8.13,3.5,True,LOST_20_SMA
2026-06-03T09:20:56.752755,QCOM,False,253.85,0,0,36.08,-6.96,True,ACCELERATION_DECAY
2026-06-03T09:20:57.085616,RBLX,False,43.02,0,0,-2.32,3.09,True,LOST_20_SMA
2026-06-03T09:20:57.423403,REGN,False,620.0,0,0,-11.71,3.27,True,LOST_20_SMA
2026-06-03T09:20:57.769508,RKLB,False,115.78,0,0,47.0,-6.55,True,LOST_20_SMA
2026-06-03T09:20:58.109237,RTX,False,176.12,0,0,1.88,1.09,False,ACCELERATION_DECAY
2026-06-03T09:20:58.450396,SCHW,False,86.8,0,0,-6.06,-1.83,True,LOST_20_SMA
2026-06-03T09:20:58.795723,SHOP,False,113.55,0,0,5.5,13.76,False,ACCELERATION_DECAY
2026-06-03T09:20:59.139293,SLB,False,57.13,0,0,2.02,0.35,False,ACCELERATION_DECAY
2026-06-03T09:20:59.584617,SNOW,False,246.05,0,0,73.63,-7.45,False,ACCELERATION_DECAY
2026-06-03T09:21:00.006299,SNPS,False,491.91,0,0,-2.11,-4.29,True,LOST_20_SMA
2026-06-03T09:21:00.338994,SOFI,False,16.71,0,0,4.31,-5.2,True,ACCELERATION_DECAY
2026-06-03T09:21:00.830227,SPGI,False,408.3,0,0,-3.67,-1.96,True,LOST_20_SMA
2026-06-03T09:21:01.176443,SYK,False,293.26,0,0,-0.67,-1.51,True,LOST_20_SMA
2026-06-03T09:21:01.508532,TMO,False,471.92,0,0,1.11,-3.11,True,ACCELERATION_DECAY
2026-06-03T09:21:01.842278,TSLA,False,424.4,0,0,9.0,1.04,False,ACCELERATION_DECAY
2026-06-03T09:21:02.199699,TT,False,467.24,0,0,-2.14,3.53,True,MOMENTUM_FAILURE
2026-06-03T09:21:02.551560,TTWO,False,215.1,0,0,-3.59,-2.35,True,LOST_20_SMA
2026-06-03T09:21:02.904904,UBER,False,70.52,0,0,-3.33,-0.21,True,LOST_20_SMA
2026-06-03T09:21:03.235475,UNH,False,384.8,0,0,5.75,3.82,False,ACCELERATION_DECAY
2026-06-03T09:21:03.573970,URI,False,1030.97,0,0,10.39,2.86,False,ACCELERATION_DECAY
2026-06-03T09:21:03.914925,V,False,310.91,0,0,-3.45,-0.54,True,LOST_20_SMA
2026-06-03T09:21:04.260947,VLO,False,265.16,0,0,4.62,1.99,False,ACCELERATION_DECAY
2026-06-03T09:21:04.781528,VRSN,False,296.42,0,0,7.49,-1.0,True,ACCELERATION_DECAY
2026-06-03T09:21:05.177371,VRTX,False,425.92,0,0,0.37,1.47,True,LOST_20_SMA
2026-06-03T09:21:05.605902,WMT,False,116.54,0,0,-10.9,2.36,True,LOST_20_SMA
2026-06-03T09:21:05.960811,XOM,False,154.17,0,0,-0.46,2.23,True,MOMENTUM_FAILURE
2026-06-03T09:21:06.473265,ZS,False,134.95,0,0,-4.53,-5.91,True,LOST_20_SMA
2026-06-03T09:26:07.252201,AAPL,False,311.04,0,0,9.45,-4.41,True,ACCELERATION_DECAY
2026-06-03T09:26:07.726528,ABBV,False,218.17,0,0,5.85,2.37,False,ACCELERATION_DECAY
2026-06-03T09:26:08.152330,ABNB,False,133.85,0,0,-4.21,-0.96,True,MOMENTUM_FAILURE
2026-06-03T09:26:08.584853,ADBE,False,256.55,0,0,0.36,-2.85,False,ACCELERATION_DECAY
2026-06-03T09:26:09.036470,ADSK,False,231.64,0,0,-7.13,-2.74,True,LOST_20_SMA
2026-06-03T09:26:09.767730,AMD,False,534.12,0,0,50.35,-2.36,True,ACCELERATION_DECAY
2026-06-03T09:26:10.123092,AMZN,False,250.28,0,0,-8.51,-2.8,True,LOST_20_SMA
2026-06-03T09:26:10.511405,ANET,False,175.3,0,0,2.98,1.41,False,ACCELERATION_DECAY
2026-06-03T09:26:10.881882,APO,False,125.01,0,0,-4.06,-3.73,True,LOST_20_SMA
2026-06-03T09:26:11.211915,APP,False,570.29,0,0,19.28,-8.22,True,ACCELERATION_DECAY
2026-06-03T09:26:11.562961,ARES,False,122.28,0,0,-0.55,-7.47,True,LOST_20_SMA
2026-06-03T09:26:12.254434,ASML,False,1721.35,0,0,19.3,-3.73,True,ACCELERATION_DECAY
2026-06-03T09:26:12.644984,AXP,False,302.88,0,0,-4.14,-1.56,True,LOST_20_SMA
2026-06-03T09:26:12.999031,BA,False,214.4,0,0,-4.45,-2.82,True,LOST_20_SMA
2026-06-03T09:26:13.758448,BKNG,False,165.42,0,0,-1.32,-2.3,True,MOMENTUM_FAILURE
2026-06-03T09:26:14.105469,BLK,False,987.28,0,0,-5.88,-2.71,True,LOST_20_SMA
2026-06-03T09:26:14.443907,BSX,False,47.36,0,0,-15.4,0.73,True,LOST_20_SMA
2026-06-03T09:26:14.790010,BX,False,109.05,0,0,-11.14,-4.49,True,LOST_20_SMA
2026-06-03T09:26:15.156594,CAT,False,929.07,0,0,2.71,-1.3,True,ACCELERATION_DECAY
2026-06-03T09:26:15.495776,CAVA,False,71.38,0,0,-20.99,-2.21,True,LOST_20_SMA
2026-06-03T09:26:15.943449,CDNS,False,403.05,0,0,13.98,-5.16,True,ACCELERATION_DECAY
2026-06-03T09:26:16.281720,CELH,False,29.95,0,0,-10.65,-1.62,True,LOST_20_SMA
2026-06-03T09:26:16.634386,CME,False,252.64,0,0,-11.92,1.78,True,LOST_20_SMA
2026-06-03T09:26:16.974569,CMG,False,28.96,0,0,-10.37,-1.86,True,LOST_20_SMA
2026-06-03T09:26:17.317309,COIN,False,165.78,0,0,-16.17,-1.88,True,LOST_20_SMA
2026-06-03T09:26:17.666125,COP,False,119.04,0,0,-3.47,2.97,True,MOMENTUM_FAILURE
2026-06-03T09:26:18.013824,COST,False,962.3,0,0,-5.32,0.45,True,LOST_20_SMA
2026-06-03T09:26:18.390056,CRM,False,192.06,0,0,2.71,-5.57,True,ACCELERATION_DECAY
2026-06-03T09:26:18.776827,CRWD,False,750.44,0,0,57.48,-6.39,True,ACCELERATION_DECAY
2026-06-03T09:26:19.120449,CVX,False,190.95,0,0,-0.88,1.58,True,MOMENTUM_FAILURE
2026-06-03T09:26:19.462122,DDOG,False,248.05,0,0,70.21,-13.26,True,ACCELERATION_DECAY
2026-06-03T09:26:19.806025,DE,False,589.22,0,0,2.33,2.18,False,ACCELERATION_DECAY
2026-06-03T09:26:20.146146,DELL,False,415.94,0,0,92.28,-13.4,True,ACCELERATION_DECAY
2026-06-03T09:26:20.496685,DHR,False,176.56,0,0,1.11,-0.08,False,ACCELERATION_DECAY
2026-06-03T09:26:20.837528,DUOL,False,105.48,0,0,1.39,1.65,True,LOST_20_SMA
2026-06-03T09:26:21.180889,EOG,False,142.23,0,0,1.0,3.14,False,ACCELERATION_DECAY
2026-06-03T09:26:21.529697,ETN,False,421.27,0,0,2.53,3.67,False,ACCELERATION_DECAY
2026-06-03T09:26:22.230359,FICO,False,1164.99,0,0,9.26,-8.82,True,LOST_20_SMA
2026-06-03T09:26:22.569097,FTNT,False,146.47,0,0,62.89,-3.92,True,ACCELERATION_DECAY
2026-06-03T09:26:22.922768,GD,False,341.4,0,0,-2.22,1.06,True,MOMENTUM_FAILURE
2026-06-03T09:26:23.309087,GE,False,317.1,0,0,10.61,-2.65,True,ACCELERATION_DECAY
2026-06-03T09:26:23.704281,GOOG,False,356.24,0,0,-7.29,-1.7,True,LOST_20_SMA
2026-06-03T09:26:24.040614,GOOGL,False,360.0,0,0,-7.32,-1.74,True,LOST_20_SMA
2026-06-03T09:26:24.384702,GS,False,1040.86,0,0,13.27,-4.58,True,ACCELERATION_DECAY
2026-06-03T09:26:24.732184,HD,False,311.68,0,0,-1.19,-0.9,True,MOMENTUM_FAILURE
2026-06-03T09:26:25.079890,HIMS,False,26.6,0,0,1.03,0.15,False,ACCELERATION_DECAY
2026-06-03T09:26:25.415840,HON,False,234.68,0,0,12.25,0.02,False,ACCELERATION_DECAY
2026-06-03T09:26:25.761454,HOOD,False,83.46,0,0,8.35,-6.82,True,ACCELERATION_DECAY
2026-06-03T09:26:26.103642,ICE,False,140.79,0,0,-9.33,-0.34,True,LOST_20_SMA
2026-06-03T09:26:26.438483,INTC,False,112.17,0,0,3.72,-8.97,True,LOST_20_SMA
2026-06-03T09:26:26.779505,INTU,False,312.79,0,0,-21.47,-0.62,True,LOST_20_SMA
2026-06-03T09:26:27.133937,ISRG,False,400.07,0,0,-11.37,-0.3,True,LOST_20_SMA
2026-06-03T09:26:27.477816,JPM,False,298.46,0,0,-3.54,-1.36,True,LOST_20_SMA
2026-06-03T09:26:27.811601,KKR,False,90.22,0,0,-11.55,-2.96,True,LOST_20_SMA
2026-06-03T09:26:28.155412,KLAC,False,2091.97,0,0,20.72,1.35,False,ACCELERATION_DECAY
2026-06-03T09:26:28.584609,LIN,False,511.26,0,0,2.19,1.71,False,ACCELERATION_DECAY
2026-06-03T09:26:28.946275,LLY,False,1085.99,0,0,9.82,-0.12,False,ACCELERATION_DECAY
2026-06-03T09:26:29.318514,LMT,False,523.13,0,0,2.79,3.7,False,ACCELERATION_DECAY
2026-06-03T09:26:29.670080,LRCX,False,340.29,0,0,23.38,-5.95,True,ACCELERATION_DECAY
2026-06-03T09:26:30.054852,LULU,False,125.12,0,0,-3.91,-1.96,True,LOST_20_SMA
2026-06-03T09:26:30.414079,MA,False,467.49,0,0,-5.95,-0.59,True,LOST_20_SMA
2026-06-03T09:26:30.754602,MCD,False,275.87,0,0,-3.26,-0.54,True,LOST_20_SMA
2026-06-03T09:26:31.104540,MCO,False,446.04,0,0,-1.87,-2.77,True,MOMENTUM_FAILURE
2026-06-03T09:26:31.439512,MDB,False,370.69,0,0,39.0,-11.54,True,ACCELERATION_DECAY
2026-06-03T09:26:31.772614,META,False,613.97,0,0,1.49,3.58,False,ACCELERATION_DECAY
2026-06-03T09:26:32.120769,MPC,False,271.94,0,0,4.39,0.22,False,ACCELERATION_DECAY
2026-06-03T09:26:32.467597,MS,False,209.97,0,0,10.95,-3.4,True,ACCELERATION_DECAY
2026-06-03T09:26:32.810643,MSFT,False,426.27,0,0,3.62,-3.08,True,ACCELERATION_DECAY
2026-06-03T09:26:33.156197,MU,False,1063.01,0,0,66.04,-18.55,True,ACCELERATION_DECAY
2026-06-03T09:26:33.510655,NET,False,262.83,0,0,7.53,-14.1,True,ACCELERATION_DECAY
2026-06-03T09:26:33.877921,NFLX,False,81.17,0,0,-7.65,0.8,True,LOST_20_SMA
2026-06-03T09:26:34.223823,NOC,False,536.59,0,0,-3.94,1.42,True,LOST_20_SMA
2026-06-03T09:26:34.558238,NOW,False,120.6,0,0,31.07,-7.72,True,ACCELERATION_DECAY
2026-06-03T09:26:34.913674,NUE,False,259.44,0,0,11.79,-2.67,True,ACCELERATION_DECAY
2026-06-03T09:26:35.245483,NVDA,False,216.22,0,0,10.04,-2.23,True,LOST_20_SMA
2026-06-03T09:26:35.596099,ODFL,False,234.32,0,0,19.5,0.3,False,ACCELERATION_DECAY
2026-06-03T09:26:35.995719,ORCL,False,230.82,0,0,24.53,-11.13,True,ACCELERATION_DECAY
2026-06-03T09:26:36.342147,PANW,False,282.96,0,0,53.8,-7.22,True,ACCELERATION_DECAY
2026-06-03T09:26:36.679802,PH,False,852.61,0,0,-2.3,1.32,True,LOST_20_SMA
2026-06-03T09:26:37.024965,PLTR,False,143.76,0,0,5.78,1.57,False,ACCELERATION_DECAY
2026-06-03T09:26:37.371738,PWR,False,719.63,0,0,-6.74,0.03,True,LOST_20_SMA
2026-06-03T09:26:37.717523,PYPL,False,42.64,0,0,-8.28,3.35,True,LOST_20_SMA
2026-06-03T09:26:38.082618,QCOM,False,253.49,0,0,35.88,-7.15,True,ACCELERATION_DECAY
2026-06-03T09:26:38.475774,RBLX,False,43.02,0,0,-2.32,3.09,True,LOST_20_SMA
2026-06-03T09:26:38.832550,REGN,False,619.72,0,0,-11.75,3.23,True,LOST_20_SMA
2026-06-03T09:26:39.200539,RKLB,False,115.79,0,0,47.02,-6.54,True,LOST_20_SMA
2026-06-03T09:26:39.581364,RTX,False,176.12,0,0,1.88,1.09,False,ACCELERATION_DECAY
2026-06-03T09:26:39.927336,SCHW,False,86.77,0,0,-6.09,-1.86,True,LOST_20_SMA
2026-06-03T09:26:40.269844,SHOP,False,113.52,0,0,5.47,13.74,False,ACCELERATION_DECAY
2026-06-03T09:26:40.640651,SLB,False,57.26,0,0,2.25,0.58,False,ACCELERATION_DECAY
2026-06-03T09:26:41.023308,SNOW,False,246.52,0,0,73.96,-7.12,False,ACCELERATION_DECAY
2026-06-03T09:26:41.403896,SNPS,False,492.07,0,0,-2.08,-4.26,True,LOST_20_SMA
2026-06-03T09:26:41.740074,SOFI,False,16.69,0,0,4.18,-5.32,True,ACCELERATION_DECAY
2026-06-03T09:26:42.076363,SPGI,False,409.37,0,0,-3.42,-1.7,True,LOST_20_SMA
2026-06-03T09:26:42.421452,SYK,False,292.83,0,0,-0.82,-1.65,True,LOST_20_SMA
2026-06-03T09:26:42.767616,TMO,False,470.72,0,0,0.85,-3.36,True,ACCELERATION_DECAY
2026-06-03T09:26:43.133216,TSLA,False,423.5,0,0,8.77,0.81,False,ACCELERATION_DECAY
2026-06-03T09:26:43.515999,TT,False,466.84,0,0,-2.22,3.45,True,MOMENTUM_FAILURE
2026-06-03T09:26:43.900867,TTWO,False,214.87,0,0,-3.69,-2.45,True,LOST_20_SMA
2026-06-03T09:26:44.241975,UBER,False,70.52,0,0,-3.33,-0.21,True,LOST_20_SMA
2026-06-03T09:26:44.614711,UNH,False,384.76,0,0,5.74,3.81,False,ACCELERATION_DECAY
2026-06-03T09:26:44.949332,URI,False,1030.7,0,0,10.36,2.84,False,ACCELERATION_DECAY
2026-06-03T09:26:45.303366,V,False,311.14,0,0,-3.38,-0.47,True,LOST_20_SMA
2026-06-03T09:26:45.648289,VLO,False,265.06,0,0,4.58,1.95,False,ACCELERATION_DECAY
2026-06-03T09:26:46.070965,VRSN,False,296.94,0,0,7.68,-0.81,True,ACCELERATION_DECAY
2026-06-03T09:26:46.412086,VRTX,False,425.07,0,0,0.17,1.27,True,LOST_20_SMA
2026-06-03T09:26:46.835577,WMT,False,116.55,0,0,-10.89,2.36,True,LOST_20_SMA
2026-06-03T09:26:47.182361,XOM,False,154.27,0,0,-0.39,2.29,True,MOMENTUM_FAILURE
2026-06-03T09:26:47.526353,ZS,False,135.11,0,0,-4.42,-5.79,True,LOST_20_SMA
2026-06-03T09:31:48.013588,AAPL,False,311.0,0,0,9.44,-4.42,True,ACCELERATION_DECAY
2026-06-03T09:31:48.363246,ABBV,False,218.13,0,0,5.83,2.35,False,ACCELERATION_DECAY
2026-06-03T09:31:48.783107,ABNB,False,133.79,0,0,-4.25,-1.0,True,MOMENTUM_FAILURE
2026-06-03T09:31:49.120893,ADBE,False,256.65,0,0,0.4,-2.81,False,ACCELERATION_DECAY
2026-06-03T09:31:49.449819,ADSK,False,231.01,0,0,-7.38,-2.99,True,LOST_20_SMA
2026-06-03T09:31:50.162146,AMD,False,533.45,0,0,50.16,-2.54,True,ACCELERATION_DECAY
2026-06-03T09:31:50.496247,AMZN,False,249.79,0,0,-8.69,-2.98,True,LOST_20_SMA
2026-06-03T09:31:50.835776,ANET,False,175.36,0,0,3.02,1.45,False,ACCELERATION_DECAY
2026-06-03T09:31:51.177545,APO,False,124.85,0,0,-4.18,-3.85,True,LOST_20_SMA
2026-06-03T09:31:51.510398,APP,False,570.74,0,0,19.37,-8.13,True,ACCELERATION_DECAY
2026-06-03T09:31:51.997247,ARES,False,121.96,0,0,-0.81,-7.73,True,LOST_20_SMA
2026-06-03T09:31:52.693274,ASML,False,1723.41,0,0,19.44,-3.58,True,ACCELERATION_DECAY
2026-06-03T09:31:53.040864,AXP,False,302.86,0,0,-4.14,-1.56,True,LOST_20_SMA
2026-06-03T09:31:53.385683,BA,False,214.3,0,0,-4.49,-2.87,True,LOST_20_SMA
2026-06-03T09:31:54.067536,BKNG,False,165.37,0,0,-1.35,-2.33,True,MOMENTUM_FAILURE
2026-06-03T09:31:54.401569,BLK,False,988.83,0,0,-5.73,-2.56,True,LOST_20_SMA
2026-06-03T09:31:54.754126,BSX,False,47.33,0,0,-15.45,0.68,True,LOST_20_SMA
2026-06-03T09:31:55.102609,BX,False,108.59,0,0,-11.51,-4.87,True,LOST_20_SMA
2026-06-03T09:31:55.442778,CAT,False,929.18,0,0,2.72,-1.29,True,ACCELERATION_DECAY
2026-06-03T09:31:55.768185,CAVA,False,71.27,0,0,-21.11,-2.33,True,LOST_20_SMA
2026-06-03T09:31:56.107274,CDNS,False,402.22,0,0,13.74,-5.4,True,ACCELERATION_DECAY
2026-06-03T09:31:56.444783,CELH,False,29.86,0,0,-10.92,-1.89,True,LOST_20_SMA
2026-06-03T09:31:56.805517,CME,False,252.62,0,0,-11.92,1.77,True,LOST_20_SMA
2026-06-03T09:31:57.254939,CMG,False,29.06,0,0,-10.06,-1.55,True,LOST_20_SMA
2026-06-03T09:31:57.599089,COIN,False,165.44,0,0,-16.34,-2.05,True,LOST_20_SMA
2026-06-03T09:31:57.944789,COP,False,119.12,0,0,-3.41,3.03,True,MOMENTUM_FAILURE
2026-06-03T09:31:58.287933,COST,False,962.12,0,0,-5.34,0.44,True,LOST_20_SMA
2026-06-03T09:31:58.628256,CRM,False,192.16,0,0,2.76,-5.52,True,ACCELERATION_DECAY
2026-06-03T09:31:58.965238,CRWD,False,749.93,0,0,57.37,-6.5,True,ACCELERATION_DECAY
2026-06-03T09:31:59.313424,CVX,False,191.04,0,0,-0.83,1.63,True,MOMENTUM_FAILURE
2026-06-03T09:31:59.646463,DDOG,False,247.75,0,0,70.01,-13.46,True,ACCELERATION_DECAY
2026-06-03T09:31:59.995159,DE,False,588.84,0,0,2.27,2.12,False,ACCELERATION_DECAY
2026-06-03T09:32:00.326566,DELL,False,416.79,0,0,92.67,-13.01,True,ACCELERATION_DECAY
2026-06-03T09:32:00.664726,DHR,False,176.6,0,0,1.13,-0.06,False,ACCELERATION_DECAY
2026-06-03T09:32:00.993702,DUOL,False,105.28,0,0,1.2,1.46,True,LOST_20_SMA
2026-06-03T09:32:01.338184,EOG,False,142.32,0,0,1.07,3.2,False,ACCELERATION_DECAY
2026-06-03T09:32:01.670364,ETN,False,421.69,0,0,2.64,3.78,False,ACCELERATION_DECAY
2026-06-03T09:32:02.493746,FICO,False,1163.88,0,0,9.15,-8.92,True,LOST_20_SMA
2026-06-03T09:32:02.839732,FTNT,False,146.2,0,0,62.59,-4.22,True,ACCELERATION_DECAY
2026-06-03T09:32:03.198892,GD,False,341.48,0,0,-2.2,1.09,True,MOMENTUM_FAILURE
2026-06-03T09:32:03.543834,GE,False,317.74,0,0,10.83,-2.43,True,ACCELERATION_DECAY
2026-06-03T09:32:03.882135,GOOG,False,355.79,0,0,-7.41,-1.81,True,LOST_20_SMA
2026-06-03T09:32:04.225432,GOOGL,False,359.53,0,0,-7.44,-1.86,True,LOST_20_SMA
2026-06-03T09:32:04.585879,GS,False,1042.88,0,0,13.49,-4.36,True,ACCELERATION_DECAY
2026-06-03T09:32:04.949369,HD,False,311.5,0,0,-1.24,-0.95,True,MOMENTUM_FAILURE
2026-06-03T09:32:05.318853,HIMS,False,26.67,0,0,1.29,0.41,False,ACCELERATION_DECAY
2026-06-03T09:32:05.665117,HON,False,234.59,0,0,12.21,-0.02,True,ACCELERATION_DECAY
2026-06-03T09:32:06.090486,HOOD,False,83.4,0,0,8.27,-6.9,True,ACCELERATION_DECAY
2026-06-03T09:32:06.441429,ICE,False,140.3,0,0,-9.65,-0.66,True,LOST_20_SMA
2026-06-03T09:32:06.800925,INTC,False,112.06,0,0,3.62,-9.07,True,LOST_20_SMA
2026-06-03T09:32:07.142636,INTU,False,312.73,0,0,-21.49,-0.64,True,LOST_20_SMA
2026-06-03T09:32:07.496406,ISRG,False,400.5,0,0,-11.27,-0.21,True,LOST_20_SMA
2026-06-03T09:32:07.874103,JPM,False,298.93,0,0,-3.38,-1.21,True,MOMENTUM_FAILURE
2026-06-03T09:32:08.211355,KKR,False,89.81,0,0,-11.95,-3.36,True,LOST_20_SMA
2026-06-03T09:32:08.543625,KLAC,False,2096.43,0,0,20.98,1.61,False,ACCELERATION_DECAY
2026-06-03T09:32:08.884553,LIN,False,510.38,0,0,2.02,1.54,False,ACCELERATION_DECAY
2026-06-03T09:32:09.224183,LLY,False,1085.86,0,0,9.81,-0.13,False,ACCELERATION_DECAY
2026-06-03T09:32:09.560388,LMT,False,522.43,0,0,2.65,3.56,False,ACCELERATION_DECAY
2026-06-03T09:32:09.901763,LRCX,False,340.81,0,0,23.57,-5.76,True,ACCELERATION_DECAY
2026-06-03T09:32:10.247988,LULU,False,125.05,0,0,-3.96,-2.02,True,LOST_20_SMA
2026-06-03T09:32:10.584755,MA,False,467.52,0,0,-5.95,-0.59,True,LOST_20_SMA
2026-06-03T09:32:10.920912,MCD,False,275.84,0,0,-3.27,-0.55,True,LOST_20_SMA
2026-06-03T09:32:11.266112,MCO,False,445.87,0,0,-1.91,-2.81,True,MOMENTUM_FAILURE
2026-06-03T09:32:11.621913,MDB,False,369.81,0,0,38.67,-11.87,True,ACCELERATION_DECAY
2026-06-03T09:32:11.977103,META,False,612.88,0,0,1.31,3.4,False,ACCELERATION_DECAY
2026-06-03T09:32:12.400756,MPC,False,272.31,0,0,4.53,0.36,False,ACCELERATION_DECAY
2026-06-03T09:32:12.743569,MS,False,210.29,0,0,11.12,-3.23,True,ACCELERATION_DECAY
2026-06-03T09:32:13.147609,MSFT,False,425.53,0,0,3.44,-3.25,True,ACCELERATION_DECAY
2026-06-03T09:32:13.508900,MU,False,1067.23,0,0,66.7,-17.89,True,ACCELERATION_DECAY
2026-06-03T09:32:13.840537,NET,False,262.33,0,0,7.32,-14.31,True,ACCELERATION_DECAY
2026-06-03T09:32:14.180457,NFLX,False,81.2,0,0,-7.61,0.84,True,LOST_20_SMA
2026-06-03T09:32:14.520046,NOC,False,536.43,0,0,-3.97,1.39,True,LOST_20_SMA
2026-06-03T09:32:14.847572,NOW,False,120.4,0,0,30.86,-7.94,True,ACCELERATION_DECAY
2026-06-03T09:32:15.194262,NUE,False,259.61,0,0,11.87,-2.59,True,ACCELERATION_DECAY
2026-06-03T09:32:15.531775,NVDA,False,216.49,0,0,10.17,-2.09,True,LOST_20_SMA
2026-06-03T09:32:15.977288,ODFL,False,234.35,0,0,19.52,0.32,False,ACCELERATION_DECAY
2026-06-03T09:32:16.320390,ORCL,False,229.89,0,0,24.03,-11.63,True,ACCELERATION_DECAY
2026-06-03T09:32:16.665771,PANW,False,282.39,0,0,53.49,-7.53,True,ACCELERATION_DECAY
2026-06-03T09:32:17.024147,PH,False,852.94,0,0,-2.26,1.36,True,LOST_20_SMA
2026-06-03T09:32:17.388847,PLTR,False,143.43,0,0,5.53,1.33,False,ACCELERATION_DECAY
2026-06-03T09:32:17.774650,PWR,False,719.81,0,0,-6.71,0.06,True,LOST_20_SMA
2026-06-03T09:32:18.110512,PYPL,False,42.63,0,0,-8.3,3.33,True,LOST_20_SMA
2026-06-03T09:32:18.484328,QCOM,False,254.28,0,0,36.31,-6.73,True,ACCELERATION_DECAY
2026-06-03T09:32:18.844364,RBLX,False,42.79,0,0,-2.84,2.56,True,LOST_20_SMA
2026-06-03T09:32:19.188797,REGN,False,620.22,0,0,-11.68,3.3,True,LOST_20_SMA
2026-06-03T09:32:19.532582,RKLB,False,115.2,0,0,46.27,-7.29,True,LOST_20_SMA
2026-06-03T09:32:19.879211,RTX,False,176.14,0,0,1.89,1.11,False,ACCELERATION_DECAY
2026-06-03T09:32:20.245763,SCHW,False,86.75,0,0,-6.11,-1.88,True,LOST_20_SMA
2026-06-03T09:32:20.589646,SHOP,False,113.3,0,0,5.27,13.53,False,ACCELERATION_DECAY
2026-06-03T09:32:20.965430,SLB,False,57.17,0,0,2.09,0.42,False,ACCELERATION_DECAY
2026-06-03T09:32:21.343995,SNOW,False,245.62,0,0,73.33,-7.76,False,ACCELERATION_DECAY
2026-06-03T09:32:21.676650,SNPS,False,492.23,0,0,-2.05,-4.23,True,LOST_20_SMA
2026-06-03T09:32:22.017370,SOFI,False,16.68,0,0,4.12,-5.39,True,ACCELERATION_DECAY
2026-06-03T09:32:22.392517,SPGI,False,409.11,0,0,-3.48,-1.77,True,LOST_20_SMA
2026-06-03T09:32:22.753765,SYK,False,293.0,0,0,-0.76,-1.59,True,LOST_20_SMA
2026-06-03T09:32:23.117011,TMO,False,471.68,0,0,1.05,-3.16,True,ACCELERATION_DECAY
2026-06-03T09:32:23.461759,TSLA,False,423.94,0,0,8.88,0.92,False,ACCELERATION_DECAY
2026-06-03T09:32:23.803542,TT,False,466.46,0,0,-2.3,3.37,True,MOMENTUM_FAILURE
2026-06-03T09:32:24.145664,TTWO,False,214.87,0,0,-3.69,-2.45,True,LOST_20_SMA
2026-06-03T09:32:24.487241,UBER,False,70.5,0,0,-3.36,-0.23,True,LOST_20_SMA
2026-06-03T09:32:24.829013,UNH,False,384.79,0,0,5.75,3.82,False,ACCELERATION_DECAY
2026-06-03T09:32:25.171552,URI,False,1032.81,0,0,10.59,3.06,False,ACCELERATION_DECAY
2026-06-03T09:32:25.530686,V,False,311.27,0,0,-3.34,-0.43,True,LOST_20_SMA
2026-06-03T09:32:25.966521,VLO,False,265.17,0,0,4.62,1.99,False,ACCELERATION_DECAY
2026-06-03T09:32:26.301400,VRSN,False,297.28,0,0,7.8,-0.68,True,ACCELERATION_DECAY
2026-06-03T09:32:26.637928,VRTX,False,425.3,0,0,0.22,1.33,True,LOST_20_SMA
2026-06-03T09:32:27.062808,WMT,False,116.56,0,0,-10.88,2.37,True,LOST_20_SMA
2026-06-03T09:32:27.426759,XOM,False,154.27,0,0,-0.39,2.29,True,MOMENTUM_FAILURE
2026-06-03T09:32:27.802877,ZS,False,134.76,0,0,-4.67,-6.04,True,LOST_20_SMA
2026-06-03T09:37:28.277500,AAPL,False,310.72,0,0,9.34,-4.52,True,ACCELERATION_DECAY
2026-06-03T09:37:28.615887,ABBV,False,218.07,0,0,5.8,2.32,False,ACCELERATION_DECAY
2026-06-03T09:37:29.007984,ABNB,False,133.71,0,0,-4.31,-1.06,True,MOMENTUM_FAILURE
2026-06-03T09:37:29.345627,ADBE,False,256.26,0,0,0.25,-2.96,False,ACCELERATION_DECAY
2026-06-03T09:37:29.676356,ADSK,False,230.79,0,0,-7.47,-3.08,True,LOST_20_SMA
2026-06-03T09:37:30.423490,AMD,False,532.93,0,0,50.01,-2.69,True,ACCELERATION_DECAY
2026-06-03T09:37:30.812381,AMZN,False,249.36,0,0,-8.84,-3.13,True,LOST_20_SMA
2026-06-03T09:37:31.174064,ANET,False,175.15,0,0,2.9,1.33,False,ACCELERATION_DECAY
2026-06-03T09:37:31.518487,APO,False,124.97,0,0,-4.09,-3.76,True,LOST_20_SMA
2026-06-03T09:37:31.848793,APP,False,569.4,0,0,19.09,-8.41,True,ACCELERATION_DECAY
2026-06-03T09:37:32.192258,ARES,False,122.02,0,0,-0.76,-7.68,True,LOST_20_SMA
2026-06-03T09:37:32.883016,ASML,False,1720.58,0,0,19.24,-3.78,True,ACCELERATION_DECAY
2026-06-03T09:37:33.219025,AXP,False,303.12,0,0,-4.06,-1.48,True,LOST_20_SMA
2026-06-03T09:37:33.561440,BA,False,214.08,0,0,-4.59,-2.96,True,LOST_20_SMA
2026-06-03T09:37:34.244018,BKNG,False,165.4,0,0,-1.33,-2.31,True,MOMENTUM_FAILURE
2026-06-03T09:37:34.582829,BLK,False,989.43,0,0,-5.67,-2.51,True,LOST_20_SMA
2026-06-03T09:37:34.924160,BSX,False,47.38,0,0,-15.36,0.77,True,LOST_20_SMA
2026-06-03T09:37:35.366434,BX,False,108.61,0,0,-11.5,-4.85,True,LOST_20_SMA
2026-06-03T09:37:35.919498,CAT,False,928.01,0,0,2.59,-1.42,True,ACCELERATION_DECAY
2026-06-03T09:37:36.260280,CAVA,False,71.45,0,0,-20.91,-2.13,True,LOST_20_SMA
2026-06-03T09:37:36.594979,CDNS,False,402.02,0,0,13.68,-5.45,True,ACCELERATION_DECAY
2026-06-03T09:37:36.932676,CELH,False,29.88,0,0,-10.86,-1.83,True,LOST_20_SMA
2026-06-03T09:37:37.274000,CME,False,253.05,0,0,-11.77,1.92,True,LOST_20_SMA
2026-06-03T09:37:37.613179,CMG,False,29.08,0,0,-10.0,-1.49,True,LOST_20_SMA
2026-06-03T09:37:37.957675,COIN,False,164.7,0,0,-16.71,-2.43,True,LOST_20_SMA
2026-06-03T09:37:38.317844,COP,False,119.2,0,0,-3.34,3.1,True,MOMENTUM_FAILURE
2026-06-03T09:37:38.661875,COST,False,961.29,0,0,-5.42,0.35,True,LOST_20_SMA
2026-06-03T09:37:39.006491,CRM,False,191.7,0,0,2.52,-5.76,True,ACCELERATION_DECAY
2026-06-03T09:37:39.349032,CRWD,False,750.38,0,0,57.47,-6.4,True,ACCELERATION_DECAY
2026-06-03T09:37:39.688316,CVX,False,191.16,0,0,-0.77,1.69,True,MOMENTUM_FAILURE
2026-06-03T09:37:40.170350,DDOG,False,248.87,0,0,70.77,-12.69,True,ACCELERATION_DECAY
2026-06-03T09:37:40.665759,DE,False,589.48,0,0,2.38,2.23,False,ACCELERATION_DECAY
2026-06-03T09:37:41.074930,DELL,False,415.97,0,0,92.29,-13.39,True,ACCELERATION_DECAY
2026-06-03T09:37:41.493082,DHR,False,176.9,0,0,1.3,0.11,False,ACCELERATION_DECAY
2026-06-03T09:37:41.889355,DUOL,False,105.01,0,0,0.94,1.2,True,LOST_20_SMA
2026-06-03T09:37:42.362840,EOG,False,142.56,0,0,1.24,3.38,False,ACCELERATION_DECAY
2026-06-03T09:37:42.777982,ETN,False,420.76,0,0,2.41,3.55,False,ACCELERATION_DECAY
2026-06-03T09:37:43.722714,FICO,False,1160.66,0,0,8.85,-9.23,True,LOST_20_SMA
2026-06-03T09:37:44.140412,FTNT,False,146.62,0,0,63.06,-3.75,True,ACCELERATION_DECAY
2026-06-03T09:37:44.548056,GD,False,341.77,0,0,-2.12,1.17,True,MOMENTUM_FAILURE
2026-06-03T09:37:44.903397,GE,False,317.6,0,0,10.79,-2.48,True,ACCELERATION_DECAY
2026-06-03T09:37:45.365567,GOOG,False,355.09,0,0,-7.59,-2.0,True,LOST_20_SMA
2026-06-03T09:37:45.718863,GOOGL,False,358.84,0,0,-7.62,-2.03,True,LOST_20_SMA
2026-06-03T09:37:46.114582,GS,False,1042.44,0,0,13.45,-4.41,True,ACCELERATION_DECAY
2026-06-03T09:37:46.459593,HD,False,311.21,0,0,-1.33,-1.05,True,MOMENTUM_FAILURE
2026-06-03T09:37:46.801150,HIMS,False,26.63,0,0,1.14,0.26,False,ACCELERATION_DECAY
2026-06-03T09:37:47.146140,HON,False,234.04,0,0,11.95,-0.28,True,ACCELERATION_DECAY
2026-06-03T09:37:47.488453,HOOD,False,83.15,0,0,7.94,-7.22,True,ACCELERATION_DECAY
2026-06-03T09:37:47.830885,ICE,False,140.41,0,0,-9.58,-0.59,True,LOST_20_SMA
2026-06-03T09:37:48.176390,INTC,False,112.13,0,0,3.68,-9.01,True,LOST_20_SMA
2026-06-03T09:37:48.514673,INTU,False,312.71,0,0,-21.49,-0.64,True,LOST_20_SMA
2026-06-03T09:37:48.852460,ISRG,False,400.5,0,0,-11.27,-0.21,True,LOST_20_SMA
2026-06-03T09:37:49.198626,JPM,False,299.51,0,0,-3.2,-1.02,True,MOMENTUM_FAILURE
2026-06-03T09:37:49.545700,KKR,False,90.01,0,0,-11.75,-3.16,True,LOST_20_SMA
2026-06-03T09:37:49.888382,KLAC,False,2093.95,0,0,20.84,1.46,False,ACCELERATION_DECAY
2026-06-03T09:37:50.276514,LIN,False,510.46,0,0,2.03,1.55,False,ACCELERATION_DECAY
2026-06-03T09:37:50.654155,LLY,False,1085.75,0,0,9.8,-0.14,False,ACCELERATION_DECAY
2026-06-03T09:37:51.131750,LMT,False,521.62,0,0,2.49,3.4,False,ACCELERATION_DECAY
2026-06-03T09:37:51.471803,LRCX,False,340.02,0,0,23.28,-6.05,True,ACCELERATION_DECAY
2026-06-03T09:37:51.810582,LULU,False,125.2,0,0,-3.85,-1.9,True,LOST_20_SMA
2026-06-03T09:37:52.150127,MA,False,467.18,0,0,-6.02,-0.65,True,LOST_20_SMA
2026-06-03T09:37:52.502382,MCD,False,275.54,0,0,-3.38,-0.65,True,LOST_20_SMA
2026-06-03T09:37:52.850128,MCO,False,446.14,0,0,-1.85,-2.75,True,MOMENTUM_FAILURE
2026-06-03T09:37:53.185999,MDB,False,371.45,0,0,39.29,-11.25,True,ACCELERATION_DECAY
2026-06-03T09:37:53.533198,META,False,613.11,0,0,1.35,3.44,False,ACCELERATION_DECAY
2026-06-03T09:37:53.878699,MPC,False,271.65,0,0,4.28,0.11,False,ACCELERATION_DECAY
2026-06-03T09:37:54.219675,MS,False,210.34,0,0,11.14,-3.2,True,ACCELERATION_DECAY
2026-06-03T09:37:54.560902,MSFT,False,425.49,0,0,3.43,-3.26,True,ACCELERATION_DECAY
2026-06-03T09:37:54.958862,MU,False,1065.42,0,0,66.42,-18.18,True,ACCELERATION_DECAY
2026-06-03T09:37:55.449956,NET,False,262.58,0,0,7.43,-14.21,True,ACCELERATION_DECAY
2026-06-03T09:37:55.888658,NFLX,False,81.14,0,0,-7.68,0.77,True,LOST_20_SMA
2026-06-03T09:37:56.224612,NOC,False,535.82,0,0,-4.08,1.29,True,LOST_20_SMA
2026-06-03T09:37:56.566677,NOW,False,120.28,0,0,30.72,-8.07,True,ACCELERATION_DECAY
2026-06-03T09:37:56.917759,NUE,False,259.1,0,0,11.65,-2.81,True,ACCELERATION_DECAY
2026-06-03T09:37:57.252962,NVDA,False,216.34,0,0,10.1,-2.17,True,LOST_20_SMA
2026-06-03T09:37:57.591717,ODFL,False,234.26,0,0,19.47,0.27,False,ACCELERATION_DECAY
2026-06-03T09:37:57.936169,ORCL,False,229.8,0,0,23.98,-11.68,True,ACCELERATION_DECAY
2026-06-03T09:37:58.274357,PANW,False,283.03,0,0,53.84,-7.18,True,ACCELERATION_DECAY
2026-06-03T09:37:58.617418,PH,False,852.25,0,0,-2.34,1.28,True,LOST_20_SMA
2026-06-03T09:37:58.953381,PLTR,False,143.3,0,0,5.44,1.23,False,ACCELERATION_DECAY
2026-06-03T09:37:59.305932,PWR,False,719.23,0,0,-6.79,-0.02,True,LOST_20_SMA
2026-06-03T09:37:59.642653,PYPL,False,42.59,0,0,-8.39,3.24,True,LOST_20_SMA
2026-06-03T09:37:59.979015,QCOM,False,253.97,0,0,36.14,-6.89,True,ACCELERATION_DECAY
2026-06-03T09:38:00.317455,RBLX,False,42.81,0,0,-2.79,2.61,True,LOST_20_SMA
2026-06-03T09:38:00.848847,REGN,False,619.25,0,0,-11.82,3.17,True,LOST_20_SMA
2026-06-03T09:38:01.182410,RKLB,False,115.15,0,0,46.2,-7.35,True,LOST_20_SMA
2026-06-03T09:38:01.530002,RTX,False,176.05,0,0,1.84,1.05,False,ACCELERATION_DECAY
2026-06-03T09:38:01.876614,SCHW,False,86.83,0,0,-6.03,-1.8,True,LOST_20_SMA
2026-06-03T09:38:02.265647,SHOP,False,113.2,0,0,5.18,13.44,False,ACCELERATION_DECAY
2026-06-03T09:38:02.606493,SLB,False,57.08,0,0,1.93,0.26,False,ACCELERATION_DECAY
2026-06-03T09:38:02.948993,SNOW,False,246.0,0,0,73.59,-7.49,False,ACCELERATION_DECAY
2026-06-03T09:38:03.280511,SNPS,False,491.25,0,0,-2.24,-4.42,True,LOST_20_SMA
2026-06-03T09:38:03.615095,SOFI,False,16.66,0,0,4.0,-5.51,True,ACCELERATION_DECAY
2026-06-03T09:38:03.960747,SPGI,False,409.95,0,0,-3.28,-1.57,True,LOST_20_SMA
2026-06-03T09:38:04.314719,SYK,False,292.95,0,0,-0.78,-1.61,True,LOST_20_SMA
2026-06-03T09:38:04.661912,TMO,False,471.21,0,0,0.95,-3.26,True,ACCELERATION_DECAY
2026-06-03T09:38:05.020829,TSLA,False,423.65,0,0,8.8,0.85,False,ACCELERATION_DECAY
2026-06-03T09:38:05.386822,TT,False,466.09,0,0,-2.38,3.29,True,MOMENTUM_FAILURE
2026-06-03T09:38:05.739467,TTWO,False,214.51,0,0,-3.85,-2.61,True,LOST_20_SMA
2026-06-03T09:38:06.190512,UBER,False,70.56,0,0,-3.28,-0.15,True,LOST_20_SMA
2026-06-03T09:38:06.536527,UNH,False,385.23,0,0,5.87,3.94,False,ACCELERATION_DECAY
2026-06-03T09:38:06.885224,URI,False,1032.09,0,0,10.51,2.98,False,ACCELERATION_DECAY
2026-06-03T09:38:07.225616,V,False,311.08,0,0,-3.4,-0.48,True,LOST_20_SMA
2026-06-03T09:38:07.562926,VLO,False,265.15,0,0,4.62,1.98,False,ACCELERATION_DECAY
2026-06-03T09:38:07.911565,VRSN,False,296.71,0,0,7.59,-0.89,True,ACCELERATION_DECAY
2026-06-03T09:38:08.265510,VRTX,False,425.09,0,0,0.17,1.28,True,LOST_20_SMA
2026-06-03T09:38:08.697577,WMT,False,116.41,0,0,-10.99,2.26,True,LOST_20_SMA
2026-06-03T09:38:09.041410,XOM,False,154.5,0,0,-0.25,2.44,True,MOMENTUM_FAILURE
2026-06-03T09:38:09.385662,ZS,False,134.61,0,0,-4.78,-6.15,True,LOST_20_SMA
2026-06-03T09:43:09.857433,AAPL,False,309.99,0,0,9.08,-4.78,True,ACCELERATION_DECAY
2026-06-03T09:43:10.196081,ABBV,False,218.34,0,0,5.93,2.46,False,ACCELERATION_DECAY
2026-06-03T09:43:10.532284,ABNB,False,133.76,0,0,-4.27,-1.02,True,MOMENTUM_FAILURE
2026-06-03T09:43:10.871660,ADBE,False,256.99,0,0,0.54,-2.67,False,ACCELERATION_DECAY
2026-06-03T09:43:11.200439,ADSK,False,231.3,0,0,-7.27,-2.87,True,LOST_20_SMA
2026-06-03T09:43:11.889292,AMD,False,530.61,0,0,49.36,-3.34,True,ACCELERATION_DECAY
2026-06-03T09:43:12.232451,AMZN,False,249.38,0,0,-8.84,-3.13,True,LOST_20_SMA
2026-06-03T09:43:12.570789,ANET,False,174.41,0,0,2.46,0.89,False,ACCELERATION_DECAY
2026-06-03T09:43:12.912099,APO,False,125.15,0,0,-3.95,-3.62,True,LOST_20_SMA
2026-06-03T09:43:13.244949,APP,False,568.32,0,0,18.87,-8.63,True,ACCELERATION_DECAY
2026-06-03T09:43:13.585668,ARES,False,122.08,0,0,-0.72,-7.63,True,LOST_20_SMA
2026-06-03T09:43:14.324353,ASML,False,1716.49,0,0,18.96,-4.06,True,ACCELERATION_DECAY
2026-06-03T09:43:14.658673,AXP,False,303.6,0,0,-3.91,-1.33,True,LOST_20_SMA
2026-06-03T09:43:14.998234,BA,False,213.98,0,0,-4.63,-3.01,True,LOST_20_SMA
2026-06-03T09:43:15.706673,BKNG,False,165.64,0,0,-1.19,-2.17,True,MOMENTUM_FAILURE
2026-06-03T09:43:16.103854,BLK,False,991.4,0,0,-5.48,-2.32,True,LOST_20_SMA
2026-06-03T09:43:16.450262,BSX,False,47.52,0,0,-15.11,1.02,True,LOST_20_SMA
2026-06-03T09:43:16.790319,BX,False,109.01,0,0,-11.17,-4.53,True,LOST_20_SMA
2026-06-03T09:43:17.148443,CAT,False,925.67,0,0,2.33,-1.67,True,ACCELERATION_DECAY
2026-06-03T09:43:17.485367,CAVA,False,71.2,0,0,-21.19,-2.41,True,LOST_20_SMA
2026-06-03T09:43:17.818595,CDNS,False,402.19,0,0,13.73,-5.4,True,ACCELERATION_DECAY
2026-06-03T09:43:18.162477,CELH,False,29.86,0,0,-10.92,-1.89,True,LOST_20_SMA
2026-06-03T09:43:18.557603,CME,False,253.14,0,0,-11.74,1.95,True,LOST_20_SMA
2026-06-03T09:43:18.900286,CMG,False,29.12,0,0,-9.87,-1.37,True,LOST_20_SMA
2026-06-03T09:43:19.252433,COIN,False,164.6,0,0,-16.76,-2.48,True,LOST_20_SMA
2026-06-03T09:43:19.607913,COP,False,119.53,0,0,-3.07,3.36,True,MOMENTUM_FAILURE
2026-06-03T09:43:19.946536,COST,False,962.48,0,0,-5.31,0.47,True,LOST_20_SMA
2026-06-03T09:43:20.285462,CRM,False,192.02,0,0,2.69,-5.59,True,ACCELERATION_DECAY
2026-06-03T09:43:20.626701,CRWD,False,751.87,0,0,57.78,-6.09,True,ACCELERATION_DECAY
2026-06-03T09:43:20.968477,CVX,False,191.47,0,0,-0.61,1.85,True,MOMENTUM_FAILURE
2026-06-03T09:43:21.304594,DDOG,False,250.23,0,0,71.71,-11.76,True,ACCELERATION_DECAY
2026-06-03T09:43:21.646880,DE,False,588.97,0,0,2.29,2.14,False,ACCELERATION_DECAY
2026-06-03T09:43:21.992239,DELL,False,415.57,0,0,92.11,-13.58,True,ACCELERATION_DECAY
2026-06-03T09:43:22.331899,DHR,False,176.89,0,0,1.29,0.1,False,ACCELERATION_DECAY
2026-06-03T09:43:22.671006,DUOL,False,104.7,0,0,0.64,0.9,True,LOST_20_SMA
2026-06-03T09:43:23.010371,EOG,False,142.91,0,0,1.48,3.62,False,ACCELERATION_DECAY
2026-06-03T09:43:23.345524,ETN,False,419.73,0,0,2.16,3.3,False,ACCELERATION_DECAY
2026-06-03T09:43:24.059573,FICO,False,1162.14,0,0,8.99,-9.09,True,LOST_20_SMA
2026-06-03T09:43:24.394821,FTNT,False,146.95,0,0,63.42,-3.39,True,ACCELERATION_DECAY
2026-06-03T09:43:24.729851,GD,False,341.61,0,0,-2.16,1.12,True,MOMENTUM_FAILURE
2026-06-03T09:43:25.075983,GE,False,317.7,0,0,10.82,-2.44,True,ACCELERATION_DECAY
2026-06-03T09:43:25.406305,GOOG,False,355.13,0,0,-7.58,-1.99,True,LOST_20_SMA
2026-06-03T09:43:25.749425,GOOGL,False,358.78,0,0,-7.63,-2.05,True,LOST_20_SMA
2026-06-03T09:43:26.155738,GS,False,1042.42,0,0,13.44,-4.42,True,ACCELERATION_DECAY
2026-06-03T09:43:26.501561,HD,False,311.26,0,0,-1.32,-1.03,True,MOMENTUM_FAILURE
2026-06-03T09:43:26.840804,HIMS,False,26.55,0,0,0.84,-0.04,False,ACCELERATION_DECAY
2026-06-03T09:43:27.183314,HON,False,234.35,0,0,12.1,-0.14,True,ACCELERATION_DECAY
2026-06-03T09:43:27.513612,HOOD,False,83.11,0,0,7.89,-7.27,True,ACCELERATION_DECAY
2026-06-03T09:43:27.853312,ICE,False,140.75,0,0,-9.36,-0.37,True,LOST_20_SMA
2026-06-03T09:43:28.189793,INTC,False,111.12,0,0,2.75,-9.94,True,LOST_20_SMA
2026-06-03T09:43:28.527207,INTU,False,313.09,0,0,-21.4,-0.55,True,LOST_20_SMA
2026-06-03T09:43:28.857904,ISRG,False,401.5,0,0,-11.05,0.01,True,LOST_20_SMA
2026-06-03T09:43:29.202939,JPM,False,299.98,0,0,-3.04,-0.87,True,MOMENTUM_FAILURE
2026-06-03T09:43:29.547842,KKR,False,90.24,0,0,-11.53,-2.94,True,LOST_20_SMA
2026-06-03T09:43:29.882760,KLAC,False,2083.61,0,0,20.24,0.87,False,ACCELERATION_DECAY
2026-06-03T09:43:30.237525,LIN,False,510.79,0,0,2.1,1.62,False,ACCELERATION_DECAY
2026-06-03T09:43:30.577722,LLY,False,1087.63,0,0,9.99,0.05,False,ACCELERATION_DECAY
2026-06-03T09:43:30.918161,LMT,False,522.11,0,0,2.59,3.5,False,ACCELERATION_DECAY
2026-06-03T09:43:31.253237,LRCX,False,339.06,0,0,22.94,-6.39,True,ACCELERATION_DECAY
2026-06-03T09:43:31.591478,LULU,False,125.21,0,0,-3.84,-1.89,True,LOST_20_SMA
2026-06-03T09:43:31.936184,MA,False,467.91,0,0,-5.87,-0.51,True,LOST_20_SMA
2026-06-03T09:43:32.296842,MCD,False,275.58,0,0,-3.36,-0.64,True,LOST_20_SMA
2026-06-03T09:43:32.654370,MCO,False,446.05,0,0,-1.87,-2.77,True,MOMENTUM_FAILURE
2026-06-03T09:43:33.009406,MDB,False,372.69,0,0,39.75,-10.79,True,ACCELERATION_DECAY
2026-06-03T09:43:33.351155,META,False,612.71,0,0,1.28,3.37,False,ACCELERATION_DECAY
2026-06-03T09:43:33.705844,MPC,False,271.9,0,0,4.37,0.21,False,ACCELERATION_DECAY
2026-06-03T09:43:34.060769,MS,False,210.49,0,0,11.22,-3.12,True,ACCELERATION_DECAY
2026-06-03T09:43:34.404614,MSFT,False,425.52,0,0,3.44,-3.26,True,ACCELERATION_DECAY
2026-06-03T09:43:34.736230,MU,False,1063.67,0,0,66.15,-18.45,True,ACCELERATION_DECAY
2026-06-03T09:43:35.075296,NET,False,263.57,0,0,7.83,-13.8,True,ACCELERATION_DECAY
2026-06-03T09:43:35.410723,NFLX,False,81.22,0,0,-7.59,0.86,True,LOST_20_SMA
2026-06-03T09:43:35.747084,NOC,False,536.82,0,0,-3.9,1.46,True,LOST_20_SMA
2026-06-03T09:43:36.165440,NOW,False,120.33,0,0,30.78,-8.02,True,ACCELERATION_DECAY
2026-06-03T09:43:36.506921,NUE,False,258.56,0,0,11.41,-3.04,True,ACCELERATION_DECAY
2026-06-03T09:43:36.841902,NVDA,False,215.76,0,0,9.8,-2.46,True,LOST_20_SMA
2026-06-03T09:43:37.192929,ODFL,False,233.44,0,0,19.05,-0.15,True,ACCELERATION_DECAY
2026-06-03T09:43:37.542380,ORCL,False,229.58,0,0,23.86,-11.8,True,ACCELERATION_DECAY
2026-06-03T09:43:37.904834,PANW,False,284.39,0,0,54.58,-6.44,True,ACCELERATION_DECAY
2026-06-03T09:43:38.334330,PH,False,853.12,0,0,-2.24,1.38,True,LOST_20_SMA
2026-06-03T09:43:38.685999,PLTR,False,143.22,0,0,5.38,1.17,False,ACCELERATION_DECAY
2026-06-03T09:43:39.027991,PWR,False,717.42,0,0,-7.02,-0.25,True,LOST_20_SMA
2026-06-03T09:43:39.377474,PYPL,False,42.63,0,0,-8.3,3.33,True,LOST_20_SMA
2026-06-03T09:43:39.716431,QCOM,False,251.59,0,0,34.86,-8.17,True,ACCELERATION_DECAY
2026-06-03T09:43:40.054735,RBLX,False,42.86,0,0,-2.68,2.72,True,LOST_20_SMA
2026-06-03T09:43:40.389136,REGN,False,620.37,0,0,-11.66,3.32,True,LOST_20_SMA
2026-06-03T09:43:40.719332,RKLB,False,114.63,0,0,45.54,-8.01,True,LOST_20_SMA
2026-06-03T09:43:41.071008,RTX,False,176.15,0,0,1.9,1.11,False,ACCELERATION_DECAY
2026-06-03T09:43:41.409149,SCHW,False,86.91,0,0,-5.94,-1.71,True,LOST_20_SMA
2026-06-03T09:43:41.742628,SHOP,False,113.34,0,0,5.31,13.57,False,ACCELERATION_DECAY
2026-06-03T09:43:42.076151,SLB,False,57.05,0,0,1.88,0.2,False,ACCELERATION_DECAY
2026-06-03T09:43:42.432725,SNOW,False,246.02,0,0,73.61,-7.48,False,ACCELERATION_DECAY
2026-06-03T09:43:42.784333,SNPS,False,492.76,0,0,-1.94,-4.12,True,LOST_20_SMA
2026-06-03T09:43:43.127755,SOFI,False,16.63,0,0,3.81,-5.7,True,ACCELERATION_DECAY
2026-06-03T09:43:43.472205,SPGI,False,409.63,0,0,-3.36,-1.64,True,LOST_20_SMA
2026-06-03T09:43:43.822920,SYK,False,293.32,0,0,-0.65,-1.49,True,LOST_20_SMA
2026-06-03T09:43:44.164510,TMO,False,471.63,0,0,1.04,-3.17,True,ACCELERATION_DECAY
2026-06-03T09:43:44.505696,TSLA,False,423.52,0,0,8.77,0.81,False,ACCELERATION_DECAY
2026-06-03T09:43:44.846687,TT,False,465.07,0,0,-2.59,3.08,True,MOMENTUM_FAILURE
2026-06-03T09:43:45.182617,TTWO,False,214.69,0,0,-3.77,-2.53,True,LOST_20_SMA
2026-06-03T09:43:45.680905,UBER,False,70.69,0,0,-3.1,0.03,True,LOST_20_SMA
2026-06-03T09:43:46.097577,UNH,False,386.26,0,0,6.15,4.22,False,ACCELERATION_DECAY
2026-06-03T09:43:46.431132,URI,False,1032.19,0,0,10.52,3.0,False,ACCELERATION_DECAY
2026-06-03T09:43:46.771643,V,False,311.49,0,0,-3.27,-0.36,True,LOST_20_SMA
2026-06-03T09:43:47.111421,VLO,False,265.59,0,0,4.79,2.16,False,ACCELERATION_DECAY
2026-06-03T09:43:47.445591,VRSN,False,297.09,0,0,7.73,-0.75,True,ACCELERATION_DECAY
2026-06-03T09:43:47.812383,VRTX,False,425.68,0,0,0.31,1.42,True,LOST_20_SMA
2026-06-03T09:43:48.247091,WMT,False,116.53,0,0,-10.9,2.35,True,LOST_20_SMA
2026-06-03T09:43:48.675762,XOM,False,154.87,0,0,-0.01,2.68,True,MOMENTUM_FAILURE
2026-06-03T09:43:49.005406,ZS,False,134.61,0,0,-4.78,-6.15,True,LOST_20_SMA
2026-06-03T09:48:49.472002,AAPL,False,309.67,0,0,8.97,-4.89,True,ACCELERATION_DECAY
2026-06-03T09:48:49.843604,ABBV,False,218.51,0,0,6.02,2.54,False,ACCELERATION_DECAY
2026-06-03T09:48:50.181581,ABNB,False,133.75,0,0,-4.28,-1.03,True,MOMENTUM_FAILURE
2026-06-03T09:48:50.541209,ADBE,False,256.83,0,0,0.47,-2.74,False,ACCELERATION_DECAY
2026-06-03T09:48:50.890960,ADSK,False,230.98,0,0,-7.4,-3.0,True,LOST_20_SMA
2026-06-03T09:48:51.603285,AMD,False,533.56,0,0,50.19,-2.51,True,ACCELERATION_DECAY
2026-06-03T09:48:51.941164,AMZN,False,249.21,0,0,-8.9,-3.19,True,LOST_20_SMA
2026-06-03T09:48:52.323376,ANET,False,174.37,0,0,2.44,0.87,False,ACCELERATION_DECAY
2026-06-03T09:48:52.764152,APO,False,125.08,0,0,-4.01,-3.67,True,LOST_20_SMA
2026-06-03T09:48:53.243409,APP,False,567.89,0,0,18.78,-8.72,True,ACCELERATION_DECAY
2026-06-03T09:48:53.612480,ARES,False,122.2,0,0,-0.62,-7.54,True,LOST_20_SMA
2026-06-03T09:48:54.302959,ASML,False,1718.88,0,0,19.13,-3.9,True,ACCELERATION_DECAY
2026-06-03T09:48:54.669769,AXP,False,304.05,0,0,-3.77,-1.19,True,LOST_20_SMA
2026-06-03T09:48:55.011757,BA,False,213.99,0,0,-4.63,-3.0,True,LOST_20_SMA
2026-06-03T09:48:55.705189,BKNG,False,165.45,0,0,-1.3,-2.28,True,MOMENTUM_FAILURE
2026-06-03T09:48:56.147188,BLK,False,992.01,0,0,-5.42,-2.26,True,LOST_20_SMA
2026-06-03T09:48:56.496358,BSX,False,47.5,0,0,-15.15,0.98,True,LOST_20_SMA
2026-06-03T09:48:56.836921,BX,False,109.19,0,0,-11.03,-4.38,True,LOST_20_SMA
2026-06-03T09:48:57.183054,CAT,False,926.32,0,0,2.4,-1.6,True,ACCELERATION_DECAY
2026-06-03T09:48:57.521444,CAVA,False,71.03,0,0,-21.37,-2.59,True,LOST_20_SMA
2026-06-03T09:48:57.874671,CDNS,False,402.64,0,0,13.86,-5.28,True,ACCELERATION_DECAY
2026-06-03T09:48:58.322186,CELH,False,29.82,0,0,-11.04,-2.01,True,LOST_20_SMA
2026-06-03T09:48:58.696197,CME,False,253.01,0,0,-11.79,1.91,True,LOST_20_SMA
2026-06-03T09:48:59.043633,CMG,False,29.05,0,0,-10.09,-1.58,True,LOST_20_SMA
2026-06-03T09:48:59.376890,COIN,False,164.81,0,0,-16.66,-2.37,True,LOST_20_SMA
2026-06-03T09:48:59.722517,COP,False,119.4,0,0,-3.18,3.26,True,MOMENTUM_FAILURE
2026-06-03T09:49:00.061346,COST,False,962.03,0,0,-5.35,0.43,True,LOST_20_SMA
2026-06-03T09:49:00.407861,CRM,False,191.86,0,0,2.6,-5.68,True,ACCELERATION_DECAY
2026-06-03T09:49:00.746345,CRWD,False,751.3,0,0,57.66,-6.21,True,ACCELERATION_DECAY
2026-06-03T09:49:01.082407,CVX,False,191.09,0,0,-0.8,1.66,True,MOMENTUM_FAILURE
2026-06-03T09:49:01.438132,DDOG,False,249.83,0,0,71.43,-12.04,True,ACCELERATION_DECAY
2026-06-03T09:49:01.790712,DE,False,589.48,0,0,2.38,2.23,False,ACCELERATION_DECAY
2026-06-03T09:49:02.129813,DELL,False,414.37,0,0,91.55,-14.13,True,ACCELERATION_DECAY
2026-06-03T09:49:02.469655,DHR,False,176.89,0,0,1.29,0.1,False,ACCELERATION_DECAY
2026-06-03T09:49:02.809239,DUOL,False,104.7,0,0,0.64,0.9,True,LOST_20_SMA
2026-06-03T09:49:03.166757,EOG,False,142.7,0,0,1.34,3.47,False,ACCELERATION_DECAY
2026-06-03T09:49:03.600077,ETN,False,420.07,0,0,2.24,3.38,False,ACCELERATION_DECAY
2026-06-03T09:49:04.328213,FICO,False,1163.58,0,0,9.13,-8.95,True,LOST_20_SMA
2026-06-03T09:49:04.661171,FTNT,False,146.89,0,0,63.36,-3.45,True,ACCELERATION_DECAY
2026-06-03T09:49:05.106129,GD,False,341.2,0,0,-2.28,1.01,True,MOMENTUM_FAILURE
2026-06-03T09:49:05.458177,GE,False,318.41,0,0,11.07,-2.19,True,ACCELERATION_DECAY
2026-06-03T09:49:05.802089,GOOG,False,355.72,0,0,-7.43,-1.83,True,LOST_20_SMA
2026-06-03T09:49:06.206357,GOOGL,False,359.4,0,0,-7.47,-1.89,True,LOST_20_SMA
2026-06-03T09:49:06.556394,GS,False,1044.55,0,0,13.68,-4.18,True,ACCELERATION_DECAY
2026-06-03T09:49:06.899609,HD,False,311.2,0,0,-1.34,-1.05,True,MOMENTUM_FAILURE
2026-06-03T09:49:07.234850,HIMS,False,26.68,0,0,1.33,0.45,False,ACCELERATION_DECAY
2026-06-03T09:49:07.577884,HON,False,233.84,0,0,11.85,-0.38,True,ACCELERATION_DECAY
2026-06-03T09:49:07.941168,HOOD,False,83.29,0,0,8.13,-7.04,True,ACCELERATION_DECAY
2026-06-03T09:49:08.315962,ICE,False,140.47,0,0,-9.54,-0.55,True,LOST_20_SMA
2026-06-03T09:49:08.662245,INTC,False,112.1,0,0,3.65,-9.03,True,LOST_20_SMA
2026-06-03T09:49:08.998809,INTU,False,312.97,0,0,-21.43,-0.58,True,LOST_20_SMA
2026-06-03T09:49:09.334898,ISRG,False,402.49,0,0,-10.83,0.23,True,LOST_20_SMA
2026-06-03T09:49:09.677822,JPM,False,300.11,0,0,-3.0,-0.83,True,MOMENTUM_FAILURE
2026-06-03T09:49:10.042418,KKR,False,90.26,0,0,-11.51,-2.92,True,LOST_20_SMA
2026-06-03T09:49:10.391628,KLAC,False,2090.4,0,0,20.63,1.26,False,ACCELERATION_DECAY
2026-06-03T09:49:10.763461,LIN,False,510.06,0,0,1.95,1.47,False,ACCELERATION_DECAY
2026-06-03T09:49:11.101428,LLY,False,1086.52,0,0,9.87,-0.07,False,ACCELERATION_DECAY
2026-06-03T09:49:11.448268,LMT,False,521.93,0,0,2.55,3.47,False,ACCELERATION_DECAY
2026-06-03T09:49:11.783009,LRCX,False,339.6,0,0,23.13,-6.2,True,ACCELERATION_DECAY
2026-06-03T09:49:12.116141,LULU,False,125.33,0,0,-3.75,-1.8,True,LOST_20_SMA
2026-06-03T09:49:12.463685,MA,False,467.76,0,0,-5.9,-0.54,True,LOST_20_SMA
2026-06-03T09:49:12.810944,MCD,False,275.47,0,0,-3.4,-0.68,True,LOST_20_SMA
2026-06-03T09:49:13.159927,MCO,False,446.06,0,0,-1.87,-2.77,True,MOMENTUM_FAILURE
2026-06-03T09:49:13.501080,MDB,False,372.93,0,0,39.84,-10.7,True,ACCELERATION_DECAY
2026-06-03T09:49:13.846450,META,False,613.96,0,0,1.49,3.58,False,ACCELERATION_DECAY
2026-06-03T09:49:14.210885,MPC,False,271.5,0,0,4.22,0.05,False,ACCELERATION_DECAY
2026-06-03T09:49:14.559433,MS,False,210.49,0,0,11.22,-3.12,True,ACCELERATION_DECAY
2026-06-03T09:49:15.029259,MSFT,False,425.33,0,0,3.39,-3.3,True,ACCELERATION_DECAY
2026-06-03T09:49:15.363402,MU,False,1066.2,0,0,66.54,-18.05,True,ACCELERATION_DECAY
2026-06-03T09:49:15.832008,NET,False,263.66,0,0,7.87,-13.76,True,ACCELERATION_DECAY
2026-06-03T09:49:16.204222,NFLX,False,81.2,0,0,-7.61,0.84,True,LOST_20_SMA
2026-06-03T09:49:16.544669,NOC,False,535.99,0,0,-4.05,1.32,True,LOST_20_SMA
2026-06-03T09:49:16.890325,NOW,False,120.17,0,0,30.61,-8.19,True,ACCELERATION_DECAY
2026-06-03T09:49:17.228998,NUE,False,258.89,0,0,11.56,-2.9,True,ACCELERATION_DECAY
2026-06-03T09:49:17.567054,NVDA,False,215.44,0,0,9.64,-2.62,True,LOST_20_SMA
2026-06-03T09:49:17.919811,ODFL,False,233.46,0,0,19.06,-0.14,True,ACCELERATION_DECAY
2026-06-03T09:49:18.260518,ORCL,False,229.12,0,0,23.61,-12.04,True,ACCELERATION_DECAY
2026-06-03T09:49:18.647286,PANW,False,283.75,0,0,54.23,-6.79,True,ACCELERATION_DECAY
2026-06-03T09:49:19.016203,PH,False,853.24,0,0,-2.23,1.39,True,LOST_20_SMA
2026-06-03T09:49:19.346921,PLTR,False,142.94,0,0,5.17,0.97,False,ACCELERATION_DECAY
2026-06-03T09:49:19.733378,PWR,False,718.49,0,0,-6.88,-0.11,True,LOST_20_SMA
2026-06-03T09:49:20.101548,PYPL,False,42.58,0,0,-8.41,3.22,True,LOST_20_SMA
2026-06-03T09:49:20.560642,QCOM,False,249.99,0,0,34.01,-9.03,True,ACCELERATION_DECAY
2026-06-03T09:49:20.897684,RBLX,False,42.88,0,0,-2.63,2.77,True,LOST_20_SMA
2026-06-03T09:49:21.208229,REGN,False,621.55,0,0,-11.49,3.49,True,LOST_20_SMA
2026-06-03T09:49:21.553525,RKLB,False,115.13,0,0,46.18,-7.38,True,LOST_20_SMA
2026-06-03T09:49:21.897480,RTX,False,176.16,0,0,1.9,1.12,False,ACCELERATION_DECAY
2026-06-03T09:49:22.239993,SCHW,False,86.85,0,0,-6.01,-1.78,True,LOST_20_SMA
2026-06-03T09:49:22.577812,SHOP,False,113.09,0,0,5.07,13.34,False,ACCELERATION_DECAY
2026-06-03T09:49:22.916094,SLB,False,56.98,0,0,1.75,0.08,False,ACCELERATION_DECAY
2026-06-03T09:49:23.259822,SNOW,False,245.6,0,0,73.31,-7.77,False,ACCELERATION_DECAY
2026-06-03T09:49:23.603680,SNPS,False,493.12,0,0,-1.87,-4.05,True,LOST_20_SMA
2026-06-03T09:49:23.942183,SOFI,False,16.67,0,0,4.06,-5.45,True,ACCELERATION_DECAY
2026-06-03T09:49:24.280723,SPGI,False,409.63,0,0,-3.36,-1.64,True,LOST_20_SMA
2026-06-03T09:49:24.619965,SYK,False,293.42,0,0,-0.62,-1.45,True,LOST_20_SMA
2026-06-03T09:49:24.971674,TMO,False,471.53,0,0,1.02,-3.19,True,ACCELERATION_DECAY
2026-06-03T09:49:25.431160,TSLA,False,421.8,0,0,8.33,0.37,False,ACCELERATION_DECAY
2026-06-03T09:49:25.778289,TT,False,466.64,0,0,-2.26,3.4,True,MOMENTUM_FAILURE
2026-06-03T09:49:26.189070,TTWO,False,214.94,0,0,-3.66,-2.42,True,LOST_20_SMA
2026-06-03T09:49:26.544153,UBER,False,70.7,0,0,-3.08,0.04,True,LOST_20_SMA
2026-06-03T09:49:26.902325,UNH,False,385.87,0,0,6.05,4.11,False,ACCELERATION_DECAY
2026-06-03T09:49:27.306338,URI,False,1036.56,0,0,10.99,3.46,False,ACCELERATION_DECAY
2026-06-03T09:49:27.659690,V,False,311.29,0,0,-3.34,-0.42,True,LOST_20_SMA
2026-06-03T09:49:28.010831,VLO,False,265.21,0,0,4.64,2.01,False,ACCELERATION_DECAY
2026-06-03T09:49:28.370285,VRSN,False,297.44,0,0,7.86,-0.63,True,ACCELERATION_DECAY
2026-06-03T09:49:28.720579,VRTX,False,426.17,0,0,0.43,1.53,True,LOST_20_SMA
2026-06-03T09:49:29.210468,WMT,False,116.67,0,0,-10.8,2.46,True,LOST_20_SMA
2026-06-03T09:49:29.550658,XOM,False,154.38,0,0,-0.32,2.36,True,MOMENTUM_FAILURE
2026-06-03T09:49:29.884942,ZS,False,134.63,0,0,-4.76,-6.13,True,LOST_20_SMA
2026-06-03T09:54:30.371138,AAPL,False,309.66,0,0,8.97,-4.89,True,ACCELERATION_DECAY
2026-06-03T09:54:30.716986,ABBV,False,218.55,0,0,6.04,2.56,False,ACCELERATION_DECAY
2026-06-03T09:54:31.064344,ABNB,False,133.73,0,0,-4.29,-1.05,True,MOMENTUM_FAILURE
2026-06-03T09:54:31.399982,ADBE,False,256.55,0,0,0.36,-2.85,False,ACCELERATION_DECAY
2026-06-03T09:54:31.742343,ADSK,False,230.85,0,0,-7.45,-3.05,True,LOST_20_SMA
2026-06-03T09:54:32.429162,AMD,False,531.94,0,0,49.73,-2.97,True,ACCELERATION_DECAY
2026-06-03T09:54:32.769576,AMZN,False,248.57,0,0,-9.13,-3.42,True,LOST_20_SMA
2026-06-03T09:54:33.126168,ANET,False,174.13,0,0,2.3,0.73,False,ACCELERATION_DECAY
2026-06-03T09:54:33.521689,APO,False,124.88,0,0,-4.16,-3.83,True,LOST_20_SMA
2026-06-03T09:54:33.861293,APP,False,567.22,0,0,18.64,-8.86,True,ACCELERATION_DECAY
2026-06-03T09:54:34.200099,ARES,False,122.0,0,0,-0.78,-7.7,True,LOST_20_SMA
2026-06-03T09:54:34.908262,ASML,False,1717.32,0,0,19.02,-4.01,True,ACCELERATION_DECAY
2026-06-03T09:54:35.250093,AXP,False,304.12,0,0,-3.74,-1.16,True,LOST_20_SMA
2026-06-03T09:54:35.603808,BA,False,214.02,0,0,-4.62,-2.99,True,LOST_20_SMA
2026-06-03T09:54:36.312537,BKNG,False,165.5,0,0,-1.27,-2.26,True,MOMENTUM_FAILURE
2026-06-03T09:54:36.663614,BLK,False,990.94,0,0,-5.53,-2.36,True,LOST_20_SMA
2026-06-03T09:54:37.028077,BSX,False,47.41,0,0,-15.31,0.82,True,LOST_20_SMA
2026-06-03T09:54:37.384682,BX,False,109.09,0,0,-11.11,-4.46,True,LOST_20_SMA
2026-06-03T09:54:37.730644,CAT,False,924.74,0,0,2.23,-1.78,True,ACCELERATION_DECAY
2026-06-03T09:54:38.140884,CAVA,False,71.18,0,0,-21.21,-2.43,True,LOST_20_SMA
2026-06-03T09:54:38.575807,CDNS,False,401.93,0,0,13.66,-5.48,True,ACCELERATION_DECAY
2026-06-03T09:54:38.977474,CELH,False,29.8,0,0,-11.1,-2.07,True,LOST_20_SMA
2026-06-03T09:54:39.345628,CME,False,253.11,0,0,-11.75,1.94,True,LOST_20_SMA
2026-06-03T09:54:39.690601,CMG,False,29.04,0,0,-10.12,-1.62,True,LOST_20_SMA
2026-06-03T09:54:40.021909,COIN,False,164.27,0,0,-16.93,-2.64,True,LOST_20_SMA
2026-06-03T09:54:40.364909,COP,False,119.42,0,0,-3.16,3.27,True,MOMENTUM_FAILURE
2026-06-03T09:54:40.705538,COST,False,963.13,0,0,-5.24,0.54,True,LOST_20_SMA
2026-06-03T09:54:41.039631,CRM,False,191.91,0,0,2.63,-5.65,True,ACCELERATION_DECAY
2026-06-03T09:54:41.376524,CRWD,False,748.75,0,0,57.13,-6.75,True,ACCELERATION_DECAY
2026-06-03T09:54:41.713043,CVX,False,191.13,0,0,-0.78,1.68,True,MOMENTUM_FAILURE
2026-06-03T09:54:42.064501,DDOG,False,249.65,0,0,71.31,-12.16,True,ACCELERATION_DECAY
2026-06-03T09:54:42.400730,DE,False,588.85,0,0,2.27,2.12,False,ACCELERATION_DECAY
2026-06-03T09:54:42.811471,DELL,False,413.1,0,0,90.97,-14.72,True,ACCELERATION_DECAY
2026-06-03T09:54:43.294102,DHR,False,176.96,0,0,1.33,0.14,False,ACCELERATION_DECAY
2026-06-03T09:54:43.631663,DUOL,False,104.79,0,0,0.73,0.98,True,LOST_20_SMA
2026-06-03T09:54:43.974460,EOG,False,142.65,0,0,1.3,3.44,False,ACCELERATION_DECAY
2026-06-03T09:54:44.314284,ETN,False,419.89,0,0,2.2,3.34,False,ACCELERATION_DECAY
2026-06-03T09:54:45.057849,FICO,False,1163.78,0,0,9.14,-8.93,True,LOST_20_SMA
2026-06-03T09:54:45.388034,FTNT,False,146.65,0,0,63.09,-3.72,True,ACCELERATION_DECAY
2026-06-03T09:54:45.786241,GD,False,341.13,0,0,-2.3,0.99,True,MOMENTUM_FAILURE
2026-06-03T09:54:46.129607,GE,False,318.02,0,0,10.93,-2.33,True,ACCELERATION_DECAY
2026-06-03T09:54:46.470684,GOOG,False,356.03,0,0,-7.35,-1.75,True,LOST_20_SMA
2026-06-03T09:54:46.816950,GOOGL,False,359.85,0,0,-7.36,-1.77,True,LOST_20_SMA
2026-06-03T09:54:47.159728,GS,False,1044.49,0,0,13.67,-4.19,True,ACCELERATION_DECAY
2026-06-03T09:54:47.505556,HD,False,310.88,0,0,-1.44,-1.15,True,MOMENTUM_FAILURE
2026-06-03T09:54:47.979387,HIMS,False,26.51,0,0,0.68,-0.2,False,ACCELERATION_DECAY
2026-06-03T09:54:48.439437,HON,False,233.54,0,0,11.71,-0.52,True,ACCELERATION_DECAY
2026-06-03T09:54:48.782443,HOOD,False,83.1,0,0,7.88,-7.29,True,ACCELERATION_DECAY
2026-06-03T09:54:49.118580,ICE,False,140.38,0,0,-9.6,-0.61,True,LOST_20_SMA
2026-06-03T09:54:49.452314,INTC,False,111.94,0,0,3.5,-9.18,True,LOST_20_SMA
2026-06-03T09:54:49.795659,INTU,False,312.91,0,0,-21.44,-0.59,True,LOST_20_SMA
2026-06-03T09:54:50.132475,ISRG,False,402.46,0,0,-10.84,0.23,True,LOST_20_SMA
2026-06-03T09:54:50.475388,JPM,False,300.48,0,0,-2.88,-0.71,True,MOMENTUM_FAILURE
2026-06-03T09:54:50.824586,KKR,False,90.02,0,0,-11.75,-3.15,True,LOST_20_SMA
2026-06-03T09:54:51.163304,KLAC,False,2091.14,0,0,20.67,1.3,False,ACCELERATION_DECAY
2026-06-03T09:54:51.508199,LIN,False,509.8,0,0,1.9,1.42,False,ACCELERATION_DECAY
2026-06-03T09:54:51.852109,LLY,False,1086.61,0,0,9.88,-0.06,False,ACCELERATION_DECAY
2026-06-03T09:54:52.185436,LMT,False,521.44,0,0,2.46,3.37,False,ACCELERATION_DECAY
2026-06-03T09:54:52.519583,LRCX,False,339.54,0,0,23.11,-6.22,True,ACCELERATION_DECAY
2026-06-03T09:54:52.859612,LULU,False,125.17,0,0,-3.87,-1.92,True,LOST_20_SMA
2026-06-03T09:54:53.343377,MA,False,468.19,0,0,-5.81,-0.45,True,LOST_20_SMA
2026-06-03T09:54:53.792400,MCD,False,275.92,0,0,-3.24,-0.52,True,LOST_20_SMA
2026-06-03T09:54:54.130261,MCO,False,446.13,0,0,-1.85,-2.75,True,MOMENTUM_FAILURE
2026-06-03T09:54:54.466939,MDB,False,371.09,0,0,39.15,-11.39,True,ACCELERATION_DECAY
2026-06-03T09:54:54.815525,META,False,613.26,0,0,1.37,3.47,False,ACCELERATION_DECAY
2026-06-03T09:54:55.153604,MPC,False,271.54,0,0,4.23,0.07,False,ACCELERATION_DECAY
2026-06-03T09:54:55.507851,MS,False,210.53,0,0,11.24,-3.1,True,ACCELERATION_DECAY
2026-06-03T09:54:55.853969,MSFT,False,424.32,0,0,3.15,-3.55,True,ACCELERATION_DECAY
2026-06-03T09:54:56.170383,MU,False,1061.55,0,0,65.82,-18.78,True,ACCELERATION_DECAY
2026-06-03T09:54:56.518303,NET,False,264.5,0,0,8.21,-13.42,True,ACCELERATION_DECAY
2026-06-03T09:54:56.853616,NFLX,False,81.28,0,0,-7.52,0.93,True,LOST_20_SMA
2026-06-03T09:54:57.196306,NOC,False,535.85,0,0,-4.07,1.29,True,LOST_20_SMA
2026-06-03T09:54:57.531741,NOW,False,120.0,0,0,30.42,-8.37,True,ACCELERATION_DECAY
2026-06-03T09:54:57.876196,NUE,False,258.7,0,0,11.47,-2.98,True,ACCELERATION_DECAY
2026-06-03T09:54:58.226375,NVDA,False,215.23,0,0,9.53,-2.73,True,LOST_20_SMA
2026-06-03T09:54:58.679196,ODFL,False,233.48,0,0,19.07,-0.13,True,ACCELERATION_DECAY
2026-06-03T09:54:59.028066,ORCL,False,228.56,0,0,23.31,-12.35,True,ACCELERATION_DECAY
2026-06-03T09:54:59.380041,PANW,False,281.92,0,0,53.23,-7.79,True,ACCELERATION_DECAY
2026-06-03T09:54:59.721748,PH,False,854.0,0,0,-2.14,1.48,True,LOST_20_SMA
2026-06-03T09:55:00.094116,PLTR,False,142.73,0,0,5.02,0.81,False,ACCELERATION_DECAY
2026-06-03T09:55:00.478680,PWR,False,718.31,0,0,-6.91,-0.14,True,LOST_20_SMA
2026-06-03T09:55:00.809130,PYPL,False,42.65,0,0,-8.26,3.37,True,LOST_20_SMA
2026-06-03T09:55:01.148295,QCOM,False,249.62,0,0,33.81,-9.22,True,ACCELERATION_DECAY
2026-06-03T09:55:01.484690,RBLX,False,42.88,0,0,-2.63,2.77,True,LOST_20_SMA
2026-06-03T09:55:01.836506,REGN,False,621.63,0,0,-11.48,3.5,True,LOST_20_SMA
2026-06-03T09:55:02.169364,RKLB,False,114.59,0,0,45.49,-8.06,True,LOST_20_SMA
2026-06-03T09:55:02.509974,RTX,False,176.02,0,0,1.82,1.04,False,ACCELERATION_DECAY
2026-06-03T09:55:02.857848,SCHW,False,87.01,0,0,-5.83,-1.6,True,LOST_20_SMA
2026-06-03T09:55:03.189874,SHOP,False,113.02,0,0,5.01,13.27,False,ACCELERATION_DECAY
2026-06-03T09:55:03.583089,SLB,False,56.97,0,0,1.73,0.06,False,ACCELERATION_DECAY
2026-06-03T09:55:04.015197,SNOW,False,245.51,0,0,73.25,-7.83,False,ACCELERATION_DECAY
2026-06-03T09:55:04.352145,SNPS,False,493.51,0,0,-1.79,-3.97,True,LOST_20_SMA
2026-06-03T09:55:04.704490,SOFI,False,16.64,0,0,3.87,-5.64,True,ACCELERATION_DECAY
2026-06-03T09:55:05.048946,SPGI,False,409.85,0,0,-3.31,-1.59,True,LOST_20_SMA
2026-06-03T09:55:05.395513,SYK,False,293.34,0,0,-0.65,-1.48,True,LOST_20_SMA
2026-06-03T09:55:05.736416,TMO,False,472.53,0,0,1.24,-2.97,True,ACCELERATION_DECAY
2026-06-03T09:55:06.083572,TSLA,False,422.1,0,0,8.41,0.45,False,ACCELERATION_DECAY
2026-06-03T09:55:06.417572,TT,False,466.05,0,0,-2.39,3.28,True,MOMENTUM_FAILURE
2026-06-03T09:55:06.750773,TTWO,False,214.58,0,0,-3.82,-2.58,True,LOST_20_SMA
2026-06-03T09:55:07.090128,UBER,False,70.67,0,0,-3.13,-0.0,True,LOST_20_SMA
2026-06-03T09:55:07.434593,UNH,False,385.72,0,0,6.0,4.07,False,ACCELERATION_DECAY
2026-06-03T09:55:07.770877,URI,False,1034.31,0,0,10.75,3.22,False,ACCELERATION_DECAY
2026-06-03T09:55:08.111415,V,False,311.67,0,0,-3.22,-0.3,True,LOST_20_SMA
2026-06-03T09:55:08.509642,VLO,False,264.99,0,0,4.55,1.92,False,ACCELERATION_DECAY
2026-06-03T09:55:09.028378,VRSN,False,297.55,0,0,7.9,-0.59,True,ACCELERATION_DECAY
2026-06-03T09:55:09.374793,VRTX,False,426.43,0,0,0.49,1.6,True,LOST_20_SMA
2026-06-03T09:55:09.801256,WMT,False,116.87,0,0,-10.64,2.61,True,LOST_20_SMA
2026-06-03T09:55:10.134850,XOM,False,154.53,0,0,-0.23,2.46,True,MOMENTUM_FAILURE
2026-06-03T09:55:10.468894,ZS,False,134.42,0,0,-4.91,-6.28,True,LOST_20_SMA
2026-06-03T10:00:11.204354,AAPL,False,309.91,0,0,9.05,-4.81,True,ACCELERATION_DECAY
2026-06-03T10:00:11.606225,ABBV,False,218.55,0,0,6.04,2.56,False,ACCELERATION_DECAY
2026-06-03T10:00:11.980460,ABNB,False,133.79,0,0,-4.25,-1.0,True,MOMENTUM_FAILURE
2026-06-03T10:00:12.313797,ADBE,False,256.98,0,0,0.53,-2.68,False,ACCELERATION_DECAY
2026-06-03T10:00:12.651792,ADSK,False,231.37,0,0,-7.24,-2.85,True,LOST_20_SMA
2026-06-03T10:00:13.339899,AMD,False,531.02,0,0,49.47,-3.23,True,ACCELERATION_DECAY
2026-06-03T10:00:13.699936,AMZN,False,248.7,0,0,-9.08,-3.38,True,LOST_20_SMA
2026-06-03T10:00:14.034913,ANET,False,173.73,0,0,2.06,0.49,False,ACCELERATION_DECAY
2026-06-03T10:00:14.377306,APO,False,125.06,0,0,-4.02,-3.69,True,LOST_20_SMA
2026-06-03T10:00:14.720988,APP,False,568.08,0,0,18.82,-8.68,True,ACCELERATION_DECAY
2026-06-03T10:00:15.065474,ARES,False,122.28,0,0,-0.55,-7.47,True,LOST_20_SMA
2026-06-03T10:00:15.762191,ASML,False,1716.06,0,0,18.93,-4.09,True,ACCELERATION_DECAY
2026-06-03T10:00:16.119743,AXP,False,304.21,0,0,-3.72,-1.13,True,LOST_20_SMA
2026-06-03T10:00:16.460619,BA,False,213.94,0,0,-4.65,-3.03,True,LOST_20_SMA
2026-06-03T10:00:17.256255,BKNG,False,165.77,0,0,-1.11,-2.09,True,MOMENTUM_FAILURE
2026-06-03T10:00:17.609508,BLK,False,990.65,0,0,-5.55,-2.39,True,LOST_20_SMA
2026-06-03T10:00:17.953002,BSX,False,47.43,0,0,-15.27,0.86,True,LOST_20_SMA
2026-06-03T10:00:18.308290,BX,False,109.14,0,0,-11.07,-4.42,True,LOST_20_SMA
2026-06-03T10:00:18.652843,CAT,False,924.7,0,0,2.22,-1.78,True,ACCELERATION_DECAY
2026-06-03T10:00:18.986013,CAVA,False,71.09,0,0,-21.31,-2.53,True,LOST_20_SMA
2026-06-03T10:00:19.324859,CDNS,False,402.07,0,0,13.7,-5.44,True,ACCELERATION_DECAY
2026-06-03T10:00:19.679449,CELH,False,29.92,0,0,-10.74,-1.71,True,LOST_20_SMA
2026-06-03T10:00:20.033399,CME,False,254.18,0,0,-11.38,2.32,True,LOST_20_SMA
2026-06-03T10:00:20.389791,CMG,False,29.08,0,0,-10.0,-1.49,True,LOST_20_SMA
2026-06-03T10:00:20.722606,COIN,False,164.42,0,0,-16.85,-2.57,True,LOST_20_SMA
2026-06-03T10:00:21.073990,COP,False,119.35,0,0,-3.22,3.22,True,MOMENTUM_FAILURE
2026-06-03T10:00:21.429315,COST,False,965.05,0,0,-5.05,0.72,True,LOST_20_SMA
2026-06-03T10:00:21.779826,CRM,False,192.09,0,0,2.73,-5.55,True,ACCELERATION_DECAY
2026-06-03T10:00:22.268572,CRWD,False,750.09,0,0,57.41,-6.46,True,ACCELERATION_DECAY
2026-06-03T10:00:22.627977,CVX,False,191.08,0,0,-0.81,1.65,True,MOMENTUM_FAILURE
2026-06-03T10:00:22.962050,DDOG,False,249.74,0,0,71.37,-12.1,True,ACCELERATION_DECAY
2026-06-03T10:00:23.305321,DE,False,589.32,0,0,2.35,2.2,False,ACCELERATION_DECAY
2026-06-03T10:00:23.638851,DELL,False,411.87,0,0,90.4,-15.29,True,ACCELERATION_DECAY
2026-06-03T10:00:23.974214,DHR,False,177.06,0,0,1.39,0.2,False,ACCELERATION_DECAY
2026-06-03T10:00:24.313259,DUOL,False,104.89,0,0,0.83,1.08,True,LOST_20_SMA
2026-06-03T10:00:24.673544,EOG,False,142.63,0,0,1.29,3.43,False,ACCELERATION_DECAY
2026-06-03T10:00:25.019632,ETN,False,419.16,0,0,2.02,3.16,False,ACCELERATION_DECAY
2026-06-03T10:00:25.737854,FICO,False,1169.0,0,0,9.63,-8.44,True,ACCELERATION_DECAY
2026-06-03T10:00:26.072458,FTNT,False,146.67,0,0,63.11,-3.7,True,ACCELERATION_DECAY
2026-06-03T10:00:26.487329,GD,False,341.19,0,0,-2.28,1.0,True,MOMENTUM_FAILURE
2026-06-03T10:00:26.827303,GE,False,318.11,0,0,10.96,-2.3,True,ACCELERATION_DECAY
2026-06-03T10:00:27.258521,GOOG,False,356.5,0,0,-7.23,-1.63,True,LOST_20_SMA
2026-06-03T10:00:27.598384,GOOGL,False,360.25,0,0,-7.25,-1.67,True,LOST_20_SMA
2026-06-03T10:00:27.949131,GS,False,1044.21,0,0,13.64,-4.22,True,ACCELERATION_DECAY
2026-06-03T10:00:28.291445,HD,False,311.29,0,0,-1.31,-1.02,True,MOMENTUM_FAILURE
2026-06-03T10:00:28.632744,HIMS,False,26.42,0,0,0.34,-0.54,True,ACCELERATION_DECAY
2026-06-03T10:00:28.977985,HON,False,233.72,0,0,11.8,-0.44,True,ACCELERATION_DECAY
2026-06-03T10:00:29.320189,HOOD,False,82.97,0,0,7.71,-7.46,True,ACCELERATION_DECAY
2026-06-03T10:00:29.656316,ICE,False,140.89,0,0,-9.27,-0.28,True,LOST_20_SMA
2026-06-03T10:00:30.002779,INTC,False,111.65,0,0,3.24,-9.45,True,LOST_20_SMA
2026-06-03T10:00:30.336427,INTU,False,313.28,0,0,-21.35,-0.5,True,LOST_20_SMA
2026-06-03T10:00:30.668595,ISRG,False,402.29,0,0,-10.88,0.19,True,LOST_20_SMA
2026-06-03T10:00:31.004871,JPM,False,300.29,0,0,-2.94,-0.77,True,MOMENTUM_FAILURE
2026-06-03T10:00:31.341528,KKR,False,90.13,0,0,-11.64,-3.04,True,LOST_20_SMA
2026-06-03T10:00:31.687440,KLAC,False,2088.99,0,0,20.55,1.18,False,ACCELERATION_DECAY
2026-06-03T10:00:32.123625,LIN,False,509.73,0,0,1.89,1.41,False,ACCELERATION_DECAY
2026-06-03T10:00:32.596490,LLY,False,1086.41,0,0,9.86,-0.08,False,ACCELERATION_DECAY
2026-06-03T10:00:32.935219,LMT,False,521.36,0,0,2.44,3.35,False,ACCELERATION_DECAY
2026-06-03T10:00:33.279480,LRCX,False,338.99,0,0,22.91,-6.42,True,ACCELERATION_DECAY
2026-06-03T10:00:33.643734,LULU,False,125.23,0,0,-3.82,-1.88,True,LOST_20_SMA
2026-06-03T10:00:34.001886,MA,False,469.16,0,0,-5.62,-0.26,True,LOST_20_SMA
2026-06-03T10:00:34.353424,MCD,False,276.12,0,0,-3.17,-0.45,True,MOMENTUM_FAILURE
2026-06-03T10:00:34.709102,MCO,False,446.89,0,0,-1.69,-2.58,True,MOMENTUM_FAILURE
2026-06-03T10:00:35.056737,MDB,False,371.17,0,0,39.18,-11.36,True,ACCELERATION_DECAY
2026-06-03T10:00:35.399531,META,False,615.14,0,0,1.68,3.78,False,ACCELERATION_DECAY
2026-06-03T10:00:35.746802,MPC,False,271.66,0,0,4.28,0.11,False,ACCELERATION_DECAY
2026-06-03T10:00:36.102171,MS,False,210.9,0,0,11.44,-2.91,True,ACCELERATION_DECAY
2026-06-03T10:00:36.468646,MSFT,False,424.98,0,0,3.31,-3.39,True,ACCELERATION_DECAY
2026-06-03T10:00:36.822748,MU,False,1059.89,0,0,65.56,-19.04,True,ACCELERATION_DECAY
2026-06-03T10:00:37.179245,NET,False,265.25,0,0,8.52,-13.11,True,ACCELERATION_DECAY
2026-06-03T10:00:37.571093,NFLX,False,81.28,0,0,-7.52,0.93,True,LOST_20_SMA
2026-06-03T10:00:37.908526,NOC,False,535.52,0,0,-4.13,1.23,True,LOST_20_SMA
2026-06-03T10:00:38.250987,NOW,False,120.23,0,0,30.67,-8.12,True,ACCELERATION_DECAY
2026-06-03T10:00:38.598281,NUE,False,258.68,0,0,11.47,-2.99,True,ACCELERATION_DECAY
2026-06-03T10:00:38.949815,NVDA,False,215.25,0,0,9.54,-2.72,True,LOST_20_SMA
2026-06-03T10:00:39.290586,ODFL,False,232.99,0,0,18.82,-0.38,True,ACCELERATION_DECAY
2026-06-03T10:00:39.629599,ORCL,False,228.38,0,0,23.22,-12.44,True,ACCELERATION_DECAY
2026-06-03T10:00:39.963626,PANW,False,281.7,0,0,53.11,-7.91,True,ACCELERATION_DECAY
2026-06-03T10:00:40.319994,PH,False,853.77,0,0,-2.17,1.45,True,LOST_20_SMA
2026-06-03T10:00:40.664860,PLTR,False,142.87,0,0,5.12,0.92,False,ACCELERATION_DECAY
2026-06-03T10:00:41.016939,PWR,False,718.05,0,0,-6.94,-0.17,True,LOST_20_SMA
2026-06-03T10:00:41.349885,PYPL,False,42.67,0,0,-8.22,3.41,True,LOST_20_SMA
2026-06-03T10:00:41.719476,QCOM,False,248.2,0,0,33.05,-9.99,True,ACCELERATION_DECAY
2026-06-03T10:00:42.274773,RBLX,False,42.9,0,0,-2.59,2.81,True,LOST_20_SMA
2026-06-03T10:00:42.615598,REGN,False,621.85,0,0,-11.45,3.54,True,LOST_20_SMA
2026-06-03T10:00:42.950379,RKLB,False,113.98,0,0,44.72,-8.84,True,LOST_20_SMA
2026-06-03T10:00:43.291273,RTX,False,176.06,0,0,1.85,1.06,False,ACCELERATION_DECAY
2026-06-03T10:00:43.633824,SCHW,False,87.09,0,0,-5.75,-1.52,True,LOST_20_SMA
2026-06-03T10:00:43.970084,SHOP,False,113.15,0,0,5.13,13.39,False,ACCELERATION_DECAY
2026-06-03T10:00:44.317413,SLB,False,56.83,0,0,1.48,-0.19,True,ACCELERATION_DECAY
2026-06-03T10:00:44.649182,SNOW,False,245.36,0,0,73.14,-7.94,False,ACCELERATION_DECAY
2026-06-03T10:00:44.994256,SNPS,False,493.69,0,0,-1.76,-3.94,True,LOST_20_SMA
2026-06-03T10:00:45.330157,SOFI,False,16.61,0,0,3.68,-5.82,True,ACCELERATION_DECAY
2026-06-03T10:00:45.670842,SPGI,False,410.42,0,0,-3.17,-1.46,True,LOST_20_SMA
2026-06-03T10:00:46.020401,SYK,False,293.37,0,0,-0.64,-1.47,True,LOST_20_SMA
2026-06-03T10:00:46.431170,TMO,False,472.1,0,0,1.14,-3.07,True,ACCELERATION_DECAY
2026-06-03T10:00:46.777967,TSLA,False,421.31,0,0,8.2,0.25,True,LOST_20_SMA
2026-06-03T10:00:47.253916,TT,False,466.02,0,0,-2.39,3.28,True,MOMENTUM_FAILURE
2026-06-03T10:00:47.608191,TTWO,False,214.74,0,0,-3.75,-2.51,True,LOST_20_SMA
2026-06-03T10:00:47.947556,UBER,False,70.72,0,0,-3.06,0.07,True,LOST_20_SMA
2026-06-03T10:00:48.287081,UNH,False,385.68,0,0,5.99,4.06,False,ACCELERATION_DECAY
2026-06-03T10:00:48.633798,URI,False,1033.75,0,0,10.69,3.16,False,ACCELERATION_DECAY
2026-06-03T10:00:48.990537,V,False,312.34,0,0,-3.01,-0.09,True,LOST_20_SMA
2026-06-03T10:00:49.334237,VLO,False,264.76,0,0,4.46,1.83,False,ACCELERATION_DECAY
2026-06-03T10:00:49.689011,VRSN,False,297.56,0,0,7.9,-0.58,True,ACCELERATION_DECAY
2026-06-03T10:00:50.113705,VRTX,False,426.91,0,0,0.6,1.71,True,LOST_20_SMA
2026-06-03T10:00:50.534527,WMT,False,117.0,0,0,-10.54,2.71,True,LOST_20_SMA
2026-06-03T10:00:50.878993,XOM,False,154.58,0,0,-0.19,2.49,True,MOMENTUM_FAILURE
2026-06-03T10:00:51.206125,ZS,False,134.6,0,0,-4.78,-6.15,True,LOST_20_SMA
2026-06-03T10:05:51.683225,AAPL,False,310.0,0,0,9.09,-4.77,True,ACCELERATION_DECAY
2026-06-03T10:05:52.029780,ABBV,False,219.08,0,0,6.29,2.81,False,ACCELERATION_DECAY
2026-06-03T10:05:52.411276,ABNB,False,133.88,0,0,-4.19,-0.94,True,MOMENTUM_FAILURE
2026-06-03T10:05:52.752457,ADBE,False,256.77,0,0,0.45,-2.76,False,ACCELERATION_DECAY
2026-06-03T10:05:53.104952,ADSK,False,230.78,0,0,-7.48,-3.08,True,LOST_20_SMA
2026-06-03T10:05:53.901356,AMD,False,533.96,0,0,50.3,-2.4,True,ACCELERATION_DECAY
2026-06-03T10:05:54.255733,AMZN,False,248.94,0,0,-9.0,-3.29,True,LOST_20_SMA
2026-06-03T10:05:54.632659,ANET,False,173.99,0,0,2.21,0.64,False,ACCELERATION_DECAY
2026-06-03T10:05:55.008858,APO,False,125.01,0,0,-4.06,-3.73,True,LOST_20_SMA
2026-06-03T10:05:55.417027,APP,False,569.71,0,0,19.16,-8.34,True,ACCELERATION_DECAY
2026-06-03T10:05:55.810819,ARES,False,122.56,0,0,-0.33,-7.24,True,LOST_20_SMA
2026-06-03T10:05:56.521569,ASML,False,1720.15,0,0,19.21,-3.81,True,ACCELERATION_DECAY
2026-06-03T10:05:56.858727,AXP,False,304.38,0,0,-3.66,-1.08,True,LOST_20_SMA
2026-06-03T10:05:57.205081,BA,False,213.86,0,0,-4.69,-3.06,True,LOST_20_SMA
2026-06-03T10:05:57.946516,BKNG,False,165.7,0,0,-1.15,-2.14,True,MOMENTUM_FAILURE
2026-06-03T10:05:58.328097,BLK,False,992.67,0,0,-5.36,-2.2,True,LOST_20_SMA
2026-06-03T10:05:58.669229,BSX,False,47.4,0,0,-15.33,0.8,True,LOST_20_SMA
2026-06-03T10:05:59.016969,BX,False,109.21,0,0,-11.01,-4.36,True,LOST_20_SMA
2026-06-03T10:05:59.423242,CAT,False,924.99,0,0,2.26,-1.75,True,ACCELERATION_DECAY
2026-06-03T10:05:59.767814,CAVA,False,71.04,0,0,-21.36,-2.58,True,LOST_20_SMA
2026-06-03T10:06:00.182728,CDNS,False,403.44,0,0,14.09,-5.05,True,ACCELERATION_DECAY
2026-06-03T10:06:00.584989,CELH,False,29.82,0,0,-11.04,-2.01,True,LOST_20_SMA
2026-06-03T10:06:00.960095,CME,False,254.05,0,0,-11.43,2.27,True,LOST_20_SMA
2026-06-03T10:06:01.305087,CMG,False,29.07,0,0,-10.03,-1.52,True,LOST_20_SMA
2026-06-03T10:06:01.639605,COIN,False,164.44,0,0,-16.84,-2.56,True,LOST_20_SMA
2026-06-03T10:06:01.983519,COP,False,119.26,0,0,-3.29,3.14,True,MOMENTUM_FAILURE
2026-06-03T10:06:02.341044,COST,False,964.23,0,0,-5.13,0.64,True,LOST_20_SMA
2026-06-03T10:06:02.689771,CRM,False,192.11,0,0,2.74,-5.54,True,ACCELERATION_DECAY
2026-06-03T10:06:03.031022,CRWD,False,751.33,0,0,57.67,-6.2,True,ACCELERATION_DECAY
2026-06-03T10:06:03.372353,CVX,False,191.15,0,0,-0.77,1.69,True,MOMENTUM_FAILURE
2026-06-03T10:06:03.731834,DDOG,False,249.93,0,0,71.5,-11.97,True,ACCELERATION_DECAY
2026-06-03T10:06:04.074033,DE,False,588.67,0,0,2.24,2.09,False,ACCELERATION_DECAY
2026-06-03T10:06:04.411378,DELL,False,413.71,0,0,91.25,-14.44,True,ACCELERATION_DECAY
2026-06-03T10:06:04.753436,DHR,False,177.0,0,0,1.36,0.17,False,ACCELERATION_DECAY
2026-06-03T10:06:05.097218,DUOL,False,104.86,0,0,0.8,1.05,True,LOST_20_SMA
2026-06-03T10:06:05.516851,EOG,False,142.51,0,0,1.2,3.34,False,ACCELERATION_DECAY
2026-06-03T10:06:05.923773,ETN,False,419.63,0,0,2.13,3.28,False,ACCELERATION_DECAY
2026-06-03T10:06:06.594703,FICO,False,1167.56,0,0,9.5,-8.58,True,LOST_20_SMA
2026-06-03T10:06:06.929729,FTNT,False,147.0,0,0,63.48,-3.33,True,ACCELERATION_DECAY
2026-06-03T10:06:07.269903,GD,False,341.03,0,0,-2.33,0.96,True,MOMENTUM_FAILURE
2026-06-03T10:06:07.623183,GE,False,318.4,0,0,11.06,-2.2,True,ACCELERATION_DECAY
2026-06-03T10:06:07.965568,GOOG,False,357.46,0,0,-6.98,-1.38,True,LOST_20_SMA
2026-06-03T10:06:08.307702,GOOGL,False,361.14,0,0,-7.03,-1.44,True,LOST_20_SMA
2026-06-03T10:06:08.649833,GS,False,1044.08,0,0,13.62,-4.23,True,ACCELERATION_DECAY
2026-06-03T10:06:08.999365,HD,False,311.0,0,0,-1.4,-1.11,True,MOMENTUM_FAILURE
2026-06-03T10:06:09.339522,HIMS,False,26.55,0,0,0.84,-0.04,False,ACCELERATION_DECAY
2026-06-03T10:06:09.678073,HON,False,232.76,0,0,11.34,-0.9,True,ACCELERATION_DECAY
2026-06-03T10:06:10.022446,HOOD,False,83.16,0,0,7.96,-7.21,True,ACCELERATION_DECAY
2026-06-03T10:06:10.363667,ICE,False,140.76,0,0,-9.35,-0.36,True,LOST_20_SMA
2026-06-03T10:06:10.899655,INTC,False,112.06,0,0,3.62,-9.07,True,LOST_20_SMA
2026-06-03T10:06:11.263356,INTU,False,312.72,0,0,-21.49,-0.64,True,LOST_20_SMA
2026-06-03T10:06:11.620809,ISRG,False,401.89,0,0,-10.96,0.1,True,LOST_20_SMA
2026-06-03T10:06:11.994288,JPM,False,299.88,0,0,-3.08,-0.9,True,MOMENTUM_FAILURE
2026-06-03T10:06:12.366788,KKR,False,90.13,0,0,-11.64,-3.04,True,LOST_20_SMA
2026-06-03T10:06:12.777908,KLAC,False,2094.47,0,0,20.87,1.49,False,ACCELERATION_DECAY
2026-06-03T10:06:13.126738,LIN,False,508.8,0,0,1.7,1.22,False,ACCELERATION_DECAY
2026-06-03T10:06:13.476689,LLY,False,1088.04,0,0,10.03,0.09,False,ACCELERATION_DECAY
2026-06-03T10:06:13.821279,LMT,False,520.85,0,0,2.34,3.25,False,ACCELERATION_DECAY
2026-06-03T10:06:14.166241,LRCX,False,340.36,0,0,23.41,-5.92,True,ACCELERATION_DECAY
2026-06-03T10:06:14.519217,LULU,False,124.97,0,0,-4.02,-2.08,True,LOST_20_SMA
2026-06-03T10:06:14.879687,MA,False,468.95,0,0,-5.66,-0.3,True,LOST_20_SMA
2026-06-03T10:06:15.240372,MCD,False,275.86,0,0,-3.26,-0.54,True,LOST_20_SMA
2026-06-03T10:06:15.615348,MCO,False,446.89,0,0,-1.69,-2.58,True,MOMENTUM_FAILURE
2026-06-03T10:06:15.950966,MDB,False,372.6,0,0,39.72,-10.82,True,ACCELERATION_DECAY
2026-06-03T10:06:16.423627,META,False,616.74,0,0,1.95,4.04,False,ACCELERATION_DECAY
2026-06-03T10:06:16.773895,MPC,False,271.84,0,0,4.35,0.18,False,ACCELERATION_DECAY
2026-06-03T10:06:17.120200,MS,False,210.47,0,0,11.21,-3.13,True,ACCELERATION_DECAY
2026-06-03T10:06:17.461445,MSFT,False,424.88,0,0,3.28,-3.41,True,ACCELERATION_DECAY
2026-06-03T10:06:17.794624,MU,False,1064.72,0,0,66.31,-18.28,True,ACCELERATION_DECAY
2026-06-03T10:06:18.131555,NET,False,265.85,0,0,8.76,-12.87,True,ACCELERATION_DECAY
2026-06-03T10:06:18.504530,NFLX,False,81.29,0,0,-7.51,0.94,True,LOST_20_SMA
2026-06-03T10:06:18.859058,NOC,False,535.08,0,0,-4.21,1.15,True,LOST_20_SMA
2026-06-03T10:06:19.199511,NOW,False,120.21,0,0,30.65,-8.15,True,ACCELERATION_DECAY
2026-06-03T10:06:19.541219,NUE,False,258.51,0,0,11.39,-3.07,True,ACCELERATION_DECAY
2026-06-03T10:06:19.877544,NVDA,False,215.74,0,0,9.79,-2.47,True,LOST_20_SMA
2026-06-03T10:06:20.241624,ODFL,False,232.71,0,0,18.68,-0.52,True,ACCELERATION_DECAY
2026-06-03T10:06:20.660067,ORCL,False,228.87,0,0,23.48,-12.18,True,ACCELERATION_DECAY
2026-06-03T10:06:20.998569,PANW,False,281.37,0,0,52.94,-8.09,True,ACCELERATION_DECAY
2026-06-03T10:06:21.341700,PH,False,852.53,0,0,-2.31,1.31,True,LOST_20_SMA
2026-06-03T10:06:21.699255,PLTR,False,143.06,0,0,5.26,1.06,False,ACCELERATION_DECAY
2026-06-03T10:06:22.051826,PWR,False,719.58,0,0,-6.74,0.03,True,LOST_20_SMA
2026-06-03T10:06:22.448183,PYPL,False,42.66,0,0,-8.24,3.39,True,LOST_20_SMA
2026-06-03T10:06:22.803546,QCOM,False,249.76,0,0,33.88,-9.15,True,ACCELERATION_DECAY
2026-06-03T10:06:23.224085,RBLX,False,42.98,0,0,-2.41,3.0,True,LOST_20_SMA
2026-06-03T10:06:23.568361,REGN,False,622.46,0,0,-11.36,3.62,True,LOST_20_SMA
2026-06-03T10:06:23.909932,RKLB,False,114.75,0,0,45.7,-7.86,True,LOST_20_SMA
2026-06-03T10:06:24.247861,RTX,False,175.86,0,0,1.73,0.94,False,ACCELERATION_DECAY
2026-06-03T10:06:24.597137,SCHW,False,87.02,0,0,-5.82,-1.59,True,LOST_20_SMA
2026-06-03T10:06:25.010330,SHOP,False,113.17,0,0,5.15,13.41,False,ACCELERATION_DECAY
2026-06-03T10:06:25.351400,SLB,False,56.76,0,0,1.36,-0.31,True,ACCELERATION_DECAY
2026-06-03T10:06:25.861815,SNOW,False,245.59,0,0,73.3,-7.78,False,ACCELERATION_DECAY
2026-06-03T10:06:26.198185,SNPS,False,495.17,0,0,-1.46,-3.64,True,LOST_20_SMA
2026-06-03T10:06:26.575831,SOFI,False,16.61,0,0,3.68,-5.82,True,ACCELERATION_DECAY
2026-06-03T10:06:26.935106,SPGI,False,410.76,0,0,-3.09,-1.38,True,LOST_20_SMA
2026-06-03T10:06:27.386560,SYK,False,292.65,0,0,-0.88,-1.71,True,LOST_20_SMA
2026-06-03T10:06:27.733774,TMO,False,471.77,0,0,1.07,-3.14,True,ACCELERATION_DECAY
2026-06-03T10:06:28.070041,TSLA,False,421.8,0,0,8.33,0.37,False,ACCELERATION_DECAY
2026-06-03T10:06:28.410624,TT,False,465.84,0,0,-2.43,3.24,True,MOMENTUM_FAILURE
2026-06-03T10:06:28.746014,TTWO,False,214.48,0,0,-3.87,-2.62,True,LOST_20_SMA
2026-06-03T10:06:29.083634,UBER,False,70.69,0,0,-3.1,0.03,True,LOST_20_SMA
2026-06-03T10:06:29.421271,UNH,False,385.48,0,0,5.94,4.01,False,ACCELERATION_DECAY
2026-06-03T10:06:29.757670,URI,False,1035.21,0,0,10.84,3.32,False,ACCELERATION_DECAY
2026-06-03T10:06:30.109199,V,False,312.12,0,0,-3.08,-0.16,True,LOST_20_SMA
2026-06-03T10:06:30.448137,VLO,False,265.04,0,0,4.57,1.94,False,ACCELERATION_DECAY
2026-06-03T10:06:30.861986,VRSN,False,297.28,0,0,7.8,-0.68,True,ACCELERATION_DECAY
2026-06-03T10:06:31.217087,VRTX,False,426.62,0,0,0.53,1.64,True,LOST_20_SMA
2026-06-03T10:06:31.672996,WMT,False,116.83,0,0,-10.67,2.58,True,LOST_20_SMA
2026-06-03T10:06:32.027464,XOM,False,154.47,0,0,-0.26,2.42,True,MOMENTUM_FAILURE
2026-06-03T10:06:32.369969,ZS,False,134.57,0,0,-4.8,-6.17,True,LOST_20_SMA
2026-06-03T10:11:32.830856,AAPL,False,310.14,0,0,9.14,-4.73,True,ACCELERATION_DECAY
2026-06-03T10:11:33.165483,ABBV,False,218.99,0,0,6.25,2.77,False,ACCELERATION_DECAY
2026-06-03T10:11:33.497955,ABNB,False,134.1,0,0,-4.03,-0.78,True,MOMENTUM_FAILURE
2026-06-03T10:11:33.836070,ADBE,False,256.2,0,0,0.23,-2.98,False,ACCELERATION_DECAY
2026-06-03T10:11:34.479284,ADSK,False,230.41,0,0,-7.63,-3.23,True,LOST_20_SMA
2026-06-03T10:11:35.174174,AMD,False,533.74,0,0,50.24,-2.46,True,ACCELERATION_DECAY
2026-06-03T10:11:35.513751,AMZN,False,248.66,0,0,-9.1,-3.39,True,LOST_20_SMA
2026-06-03T10:11:35.908365,ANET,False,174.44,0,0,2.48,0.91,False,ACCELERATION_DECAY
2026-06-03T10:11:36.266225,APO,False,125.48,0,0,-3.7,-3.37,True,LOST_20_SMA
2026-06-03T10:11:36.600306,APP,False,568.69,0,0,18.95,-8.56,True,ACCELERATION_DECAY
2026-06-03T10:11:36.946351,ARES,False,122.92,0,0,-0.03,-6.95,True,LOST_20_SMA
2026-06-03T10:11:37.658524,ASML,False,1720.28,0,0,19.22,-3.8,True,ACCELERATION_DECAY
2026-06-03T10:11:38.003050,AXP,False,304.25,0,0,-3.7,-1.12,True,LOST_20_SMA
2026-06-03T10:11:38.349429,BA,False,213.67,0,0,-4.77,-3.15,True,LOST_20_SMA
2026-06-03T10:11:39.029139,BKNG,False,165.51,0,0,-1.26,-2.25,True,MOMENTUM_FAILURE
2026-06-03T10:11:39.439691,BLK,False,995.32,0,0,-5.11,-1.95,True,LOST_20_SMA
2026-06-03T10:11:39.777521,BSX,False,47.34,0,0,-15.43,0.7,True,LOST_20_SMA
2026-06-03T10:11:40.144715,BX,False,109.69,0,0,-10.62,-3.97,True,LOST_20_SMA
2026-06-03T10:11:40.484048,CAT,False,924.55,0,0,2.21,-1.8,True,ACCELERATION_DECAY
2026-06-03T10:11:40.814255,CAVA,False,70.98,0,0,-21.43,-2.65,True,LOST_20_SMA
2026-06-03T10:11:41.159530,CDNS,False,403.33,0,0,14.05,-5.08,True,ACCELERATION_DECAY
2026-06-03T10:11:41.494100,CELH,False,29.84,0,0,-10.98,-1.95,True,LOST_20_SMA
2026-06-03T10:11:41.842672,CME,False,253.94,0,0,-11.46,2.23,True,LOST_20_SMA
2026-06-03T10:11:42.189205,CMG,False,29.07,0,0,-10.03,-1.52,True,LOST_20_SMA
2026-06-03T10:11:42.516169,COIN,False,164.76,0,0,-16.68,-2.4,True,LOST_20_SMA
2026-06-03T10:11:42.868968,COP,False,119.14,0,0,-3.39,3.05,True,MOMENTUM_FAILURE
2026-06-03T10:11:43.215769,COST,False,964.94,0,0,-5.06,0.71,True,LOST_20_SMA
2026-06-03T10:11:43.563315,CRM,False,191.61,0,0,2.47,-5.81,True,ACCELERATION_DECAY
2026-06-03T10:11:43.912642,CRWD,False,748.03,0,0,56.97,-6.9,True,ACCELERATION_DECAY
2026-06-03T10:11:44.340459,CVX,False,190.98,0,0,-0.86,1.6,True,MOMENTUM_FAILURE
2026-06-03T10:11:44.759053,DDOG,False,249.12,0,0,70.95,-12.52,True,ACCELERATION_DECAY
2026-06-03T10:11:45.098123,DE,False,589.16,0,0,2.32,2.17,False,ACCELERATION_DECAY
2026-06-03T10:11:45.448388,DELL,False,413.46,0,0,91.13,-14.55,True,ACCELERATION_DECAY
2026-06-03T10:11:45.790549,DHR,False,176.68,0,0,1.17,-0.02,False,ACCELERATION_DECAY
2026-06-03T10:11:46.124391,DUOL,False,105.05,0,0,0.98,1.23,True,LOST_20_SMA
2026-06-03T10:11:46.533969,EOG,False,142.41,0,0,1.13,3.27,False,ACCELERATION_DECAY
2026-06-03T10:11:46.863743,ETN,False,419.22,0,0,2.03,3.18,False,ACCELERATION_DECAY
2026-06-03T10:11:47.550091,FICO,False,1166.63,0,0,9.41,-8.67,True,LOST_20_SMA
2026-06-03T10:11:47.886890,FTNT,False,146.46,0,0,62.88,-3.93,True,ACCELERATION_DECAY
2026-06-03T10:11:48.229504,GD,False,341.0,0,0,-2.34,0.95,True,MOMENTUM_FAILURE
2026-06-03T10:11:48.567583,GE,False,318.02,0,0,10.93,-2.33,True,ACCELERATION_DECAY
2026-06-03T10:11:48.987913,GOOG,False,356.9,0,0,-7.12,-1.53,True,LOST_20_SMA
2026-06-03T10:11:49.377137,GOOGL,False,360.63,0,0,-7.16,-1.57,True,LOST_20_SMA
2026-06-03T10:11:49.719595,GS,False,1043.66,0,0,13.58,-4.28,True,ACCELERATION_DECAY
2026-06-03T10:11:50.062989,HD,False,311.2,0,0,-1.34,-1.05,True,MOMENTUM_FAILURE
2026-06-03T10:11:50.427375,HIMS,False,26.51,0,0,0.68,-0.2,False,ACCELERATION_DECAY
2026-06-03T10:11:50.775500,HON,False,232.44,0,0,11.18,-1.05,True,ACCELERATION_DECAY
2026-06-03T10:11:51.127252,HOOD,False,83.2,0,0,8.01,-7.16,True,ACCELERATION_DECAY
2026-06-03T10:11:51.483168,ICE,False,140.69,0,0,-9.4,-0.41,True,LOST_20_SMA
2026-06-03T10:11:51.820088,INTC,False,112.1,0,0,3.65,-9.03,True,LOST_20_SMA
2026-06-03T10:11:52.157462,INTU,False,312.21,0,0,-21.62,-0.77,True,LOST_20_SMA
2026-06-03T10:11:52.505695,ISRG,False,402.04,0,0,-10.93,0.13,True,LOST_20_SMA
2026-06-03T10:11:52.863809,JPM,False,299.86,0,0,-3.08,-0.91,True,MOMENTUM_FAILURE
2026-06-03T10:11:53.214670,KKR,False,90.41,0,0,-11.36,-2.77,True,LOST_20_SMA
2026-06-03T10:11:53.549866,KLAC,False,2098.12,0,0,21.08,1.71,False,ACCELERATION_DECAY
2026-06-03T10:11:53.885823,LIN,False,509.45,0,0,1.83,1.35,False,ACCELERATION_DECAY
2026-06-03T10:11:54.225132,LLY,False,1087.31,0,0,9.95,0.01,False,ACCELERATION_DECAY
2026-06-03T10:11:54.611562,LMT,False,521.32,0,0,2.43,3.35,False,ACCELERATION_DECAY
2026-06-03T10:11:55.137439,LRCX,False,340.57,0,0,23.48,-5.85,True,ACCELERATION_DECAY
2026-06-03T10:11:55.470577,LULU,False,124.85,0,0,-4.12,-2.17,True,LOST_20_SMA
2026-06-03T10:11:55.802820,MA,False,470.26,0,0,-5.4,-0.03,True,LOST_20_SMA
2026-06-03T10:11:56.163241,MCD,False,275.74,0,0,-3.31,-0.58,True,LOST_20_SMA
2026-06-03T10:11:56.554413,MCO,False,446.73,0,0,-1.72,-2.62,True,MOMENTUM_FAILURE
2026-06-03T10:11:56.909765,MDB,False,371.21,0,0,39.2,-11.34,True,ACCELERATION_DECAY
2026-06-03T10:11:57.261235,META,False,618.02,0,0,2.16,4.25,False,ACCELERATION_DECAY
2026-06-03T10:11:57.599943,MPC,False,271.33,0,0,4.15,-0.01,False,ACCELERATION_DECAY
2026-06-03T10:11:57.945181,MS,False,210.44,0,0,11.2,-3.15,True,ACCELERATION_DECAY
2026-06-03T10:11:58.291845,MSFT,False,424.7,0,0,3.24,-3.46,True,ACCELERATION_DECAY
2026-06-03T10:11:58.624525,MU,False,1062.61,0,0,65.98,-18.61,True,ACCELERATION_DECAY
2026-06-03T10:11:58.956976,NET,False,265.16,0,0,8.48,-13.15,True,ACCELERATION_DECAY
2026-06-03T10:11:59.430578,NFLX,False,81.37,0,0,-7.42,1.03,True,LOST_20_SMA
2026-06-03T10:11:59.782360,NOC,False,535.62,0,0,-4.11,1.25,True,LOST_20_SMA
2026-06-03T10:12:00.125201,NOW,False,119.61,0,0,30.0,-8.8,True,ACCELERATION_DECAY
2026-06-03T10:12:00.460697,NUE,False,258.4,0,0,11.35,-3.11,True,ACCELERATION_DECAY
2026-06-03T10:12:00.797524,NVDA,False,215.59,0,0,9.72,-2.55,True,LOST_20_SMA
2026-06-03T10:12:01.129863,ODFL,False,232.77,0,0,18.71,-0.49,True,ACCELERATION_DECAY
2026-06-03T10:12:01.469523,ORCL,False,228.74,0,0,23.41,-12.25,True,ACCELERATION_DECAY
2026-06-03T10:12:01.811263,PANW,False,280.0,0,0,52.19,-8.83,True,ACCELERATION_DECAY
2026-06-03T10:12:02.146431,PH,False,853.28,0,0,-2.22,1.4,True,LOST_20_SMA
2026-06-03T10:12:02.480458,PLTR,False,142.74,0,0,5.03,0.82,False,ACCELERATION_DECAY
2026-06-03T10:12:02.819748,PWR,False,717.69,0,0,-6.99,-0.22,True,LOST_20_SMA
2026-06-03T10:12:03.176992,PYPL,False,42.68,0,0,-8.2,3.43,True,LOST_20_SMA
2026-06-03T10:12:03.515149,QCOM,False,250.25,0,0,34.15,-8.89,True,ACCELERATION_DECAY
2026-06-03T10:12:03.866517,RBLX,False,42.97,0,0,-2.43,2.97,True,LOST_20_SMA
2026-06-03T10:12:04.404516,REGN,False,622.99,0,0,-11.29,3.7,True,LOST_20_SMA
2026-06-03T10:12:04.781623,RKLB,False,114.97,0,0,45.98,-7.58,True,LOST_20_SMA
2026-06-03T10:12:05.211082,RTX,False,175.68,0,0,1.63,0.84,False,ACCELERATION_DECAY
2026-06-03T10:12:05.615800,SCHW,False,87.14,0,0,-5.69,-1.46,True,LOST_20_SMA
2026-06-03T10:12:06.007037,SHOP,False,113.08,0,0,5.06,13.33,False,ACCELERATION_DECAY
2026-06-03T10:12:06.504249,SLB,False,56.7,0,0,1.25,-0.42,True,ACCELERATION_DECAY
2026-06-03T10:12:06.835300,SNOW,False,245.44,0,0,73.2,-7.88,False,ACCELERATION_DECAY
2026-06-03T10:12:07.167938,SNPS,False,495.18,0,0,-1.46,-3.64,True,LOST_20_SMA
2026-06-03T10:12:07.497485,SOFI,False,16.6,0,0,3.62,-5.89,True,ACCELERATION_DECAY
2026-06-03T10:12:07.880772,SPGI,False,410.57,0,0,-3.14,-1.42,True,LOST_20_SMA
2026-06-03T10:12:08.226634,SYK,False,292.27,0,0,-1.01,-1.84,True,LOST_20_SMA
2026-06-03T10:12:08.751935,TMO,False,471.49,0,0,1.01,-3.2,True,ACCELERATION_DECAY
2026-06-03T10:12:09.247155,TSLA,False,421.48,0,0,8.25,0.29,True,LOST_20_SMA
2026-06-03T10:12:09.649474,TT,False,465.88,0,0,-2.42,3.25,True,MOMENTUM_FAILURE
2026-06-03T10:12:09.992440,TTWO,False,214.49,0,0,-3.86,-2.62,True,LOST_20_SMA
2026-06-03T10:12:10.334240,UBER,False,70.74,0,0,-3.03,0.1,True,LOST_20_SMA
2026-06-03T10:12:10.675809,UNH,False,385.52,0,0,5.95,4.02,False,ACCELERATION_DECAY
2026-06-03T10:12:11.032557,URI,False,1034.45,0,0,10.76,3.24,False,ACCELERATION_DECAY
2026-06-03T10:12:11.367285,V,False,312.73,0,0,-2.89,0.03,True,LOST_20_SMA
2026-06-03T10:12:11.724868,VLO,False,264.6,0,0,4.4,1.76,False,ACCELERATION_DECAY
2026-06-03T10:12:12.062011,VRSN,False,297.77,0,0,7.98,-0.51,True,ACCELERATION_DECAY
2026-06-03T10:12:12.393699,VRTX,False,426.78,0,0,0.57,1.68,True,LOST_20_SMA
2026-06-03T10:12:12.857190,WMT,False,116.95,0,0,-10.58,2.67,True,LOST_20_SMA
2026-06-03T10:12:13.227048,XOM,False,154.19,0,0,-0.45,2.24,True,MOMENTUM_FAILURE
2026-06-03T10:12:13.561311,ZS,False,133.77,0,0,-5.37,-6.74,True,LOST_20_SMA
2026-06-03T10:17:14.032036,AAPL,False,310.22,0,0,9.16,-4.7,True,ACCELERATION_DECAY
2026-06-03T10:17:14.385750,ABBV,False,219.13,0,0,6.32,2.84,False,ACCELERATION_DECAY
2026-06-03T10:17:14.727068,ABNB,False,134.05,0,0,-4.06,-0.82,True,MOMENTUM_FAILURE
2026-06-03T10:17:15.071537,ADBE,False,256.41,0,0,0.31,-2.9,False,ACCELERATION_DECAY
2026-06-03T10:17:15.431255,ADSK,False,230.91,0,0,-7.42,-3.03,True,LOST_20_SMA
2026-06-03T10:17:16.114503,AMD,False,534.23,0,0,50.38,-2.33,True,ACCELERATION_DECAY
2026-06-03T10:17:16.512921,AMZN,False,248.47,0,0,-9.17,-3.46,True,LOST_20_SMA
2026-06-03T10:17:16.854803,ANET,False,174.54,0,0,2.54,0.97,False,ACCELERATION_DECAY
2026-06-03T10:17:17.239522,APO,False,125.66,0,0,-3.56,-3.23,True,LOST_20_SMA
2026-06-03T10:17:17.625659,APP,False,569.57,0,0,19.13,-8.37,True,ACCELERATION_DECAY
2026-06-03T10:17:17.969661,ARES,False,122.71,0,0,-0.2,-7.12,True,LOST_20_SMA
2026-06-03T10:17:18.690046,ASML,False,1722.69,0,0,19.39,-3.63,True,ACCELERATION_DECAY
2026-06-03T10:17:19.031490,AXP,False,304.56,0,0,-3.61,-1.02,True,LOST_20_SMA
2026-06-03T10:17:19.371356,BA,False,213.59,0,0,-4.81,-3.18,True,LOST_20_SMA
2026-06-03T10:17:20.074060,BKNG,False,165.53,0,0,-1.25,-2.24,True,MOMENTUM_FAILURE
2026-06-03T10:17:20.417135,BLK,False,991.54,0,0,-5.47,-2.31,True,LOST_20_SMA
2026-06-03T10:17:20.761715,BSX,False,47.32,0,0,-15.47,0.66,True,LOST_20_SMA
2026-06-03T10:17:21.106080,BX,False,109.81,0,0,-10.52,-3.87,True,LOST_20_SMA
2026-06-03T10:17:21.452449,CAT,False,924.45,0,0,2.2,-1.81,True,ACCELERATION_DECAY
2026-06-03T10:17:21.797822,CAVA,False,71.01,0,0,-21.4,-2.62,True,LOST_20_SMA
2026-06-03T10:17:22.282179,CDNS,False,403.24,0,0,14.03,-5.11,True,ACCELERATION_DECAY
2026-06-03T10:17:22.637051,CELH,False,29.96,0,0,-10.62,-1.59,True,LOST_20_SMA
2026-06-03T10:17:22.989233,CME,False,253.74,0,0,-11.53,2.16,True,LOST_20_SMA
2026-06-03T10:17:23.331364,CMG,False,29.02,0,0,-10.18,-1.68,True,LOST_20_SMA
2026-06-03T10:17:23.667145,COIN,False,165.35,0,0,-16.38,-2.1,True,LOST_20_SMA
2026-06-03T10:17:24.009969,COP,False,119.01,0,0,-3.49,2.94,True,MOMENTUM_FAILURE
2026-06-03T10:17:24.366195,COST,False,963.82,0,0,-5.18,0.6,True,LOST_20_SMA
2026-06-03T10:17:24.710981,CRM,False,191.86,0,0,2.6,-5.68,True,ACCELERATION_DECAY
2026-06-03T10:17:25.047799,CRWD,False,748.45,0,0,57.06,-6.81,True,ACCELERATION_DECAY
2026-06-03T10:17:25.386928,CVX,False,191.0,0,0,-0.85,1.61,True,MOMENTUM_FAILURE
2026-06-03T10:17:25.737771,DDOG,False,249.32,0,0,71.08,-12.39,True,ACCELERATION_DECAY
2026-06-03T10:17:26.081261,DE,False,589.22,0,0,2.33,2.18,False,ACCELERATION_DECAY
2026-06-03T10:17:26.495824,DELL,False,414.02,0,0,91.39,-14.29,True,ACCELERATION_DECAY
2026-06-03T10:17:26.840490,DHR,False,176.88,0,0,1.29,0.1,False,ACCELERATION_DECAY
2026-06-03T10:17:27.237491,DUOL,False,104.93,0,0,0.87,1.12,True,LOST_20_SMA
2026-06-03T10:17:27.685631,EOG,False,142.4,0,0,1.12,3.26,False,ACCELERATION_DECAY
2026-06-03T10:17:28.049780,ETN,False,419.15,0,0,2.02,3.16,False,ACCELERATION_DECAY
2026-06-03T10:17:28.724399,FICO,False,1168.19,0,0,9.56,-8.52,True,ACCELERATION_DECAY
2026-06-03T10:17:29.067670,FTNT,False,146.5,0,0,62.92,-3.89,True,ACCELERATION_DECAY
2026-06-03T10:17:29.406760,GD,False,340.6,0,0,-2.45,0.83,True,MOMENTUM_FAILURE
2026-06-03T10:17:29.745635,GE,False,318.32,0,0,11.04,-2.22,True,ACCELERATION_DECAY
2026-06-03T10:17:30.080527,GOOG,False,356.78,0,0,-7.15,-1.56,True,LOST_20_SMA
2026-06-03T10:17:30.431164,GOOGL,False,360.54,0,0,-7.18,-1.6,True,LOST_20_SMA
2026-06-03T10:17:30.770951,GS,False,1044.58,0,0,13.68,-4.18,True,ACCELERATION_DECAY
2026-06-03T10:17:31.115202,HD,False,311.22,0,0,-1.33,-1.04,True,MOMENTUM_FAILURE
2026-06-03T10:17:31.472861,HIMS,False,26.66,0,0,1.25,0.37,False,ACCELERATION_DECAY
2026-06-03T10:17:31.819304,HON,False,231.8,0,0,10.88,-1.36,True,ACCELERATION_DECAY
2026-06-03T10:17:32.166006,HOOD,False,83.5,0,0,8.4,-6.77,True,ACCELERATION_DECAY
2026-06-03T10:17:32.555073,ICE,False,140.46,0,0,-9.54,-0.56,True,LOST_20_SMA
2026-06-03T10:17:32.903415,INTC,False,111.72,0,0,3.3,-9.38,True,LOST_20_SMA
2026-06-03T10:17:33.254263,INTU,False,312.13,0,0,-21.64,-0.79,True,LOST_20_SMA
2026-06-03T10:17:33.592969,ISRG,False,403.19,0,0,-10.68,0.39,True,LOST_20_SMA
2026-06-03T10:17:33.934024,JPM,False,300.22,0,0,-2.97,-0.79,True,MOMENTUM_FAILURE
2026-06-03T10:17:34.277445,KKR,False,90.53,0,0,-11.25,-2.65,True,LOST_20_SMA
2026-06-03T10:17:34.644033,KLAC,False,2097.07,0,0,21.02,1.64,False,ACCELERATION_DECAY
2026-06-03T10:17:34.993294,LIN,False,508.71,0,0,1.68,1.2,False,ACCELERATION_DECAY
2026-06-03T10:17:35.342410,LLY,False,1086.59,0,0,9.88,-0.06,False,ACCELERATION_DECAY
2026-06-03T10:17:35.683795,LMT,False,520.37,0,0,2.25,3.16,False,ACCELERATION_DECAY
2026-06-03T10:17:36.026583,LRCX,False,340.86,0,0,23.59,-5.74,True,ACCELERATION_DECAY
2026-06-03T10:17:36.384586,LULU,False,125.01,0,0,-3.99,-2.05,True,LOST_20_SMA
2026-06-03T10:17:36.739437,MA,False,471.71,0,0,-5.1,0.26,True,LOST_20_SMA
2026-06-03T10:17:37.081020,MCD,False,275.74,0,0,-3.31,-0.58,True,LOST_20_SMA
2026-06-03T10:17:37.505170,MCO,False,446.73,0,0,-1.72,-2.62,True,MOMENTUM_FAILURE
2026-06-03T10:17:37.946550,MDB,False,370.89,0,0,39.08,-11.46,True,ACCELERATION_DECAY
2026-06-03T10:17:38.318057,META,False,618.5,0,0,2.24,4.33,False,ACCELERATION_DECAY
2026-06-03T10:17:38.667471,MPC,False,271.28,0,0,4.13,-0.03,False,ACCELERATION_DECAY
2026-06-03T10:17:39.017281,MS,False,210.67,0,0,11.32,-3.03,True,ACCELERATION_DECAY
2026-06-03T10:17:39.362668,MSFT,False,424.88,0,0,3.28,-3.41,True,ACCELERATION_DECAY
2026-06-03T10:17:39.725317,MU,False,1064.18,0,0,66.23,-18.37,True,ACCELERATION_DECAY
2026-06-03T10:17:40.060769,NET,False,264.28,0,0,8.12,-13.51,True,ACCELERATION_DECAY
2026-06-03T10:17:40.412715,NFLX,False,81.38,0,0,-7.41,1.04,True,LOST_20_SMA
2026-06-03T10:17:40.756629,NOC,False,534.51,0,0,-4.31,1.05,True,LOST_20_SMA
2026-06-03T10:17:41.099618,NOW,False,120.04,0,0,30.46,-8.33,True,ACCELERATION_DECAY
2026-06-03T10:17:41.448041,NUE,False,258.28,0,0,11.29,-3.17,True,ACCELERATION_DECAY
2026-06-03T10:17:41.787584,NVDA,False,215.84,0,0,9.84,-2.42,True,LOST_20_SMA
2026-06-03T10:17:42.135730,ODFL,False,232.54,0,0,18.59,-0.61,True,ACCELERATION_DECAY
2026-06-03T10:17:42.484213,ORCL,False,228.86,0,0,23.47,-12.18,True,ACCELERATION_DECAY
2026-06-03T10:17:42.837138,PANW,False,280.43,0,0,52.42,-8.6,True,ACCELERATION_DECAY
2026-06-03T10:17:43.276192,PH,False,852.44,0,0,-2.32,1.3,True,LOST_20_SMA
2026-06-03T10:17:43.616934,PLTR,False,143.03,0,0,5.24,1.03,False,ACCELERATION_DECAY
2026-06-03T10:17:43.987474,PWR,False,718.28,0,0,-6.91,-0.14,True,LOST_20_SMA
2026-06-03T10:17:44.336397,PYPL,False,42.68,0,0,-8.2,3.43,True,LOST_20_SMA
2026-06-03T10:17:44.678246,QCOM,False,249.64,0,0,33.82,-9.21,True,ACCELERATION_DECAY
2026-06-03T10:17:45.014621,RBLX,False,43.06,0,0,-2.23,3.18,True,LOST_20_SMA
2026-06-03T10:17:45.365800,REGN,False,622.03,0,0,-11.43,3.56,True,LOST_20_SMA
2026-06-03T10:17:45.696495,RKLB,False,114.8,0,0,45.76,-7.8,True,LOST_20_SMA
2026-06-03T10:17:46.033873,RTX,False,175.61,0,0,1.59,0.8,False,ACCELERATION_DECAY
2026-06-03T10:17:46.376964,SCHW,False,87.11,0,0,-5.73,-1.49,True,LOST_20_SMA
2026-06-03T10:17:46.714484,SHOP,False,113.36,0,0,5.32,13.59,False,ACCELERATION_DECAY
2026-06-03T10:17:47.050130,SLB,False,56.86,0,0,1.54,-0.14,True,ACCELERATION_DECAY
2026-06-03T10:17:47.383610,SNOW,False,245.99,0,0,73.59,-7.5,False,ACCELERATION_DECAY
2026-06-03T10:17:47.814614,SNPS,False,495.41,0,0,-1.41,-3.59,True,LOST_20_SMA
2026-06-03T10:17:48.249758,SOFI,False,16.66,0,0,4.0,-5.51,True,ACCELERATION_DECAY
2026-06-03T10:17:48.622585,SPGI,False,410.56,0,0,-3.14,-1.42,True,LOST_20_SMA
2026-06-03T10:17:48.964840,SYK,False,292.27,0,0,-1.01,-1.84,True,LOST_20_SMA
2026-06-03T10:17:49.305134,TMO,False,471.46,0,0,1.01,-3.2,True,ACCELERATION_DECAY
2026-06-03T10:17:49.642802,TSLA,False,421.61,0,0,8.28,0.32,False,ACCELERATION_DECAY
2026-06-03T10:17:49.980580,TT,False,465.66,0,0,-2.47,3.2,True,MOMENTUM_FAILURE
2026-06-03T10:17:50.325622,TTWO,False,214.64,0,0,-3.8,-2.55,True,LOST_20_SMA
2026-06-03T10:17:50.664896,UBER,False,70.74,0,0,-3.03,0.1,True,LOST_20_SMA
2026-06-03T10:17:51.001922,UNH,False,384.71,0,0,5.73,3.79,False,ACCELERATION_DECAY
2026-06-03T10:17:51.360191,URI,False,1039.16,0,0,11.27,3.74,False,ACCELERATION_DECAY
2026-06-03T10:17:51.697862,V,False,313.09,0,0,-2.78,0.14,True,LOST_20_SMA
2026-06-03T10:17:52.041296,VLO,False,263.96,0,0,4.15,1.51,False,ACCELERATION_DECAY
2026-06-03T10:17:52.381088,VRSN,False,297.87,0,0,8.01,-0.47,True,ACCELERATION_DECAY
2026-06-03T10:17:52.721116,VRTX,False,426.75,0,0,0.56,1.67,True,LOST_20_SMA
2026-06-03T10:17:53.234551,WMT,False,116.91,0,0,-10.61,2.64,True,LOST_20_SMA
2026-06-03T10:17:53.572871,XOM,False,154.41,0,0,-0.3,2.38,True,MOMENTUM_FAILURE
2026-06-03T10:17:53.911102,ZS,False,133.79,0,0,-5.36,-6.73,True,LOST_20_SMA
2026-06-03T10:22:54.383267,AAPL,False,310.23,0,0,9.17,-4.69,True,ACCELERATION_DECAY
2026-06-03T10:22:54.722858,ABBV,False,219.18,0,0,6.34,2.86,False,ACCELERATION_DECAY
2026-06-03T10:22:55.057085,ABNB,False,134.22,0,0,-3.94,-0.7,True,MOMENTUM_FAILURE
2026-06-03T10:22:55.393895,ADBE,False,256.82,0,0,0.47,-2.74,False,ACCELERATION_DECAY
2026-06-03T10:22:55.756582,ADSK,False,231.26,0,0,-7.28,-2.89,True,LOST_20_SMA
2026-06-03T10:22:56.608498,AMD,False,532.18,0,0,49.8,-2.9,True,ACCELERATION_DECAY
2026-06-03T10:22:56.955082,AMZN,False,248.43,0,0,-9.18,-3.47,True,LOST_20_SMA
2026-06-03T10:22:57.303821,ANET,False,174.87,0,0,2.73,1.16,False,ACCELERATION_DECAY
2026-06-03T10:22:57.658119,APO,False,125.82,0,0,-3.44,-3.11,True,LOST_20_SMA
2026-06-03T10:22:57.995936,APP,False,569.75,0,0,19.17,-8.33,True,ACCELERATION_DECAY
2026-06-03T10:22:58.332744,ARES,False,123.07,0,0,0.09,-6.83,True,LOST_20_SMA
2026-06-03T10:22:59.008977,ASML,False,1719.8,0,0,19.19,-3.84,True,ACCELERATION_DECAY
2026-06-03T10:22:59.354317,AXP,False,304.82,0,0,-3.52,-0.94,True,LOST_20_SMA
2026-06-03T10:22:59.702467,BA,False,213.81,0,0,-4.71,-3.08,True,LOST_20_SMA
2026-06-03T10:23:00.402637,BKNG,False,165.75,0,0,-1.12,-2.11,True,MOMENTUM_FAILURE
2026-06-03T10:23:00.750317,BLK,False,992.43,0,0,-5.38,-2.22,True,LOST_20_SMA
2026-06-03T10:23:01.085901,BSX,False,47.39,0,0,-15.34,0.79,True,LOST_20_SMA
2026-06-03T10:23:01.463148,BX,False,110.01,0,0,-10.36,-3.71,True,LOST_20_SMA
2026-06-03T10:23:01.846305,CAT,False,924.41,0,0,2.19,-1.81,True,ACCELERATION_DECAY
2026-06-03T10:23:02.181623,CAVA,False,71.33,0,0,-21.04,-2.26,True,LOST_20_SMA
2026-06-03T10:23:02.515375,CDNS,False,403.27,0,0,14.04,-5.1,True,ACCELERATION_DECAY
2026-06-03T10:23:02.855978,CELH,False,29.99,0,0,-10.53,-1.51,True,LOST_20_SMA
2026-06-03T10:23:03.198063,CME,False,253.78,0,0,-11.52,2.18,True,LOST_20_SMA
2026-06-03T10:23:03.547688,CMG,False,29.07,0,0,-10.03,-1.52,True,LOST_20_SMA
2026-06-03T10:23:03.886725,COIN,False,165.14,0,0,-16.49,-2.2,True,LOST_20_SMA
2026-06-03T10:23:04.234522,COP,False,119.03,0,0,-3.48,2.96,True,MOMENTUM_FAILURE
2026-06-03T10:23:04.597829,COST,False,965.64,0,0,-5.0,0.78,True,LOST_20_SMA
2026-06-03T10:23:04.938651,CRM,False,192.11,0,0,2.74,-5.54,True,ACCELERATION_DECAY
2026-06-03T10:23:05.278814,CRWD,False,748.04,0,0,56.98,-6.89,True,ACCELERATION_DECAY
2026-06-03T10:23:05.662589,CVX,False,190.93,0,0,-0.89,1.57,True,MOMENTUM_FAILURE
2026-06-03T10:23:05.999653,DDOG,False,249.28,0,0,71.06,-12.41,True,ACCELERATION_DECAY
2026-06-03T10:23:06.368088,DE,False,588.75,0,0,2.25,2.1,False,ACCELERATION_DECAY
2026-06-03T10:23:06.795570,DELL,False,412.88,0,0,90.87,-14.82,True,ACCELERATION_DECAY
2026-06-03T10:23:07.168641,DHR,False,177.02,0,0,1.37,0.18,False,ACCELERATION_DECAY
2026-06-03T10:23:07.516140,DUOL,False,105.47,0,0,1.38,1.64,True,LOST_20_SMA
2026-06-03T10:23:07.864357,EOG,False,142.37,0,0,1.1,3.24,False,ACCELERATION_DECAY
2026-06-03T10:23:08.208203,ETN,False,419.59,0,0,2.12,3.27,False,ACCELERATION_DECAY
2026-06-03T10:23:08.887809,FICO,False,1170.28,0,0,9.75,-8.32,True,ACCELERATION_DECAY
2026-06-03T10:23:09.228782,FTNT,False,146.36,0,0,62.77,-4.04,True,ACCELERATION_DECAY
2026-06-03T10:23:09.565802,GD,False,340.67,0,0,-2.43,0.85,True,MOMENTUM_FAILURE
2026-06-03T10:23:09.915121,GE,False,318.34,0,0,11.04,-2.22,True,ACCELERATION_DECAY
2026-06-03T10:23:10.251278,GOOG,False,357.1,0,0,-7.07,-1.47,True,LOST_20_SMA
2026-06-03T10:23:10.586644,GOOGL,False,360.8,0,0,-7.11,-1.53,True,LOST_20_SMA
2026-06-03T10:23:10.930089,GS,False,1046.79,0,0,13.92,-3.94,True,ACCELERATION_DECAY
2026-06-03T10:23:11.279720,HD,False,311.6,0,0,-1.21,-0.92,True,MOMENTUM_FAILURE
2026-06-03T10:23:11.704869,HIMS,False,26.65,0,0,1.22,0.34,False,ACCELERATION_DECAY
2026-06-03T10:23:12.095955,HON,False,231.73,0,0,10.84,-1.39,True,ACCELERATION_DECAY
2026-06-03T10:23:12.439749,HOOD,False,83.37,0,0,8.23,-6.94,True,ACCELERATION_DECAY
2026-06-03T10:23:12.786024,ICE,False,140.44,0,0,-9.56,-0.57,True,LOST_20_SMA
2026-06-03T10:23:13.130928,INTC,False,111.2,0,0,2.82,-9.87,True,LOST_20_SMA
2026-06-03T10:23:13.470897,INTU,False,312.54,0,0,-21.54,-0.69,True,LOST_20_SMA
2026-06-03T10:23:13.805979,ISRG,False,404.83,0,0,-10.31,0.75,True,LOST_20_SMA
2026-06-03T10:23:14.151148,JPM,False,300.57,0,0,-2.85,-0.68,True,MOMENTUM_FAILURE
2026-06-03T10:23:14.495449,KKR,False,90.87,0,0,-10.91,-2.32,True,LOST_20_SMA
2026-06-03T10:23:14.842747,KLAC,False,2098.14,0,0,21.08,1.71,False,ACCELERATION_DECAY
2026-06-03T10:23:15.191171,LIN,False,508.66,0,0,1.67,1.19,False,ACCELERATION_DECAY
2026-06-03T10:23:15.535780,LLY,False,1086.86,0,0,9.91,-0.03,False,ACCELERATION_DECAY
2026-06-03T10:23:15.875834,LMT,False,519.88,0,0,2.15,3.06,False,ACCELERATION_DECAY
2026-06-03T10:23:16.214959,LRCX,False,340.99,0,0,23.64,-5.69,True,ACCELERATION_DECAY
2026-06-03T10:23:16.661345,LULU,False,125.24,0,0,-3.82,-1.87,True,LOST_20_SMA
2026-06-03T10:23:17.036003,MA,False,471.6,0,0,-5.13,0.24,True,LOST_20_SMA
2026-06-03T10:23:17.381867,MCD,False,275.96,0,0,-3.23,-0.51,True,LOST_20_SMA
2026-06-03T10:23:17.722839,MCO,False,447.4,0,0,-1.57,-2.47,True,MOMENTUM_FAILURE
2026-06-03T10:23:18.068503,MDB,False,370.49,0,0,38.93,-11.61,True,ACCELERATION_DECAY
2026-06-03T10:23:18.401644,META,False,618.06,0,0,2.17,4.26,False,ACCELERATION_DECAY
2026-06-03T10:23:18.747814,MPC,False,271.39,0,0,4.18,0.01,False,ACCELERATION_DECAY
2026-06-03T10:23:19.102568,MS,False,210.98,0,0,11.48,-2.86,True,ACCELERATION_DECAY
2026-06-03T10:23:19.441516,MSFT,False,424.85,0,0,3.27,-3.42,True,ACCELERATION_DECAY
2026-06-03T10:23:19.796957,MU,False,1059.55,0,0,65.5,-19.09,True,ACCELERATION_DECAY
2026-06-03T10:23:20.142393,NET,False,264.64,0,0,8.27,-13.36,True,ACCELERATION_DECAY
2026-06-03T10:23:20.488719,NFLX,False,81.51,0,0,-7.26,1.19,True,LOST_20_SMA
2026-06-03T10:23:20.850002,NOC,False,534.45,0,0,-4.32,1.04,True,LOST_20_SMA
2026-06-03T10:23:21.190849,NOW,False,119.95,0,0,30.37,-8.43,True,ACCELERATION_DECAY
2026-06-03T10:23:21.567442,NUE,False,258.38,0,0,11.34,-3.12,True,ACCELERATION_DECAY
2026-06-03T10:23:21.909088,NVDA,False,215.66,0,0,9.75,-2.51,True,LOST_20_SMA
2026-06-03T10:23:22.250139,ODFL,False,232.47,0,0,18.56,-0.64,True,ACCELERATION_DECAY
2026-06-03T10:23:22.593462,ORCL,False,229.0,0,0,23.55,-12.11,True,ACCELERATION_DECAY
2026-06-03T10:23:22.935378,PANW,False,280.66,0,0,52.55,-8.47,True,ACCELERATION_DECAY
2026-06-03T10:23:23.273165,PH,False,853.61,0,0,-2.19,1.44,True,LOST_20_SMA
2026-06-03T10:23:23.616130,PLTR,False,142.9,0,0,5.14,0.94,False,ACCELERATION_DECAY
2026-06-03T10:23:23.959554,PWR,False,719.72,0,0,-6.72,0.05,True,LOST_20_SMA
2026-06-03T10:23:24.298753,PYPL,False,42.62,0,0,-8.32,3.3,True,LOST_20_SMA
2026-06-03T10:23:24.635651,QCOM,False,248.79,0,0,33.36,-9.67,True,ACCELERATION_DECAY
2026-06-03T10:23:24.969809,RBLX,False,43.06,0,0,-2.23,3.18,True,LOST_20_SMA
2026-06-03T10:23:25.302617,REGN,False,622.75,0,0,-11.32,3.66,True,LOST_20_SMA
2026-06-03T10:23:25.642486,RKLB,False,114.37,0,0,45.21,-8.34,True,LOST_20_SMA
2026-06-03T10:23:25.987538,RTX,False,175.49,0,0,1.52,0.73,False,ACCELERATION_DECAY
2026-06-03T10:23:26.413041,SCHW,False,87.25,0,0,-5.57,-1.34,True,LOST_20_SMA
2026-06-03T10:23:26.781610,SHOP,False,113.61,0,0,5.56,13.82,False,ACCELERATION_DECAY
2026-06-03T10:23:27.126446,SLB,False,56.86,0,0,1.54,-0.14,True,ACCELERATION_DECAY
2026-06-03T10:23:27.469482,SNOW,False,245.6,0,0,73.31,-7.77,False,ACCELERATION_DECAY
2026-06-03T10:23:27.800558,SNPS,False,496.01,0,0,-1.29,-3.47,True,LOST_20_SMA
2026-06-03T10:23:28.135410,SOFI,False,16.67,0,0,4.06,-5.45,True,ACCELERATION_DECAY
2026-06-03T10:23:28.480937,SPGI,False,411.2,0,0,-2.99,-1.27,True,LOST_20_SMA
2026-06-03T10:23:28.822430,SYK,False,292.59,0,0,-0.9,-1.73,True,LOST_20_SMA
2026-06-03T10:23:29.162154,TMO,False,472.03,0,0,1.13,-3.08,True,ACCELERATION_DECAY
2026-06-03T10:23:29.500482,TSLA,False,421.55,0,0,8.26,0.31,True,LOST_20_SMA
2026-06-03T10:23:29.839757,TT,False,465.72,0,0,-2.46,3.21,True,MOMENTUM_FAILURE
2026-06-03T10:23:30.174779,TTWO,False,214.85,0,0,-3.7,-2.46,True,LOST_20_SMA
2026-06-03T10:23:30.522161,UBER,False,70.8,0,0,-2.95,0.18,True,LOST_20_SMA
2026-06-03T10:23:30.863741,UNH,False,384.44,0,0,5.65,3.72,False,ACCELERATION_DECAY
2026-06-03T10:23:31.206162,URI,False,1039.22,0,0,11.27,3.75,False,ACCELERATION_DECAY
2026-06-03T10:23:31.652057,V,False,313.17,0,0,-2.75,0.16,True,LOST_20_SMA
2026-06-03T10:23:32.058473,VLO,False,264.12,0,0,4.21,1.58,False,ACCELERATION_DECAY
2026-06-03T10:23:32.402237,VRSN,False,298.14,0,0,8.11,-0.37,True,ACCELERATION_DECAY
2026-06-03T10:23:32.741622,VRTX,False,427.26,0,0,0.68,1.79,True,LOST_20_SMA
2026-06-03T10:23:33.187576,WMT,False,117.09,0,0,-10.47,2.78,True,LOST_20_SMA
2026-06-03T10:23:33.530030,XOM,False,154.35,0,0,-0.34,2.35,True,MOMENTUM_FAILURE
2026-06-03T10:23:33.885630,ZS,False,134.17,0,0,-5.09,-6.46,True,LOST_20_SMA
2026-06-03T10:28:34.372792,AAPL,False,309.59,0,0,8.94,-4.92,True,ACCELERATION_DECAY
2026-06-03T10:28:34.733817,ABBV,False,219.31,0,0,6.4,2.93,False,ACCELERATION_DECAY
2026-06-03T10:28:35.094106,ABNB,False,134.41,0,0,-3.81,-0.56,True,MOMENTUM_FAILURE
2026-06-03T10:28:35.425738,ADBE,False,256.81,0,0,0.47,-2.74,False,ACCELERATION_DECAY
2026-06-03T10:28:35.767072,ADSK,False,231.27,0,0,-7.28,-2.89,True,LOST_20_SMA
2026-06-03T10:28:36.577703,AMD,False,532.19,0,0,49.8,-2.9,True,ACCELERATION_DECAY
2026-06-03T10:28:36.942024,AMZN,False,247.87,0,0,-9.39,-3.68,True,LOST_20_SMA
2026-06-03T10:28:37.313206,ANET,False,174.81,0,0,2.7,1.13,False,ACCELERATION_DECAY
2026-06-03T10:28:37.658678,APO,False,125.48,0,0,-3.7,-3.37,True,LOST_20_SMA
2026-06-03T10:28:37.999493,APP,False,566.54,0,0,18.5,-9.01,True,ACCELERATION_DECAY
2026-06-03T10:28:38.337010,ARES,False,122.82,0,0,-0.11,-7.03,True,LOST_20_SMA
2026-06-03T10:28:39.109727,ASML,False,1721.66,0,0,19.32,-3.71,True,ACCELERATION_DECAY
2026-06-03T10:28:39.452275,AXP,False,304.45,0,0,-3.64,-1.06,True,LOST_20_SMA
2026-06-03T10:28:39.945117,BA,False,213.99,0,0,-4.63,-3.0,True,LOST_20_SMA
2026-06-03T10:28:40.777451,BKNG,False,165.61,0,0,-1.21,-2.19,True,MOMENTUM_FAILURE
2026-06-03T10:28:41.125461,BLK,False,991.4,0,0,-5.48,-2.32,True,LOST_20_SMA
2026-06-03T10:28:41.460274,BSX,False,47.36,0,0,-15.4,0.73,True,LOST_20_SMA
2026-06-03T10:28:41.803059,BX,False,109.85,0,0,-10.49,-3.84,True,LOST_20_SMA
2026-06-03T10:28:42.161562,CAT,False,924.04,0,0,2.15,-1.85,True,ACCELERATION_DECAY
2026-06-03T10:28:42.527411,CAVA,False,71.2,0,0,-21.19,-2.41,True,LOST_20_SMA
2026-06-03T10:28:42.870005,CDNS,False,403.68,0,0,14.15,-4.98,True,ACCELERATION_DECAY
2026-06-03T10:28:43.204028,CELH,False,29.93,0,0,-10.71,-1.68,True,LOST_20_SMA
2026-06-03T10:28:43.546062,CME,False,253.69,0,0,-11.55,2.15,True,LOST_20_SMA
2026-06-03T10:28:43.885373,CMG,False,29.05,0,0,-10.09,-1.58,True,LOST_20_SMA
2026-06-03T10:28:44.227423,COIN,False,164.7,0,0,-16.71,-2.43,True,LOST_20_SMA
2026-06-03T10:28:44.573072,COP,False,119.02,0,0,-3.49,2.95,True,MOMENTUM_FAILURE
2026-06-03T10:28:44.942977,COST,False,966.05,0,0,-4.96,0.82,True,LOST_20_SMA
2026-06-03T10:28:45.288645,CRM,False,192.09,0,0,2.73,-5.55,True,ACCELERATION_DECAY
2026-06-03T10:28:45.649293,CRWD,False,747.48,0,0,56.86,-7.01,True,ACCELERATION_DECAY
2026-06-03T10:28:45.992180,CVX,False,190.99,0,0,-0.86,1.6,True,MOMENTUM_FAILURE
2026-06-03T10:28:46.326997,DDOG,False,249.13,0,0,70.95,-12.52,True,ACCELERATION_DECAY
2026-06-03T10:28:46.702554,DE,False,588.94,0,0,2.28,2.14,False,ACCELERATION_DECAY
2026-06-03T10:28:47.040518,DELL,False,412.75,0,0,90.81,-14.88,True,ACCELERATION_DECAY
2026-06-03T10:28:47.391459,DHR,False,176.92,0,0,1.31,0.12,False,ACCELERATION_DECAY
2026-06-03T10:28:47.719964,DUOL,False,105.47,0,0,1.38,1.64,True,LOST_20_SMA
2026-06-03T10:28:48.075274,EOG,False,142.4,0,0,1.12,3.26,False,ACCELERATION_DECAY
2026-06-03T10:28:48.429355,ETN,False,419.57,0,0,2.12,3.26,False,ACCELERATION_DECAY
2026-06-03T10:28:49.143700,FICO,False,1168.35,0,0,9.57,-8.5,True,ACCELERATION_DECAY
2026-06-03T10:28:49.480971,FTNT,False,146.31,0,0,62.71,-4.1,True,ACCELERATION_DECAY
2026-06-03T10:28:49.827538,GD,False,340.88,0,0,-2.37,0.91,True,MOMENTUM_FAILURE
2026-06-03T10:28:50.181040,GE,False,318.63,0,0,11.14,-2.12,True,ACCELERATION_DECAY
2026-06-03T10:28:50.594497,GOOG,False,357.38,0,0,-7.0,-1.4,True,LOST_20_SMA
2026-06-03T10:28:50.976925,GOOGL,False,361.04,0,0,-7.05,-1.47,True,LOST_20_SMA
2026-06-03T10:28:51.333112,GS,False,1044.25,0,0,13.64,-4.22,True,ACCELERATION_DECAY
2026-06-03T10:28:51.673279,HD,False,311.68,0,0,-1.19,-0.9,True,MOMENTUM_FAILURE
2026-06-03T10:28:52.016182,HIMS,False,26.65,0,0,1.22,0.34,False,ACCELERATION_DECAY
2026-06-03T10:28:52.359850,HON,False,231.46,0,0,10.71,-1.52,True,ACCELERATION_DECAY
2026-06-03T10:28:52.703302,HOOD,False,83.25,0,0,8.07,-7.09,True,ACCELERATION_DECAY
2026-06-03T10:28:53.045764,ICE,False,140.24,0,0,-9.69,-0.7,True,LOST_20_SMA
2026-06-03T10:28:53.424287,INTC,False,111.49,0,0,3.09,-9.6,True,LOST_20_SMA
2026-06-03T10:28:53.759955,INTU,False,312.4,0,0,-21.57,-0.72,True,LOST_20_SMA
2026-06-03T10:28:54.092603,ISRG,False,404.31,0,0,-10.43,0.64,True,LOST_20_SMA
2026-06-03T10:28:54.440725,JPM,False,300.1,0,0,-3.01,-0.83,True,MOMENTUM_FAILURE
2026-06-03T10:28:54.936931,KKR,False,90.8,0,0,-10.98,-2.39,True,LOST_20_SMA
2026-06-03T10:28:55.315943,KLAC,False,2101.13,0,0,21.25,1.88,False,ACCELERATION_DECAY
2026-06-03T10:28:55.728134,LIN,False,508.94,0,0,1.73,1.25,False,ACCELERATION_DECAY
2026-06-03T10:28:56.072977,LLY,False,1086.88,0,0,9.91,-0.03,False,ACCELERATION_DECAY
2026-06-03T10:28:56.415082,LMT,False,519.69,0,0,2.11,3.03,False,ACCELERATION_DECAY
2026-06-03T10:28:56.780949,LRCX,False,340.8,0,0,23.57,-5.76,True,ACCELERATION_DECAY
2026-06-03T10:28:57.127295,LULU,False,125.01,0,0,-3.99,-2.05,True,LOST_20_SMA
2026-06-03T10:28:57.465601,MA,False,471.48,0,0,-5.15,0.21,True,LOST_20_SMA
2026-06-03T10:28:57.924306,MCD,False,276.18,0,0,-3.15,-0.43,True,MOMENTUM_FAILURE
2026-06-03T10:28:58.271077,MCO,False,446.94,0,0,-1.67,-2.57,True,MOMENTUM_FAILURE
2026-06-03T10:28:58.621134,MDB,False,370.74,0,0,39.02,-11.52,True,ACCELERATION_DECAY
2026-06-03T10:28:58.978835,META,False,617.77,0,0,2.12,4.21,False,ACCELERATION_DECAY
2026-06-03T10:28:59.328061,MPC,False,271.62,0,0,4.26,0.1,False,ACCELERATION_DECAY
2026-06-03T10:28:59.680497,MS,False,210.24,0,0,11.09,-3.25,True,ACCELERATION_DECAY
2026-06-03T10:29:00.029783,MSFT,False,424.64,0,0,3.22,-3.47,True,ACCELERATION_DECAY
2026-06-03T10:29:00.422654,MU,False,1059.09,0,0,65.43,-19.16,True,ACCELERATION_DECAY
2026-06-03T10:29:00.801803,NET,False,264.36,0,0,8.15,-13.48,True,ACCELERATION_DECAY
2026-06-03T10:29:01.153108,NFLX,False,81.46,0,0,-7.32,1.13,True,LOST_20_SMA
2026-06-03T10:29:01.578843,NOC,False,535.0,0,0,-4.22,1.14,True,LOST_20_SMA
2026-06-03T10:29:01.988925,NOW,False,119.91,0,0,30.32,-8.47,True,ACCELERATION_DECAY
2026-06-03T10:29:02.349665,NUE,False,258.35,0,0,11.32,-3.13,True,ACCELERATION_DECAY
2026-06-03T10:29:02.697636,NVDA,False,215.55,0,0,9.69,-2.57,True,LOST_20_SMA
2026-06-03T10:29:03.054698,ODFL,False,232.07,0,0,18.35,-0.85,True,ACCELERATION_DECAY
2026-06-03T10:29:03.395873,ORCL,False,228.63,0,0,23.35,-12.31,True,ACCELERATION_DECAY
2026-06-03T10:29:03.733698,PANW,False,280.08,0,0,52.23,-8.79,True,ACCELERATION_DECAY
2026-06-03T10:29:04.077777,PH,False,853.32,0,0,-2.22,1.4,True,LOST_20_SMA
2026-06-03T10:29:04.405847,PLTR,False,142.54,0,0,4.88,0.67,False,ACCELERATION_DECAY
2026-06-03T10:29:04.763647,PWR,False,719.88,0,0,-6.7,0.07,True,LOST_20_SMA
2026-06-03T10:29:05.138959,PYPL,False,42.6,0,0,-8.37,3.26,True,LOST_20_SMA
2026-06-03T10:29:05.493516,QCOM,False,248.83,0,0,33.39,-9.65,True,ACCELERATION_DECAY
2026-06-03T10:29:05.826917,RBLX,False,42.96,0,0,-2.45,2.95,True,LOST_20_SMA
2026-06-03T10:29:06.179495,REGN,False,622.57,0,0,-11.35,3.64,True,LOST_20_SMA
2026-06-03T10:29:06.605358,RKLB,False,114.2,0,0,45.0,-8.56,True,LOST_20_SMA
2026-06-03T10:29:06.978653,RTX,False,175.56,0,0,1.56,0.77,False,ACCELERATION_DECAY
2026-06-03T10:29:07.324174,SCHW,False,87.36,0,0,-5.45,-1.22,True,LOST_20_SMA
2026-06-03T10:29:07.661358,SHOP,False,113.17,0,0,5.15,13.41,False,ACCELERATION_DECAY
2026-06-03T10:29:08.001884,SLB,False,56.82,0,0,1.46,-0.21,True,ACCELERATION_DECAY
2026-06-03T10:29:08.346981,SNOW,False,244.92,0,0,72.83,-8.25,False,ACCELERATION_DECAY
2026-06-03T10:29:08.689676,SNPS,False,495.78,0,0,-1.34,-3.52,True,LOST_20_SMA
2026-06-03T10:29:09.032079,SOFI,False,16.62,0,0,3.75,-5.76,True,ACCELERATION_DECAY
2026-06-03T10:29:09.387966,SPGI,False,411.01,0,0,-3.03,-1.32,True,LOST_20_SMA
2026-06-03T10:29:09.740195,SYK,False,293.28,0,0,-0.67,-1.5,True,LOST_20_SMA
2026-06-03T10:29:10.116888,TMO,False,471.95,0,0,1.11,-3.1,True,ACCELERATION_DECAY
2026-06-03T10:29:10.472039,TSLA,False,420.67,0,0,8.04,0.08,True,LOST_20_SMA
2026-06-03T10:29:10.874107,TT,False,465.3,0,0,-2.54,3.12,True,MOMENTUM_FAILURE
2026-06-03T10:29:11.279693,TTWO,False,214.55,0,0,-3.84,-2.59,True,LOST_20_SMA
2026-06-03T10:29:11.630312,UBER,False,70.77,0,0,-2.99,0.14,True,LOST_20_SMA
2026-06-03T10:29:12.007687,UNH,False,384.35,0,0,5.63,3.69,False,ACCELERATION_DECAY
2026-06-03T10:29:12.347978,URI,False,1040.16,0,0,11.37,3.85,False,ACCELERATION_DECAY
2026-06-03T10:29:12.697847,V,False,313.26,0,0,-2.72,0.19,True,LOST_20_SMA
2026-06-03T10:29:13.043582,VLO,False,264.35,0,0,4.3,1.67,False,ACCELERATION_DECAY
2026-06-03T10:29:13.402010,VRSN,False,297.79,0,0,7.98,-0.5,True,ACCELERATION_DECAY
2026-06-03T10:29:13.764922,VRTX,False,426.82,0,0,0.58,1.69,True,LOST_20_SMA
2026-06-03T10:29:14.229107,WMT,False,117.15,0,0,-10.43,2.82,True,LOST_20_SMA
2026-06-03T10:29:14.571453,XOM,False,154.42,0,0,-0.3,2.39,True,MOMENTUM_FAILURE
2026-06-03T10:29:14.911408,ZS,False,134.14,0,0,-5.11,-6.48,True,LOST_20_SMA
2026-06-03T10:34:15.382175,AAPL,False,308.89,0,0,8.7,-5.17,True,ACCELERATION_DECAY
2026-06-03T10:34:15.731253,ABBV,False,219.3,0,0,6.4,2.92,False,ACCELERATION_DECAY
2026-06-03T10:34:16.085828,ABNB,False,134.42,0,0,-3.8,-0.55,True,MOMENTUM_FAILURE
2026-06-03T10:34:16.428474,ADBE,False,256.56,0,0,0.37,-2.84,False,ACCELERATION_DECAY
2026-06-03T10:34:16.835714,ADSK,False,231.21,0,0,-7.3,-2.91,True,LOST_20_SMA
2026-06-03T10:34:17.520291,AMD,False,531.56,0,0,49.63,-3.08,True,ACCELERATION_DECAY
2026-06-03T10:34:17.889882,AMZN,False,248.02,0,0,-9.33,-3.62,True,LOST_20_SMA
2026-06-03T10:34:18.239402,ANET,False,174.81,0,0,2.7,1.13,False,ACCELERATION_DECAY
2026-06-03T10:34:18.578563,APO,False,125.4,0,0,-3.76,-3.43,True,LOST_20_SMA
2026-06-03T10:34:18.930788,APP,False,566.28,0,0,18.44,-9.06,True,ACCELERATION_DECAY
2026-06-03T10:34:19.278457,ARES,False,122.8,0,0,-0.13,-7.05,True,LOST_20_SMA
2026-06-03T10:34:20.072148,ASML,False,1718.25,0,0,19.08,-3.94,True,ACCELERATION_DECAY
2026-06-03T10:34:20.409257,AXP,False,304.27,0,0,-3.7,-1.12,True,LOST_20_SMA
2026-06-03T10:34:20.757497,BA,False,213.38,0,0,-4.9,-3.28,True,LOST_20_SMA
2026-06-03T10:34:21.444529,BKNG,False,165.5,0,0,-1.27,-2.26,True,MOMENTUM_FAILURE
2026-06-03T10:34:21.799171,BLK,False,991.08,0,0,-5.51,-2.35,True,LOST_20_SMA
2026-06-03T10:34:22.139860,BSX,False,47.37,0,0,-15.38,0.75,True,LOST_20_SMA
2026-06-03T10:34:22.492335,BX,False,109.59,0,0,-10.7,-4.05,True,LOST_20_SMA
2026-06-03T10:34:22.825548,CAT,False,924.26,0,0,2.17,-1.83,True,ACCELERATION_DECAY
2026-06-03T10:34:23.161574,CAVA,False,71.38,0,0,-20.99,-2.21,True,LOST_20_SMA
2026-06-03T10:34:23.502101,CDNS,False,403.87,0,0,14.21,-4.93,True,ACCELERATION_DECAY
2026-06-03T10:34:23.857332,CELH,False,29.91,0,0,-10.77,-1.74,True,LOST_20_SMA
2026-06-03T10:34:24.196085,CME,False,253.83,0,0,-11.5,2.19,True,LOST_20_SMA
2026-06-03T10:34:24.674930,CMG,False,29.05,0,0,-10.09,-1.58,True,LOST_20_SMA
2026-06-03T10:34:25.116966,COIN,False,164.64,0,0,-16.74,-2.46,True,LOST_20_SMA
2026-06-03T10:34:25.479624,COP,False,119.2,0,0,-3.34,3.1,True,MOMENTUM_FAILURE
2026-06-03T10:34:25.821688,COST,False,965.88,0,0,-4.97,0.81,True,LOST_20_SMA
2026-06-03T10:34:26.159493,CRM,False,191.95,0,0,2.65,-5.63,True,ACCELERATION_DECAY
2026-06-03T10:34:26.502294,CRWD,False,746.42,0,0,56.64,-7.23,True,ACCELERATION_DECAY
2026-06-03T10:34:26.901139,CVX,False,191.18,0,0,-0.76,1.7,True,MOMENTUM_FAILURE
2026-06-03T10:34:27.236393,DDOG,False,248.45,0,0,70.49,-12.98,True,ACCELERATION_DECAY
2026-06-03T10:34:27.569544,DE,False,589.03,0,0,2.3,2.15,False,ACCELERATION_DECAY
2026-06-03T10:34:27.906075,DELL,False,412.31,0,0,90.6,-15.08,True,ACCELERATION_DECAY
2026-06-03T10:34:28.252476,DHR,False,176.89,0,0,1.29,0.1,False,ACCELERATION_DECAY
2026-06-03T10:34:28.589571,DUOL,False,105.45,0,0,1.36,1.62,True,LOST_20_SMA
2026-06-03T10:34:28.939831,EOG,False,142.59,0,0,1.26,3.4,False,ACCELERATION_DECAY
2026-06-03T10:34:29.302170,ETN,False,419.24,0,0,2.04,3.18,False,ACCELERATION_DECAY
2026-06-03T10:34:30.029468,FICO,False,1170.21,0,0,9.75,-8.33,True,ACCELERATION_DECAY
2026-06-03T10:34:30.372041,FTNT,False,146.16,0,0,62.54,-4.26,True,ACCELERATION_DECAY
2026-06-03T10:34:30.707748,GD,False,341.25,0,0,-2.27,1.02,True,MOMENTUM_FAILURE
2026-06-03T10:34:31.065442,GE,False,318.28,0,0,11.02,-2.24,True,ACCELERATION_DECAY
2026-06-03T10:34:31.411323,GOOG,False,357.98,0,0,-6.84,-1.24,True,LOST_20_SMA
2026-06-03T10:34:31.746472,GOOGL,False,361.69,0,0,-6.88,-1.3,True,LOST_20_SMA
2026-06-03T10:34:32.082930,GS,False,1044.63,0,0,13.68,-4.17,True,ACCELERATION_DECAY
2026-06-03T10:34:32.430081,HD,False,311.48,0,0,-1.25,-0.96,True,MOMENTUM_FAILURE
2026-06-03T10:34:32.771686,HIMS,False,26.71,0,0,1.44,0.56,False,ACCELERATION_DECAY
2026-06-03T10:34:33.114850,HON,False,231.61,0,0,10.79,-1.45,True,ACCELERATION_DECAY
2026-06-03T10:34:33.452379,HOOD,False,83.21,0,0,8.02,-7.14,True,ACCELERATION_DECAY
2026-06-03T10:34:33.799243,ICE,False,140.26,0,0,-9.67,-0.69,True,LOST_20_SMA
2026-06-03T10:34:34.170389,INTC,False,111.42,0,0,3.02,-9.66,True,LOST_20_SMA
2026-06-03T10:34:34.640193,INTU,False,311.92,0,0,-21.69,-0.84,True,LOST_20_SMA
2026-06-03T10:34:35.094776,ISRG,False,403.04,0,0,-10.71,0.36,True,LOST_20_SMA
2026-06-03T10:34:35.440650,JPM,False,300.18,0,0,-2.98,-0.81,True,MOMENTUM_FAILURE
2026-06-03T10:34:35.791128,KKR,False,90.65,0,0,-11.13,-2.53,True,LOST_20_SMA
2026-06-03T10:34:36.139552,KLAC,False,2101.19,0,0,21.25,1.88,False,ACCELERATION_DECAY
2026-06-03T10:34:36.504373,LIN,False,508.43,0,0,1.63,1.15,False,ACCELERATION_DECAY
2026-06-03T10:34:36.876334,LLY,False,1087.5,0,0,9.97,0.03,False,ACCELERATION_DECAY
2026-06-03T10:34:37.219649,LMT,False,519.97,0,0,2.17,3.08,False,ACCELERATION_DECAY
2026-06-03T10:34:37.561858,LRCX,False,340.84,0,0,23.58,-5.75,True,ACCELERATION_DECAY
2026-06-03T10:34:37.932008,LULU,False,124.91,0,0,-4.07,-2.12,True,LOST_20_SMA
2026-06-03T10:34:38.279327,MA,False,471.42,0,0,-5.16,0.2,True,LOST_20_SMA
2026-06-03T10:34:38.625279,MCD,False,276.58,0,0,-3.01,-0.29,True,MOMENTUM_FAILURE
2026-06-03T10:34:38.973884,MCO,False,447.33,0,0,-1.59,-2.49,True,MOMENTUM_FAILURE
2026-06-03T10:34:39.317607,MDB,False,370.28,0,0,38.85,-11.69,True,ACCELERATION_DECAY
2026-06-03T10:34:39.737645,META,False,615.84,0,0,1.8,3.89,False,ACCELERATION_DECAY
2026-06-03T10:34:40.154374,MPC,False,271.58,0,0,4.25,0.08,False,ACCELERATION_DECAY
2026-06-03T10:34:40.495076,MS,False,210.64,0,0,11.3,-3.04,True,ACCELERATION_DECAY
2026-06-03T10:34:40.837148,MSFT,False,424.61,0,0,3.22,-3.48,True,ACCELERATION_DECAY
2026-06-03T10:34:41.185893,MU,False,1058.79,0,0,65.38,-19.21,True,ACCELERATION_DECAY
2026-06-03T10:34:41.529859,NET,False,264.37,0,0,8.16,-13.47,True,ACCELERATION_DECAY
2026-06-03T10:34:41.882973,NFLX,False,81.48,0,0,-7.29,1.16,True,LOST_20_SMA
2026-06-03T10:34:42.250716,NOC,False,535.2,0,0,-4.19,1.17,True,LOST_20_SMA
2026-06-03T10:34:42.591510,NOW,False,119.68,0,0,30.07,-8.72,True,ACCELERATION_DECAY
2026-06-03T10:34:42.930240,NUE,False,258.49,0,0,11.38,-3.07,True,ACCELERATION_DECAY
2026-06-03T10:34:43.283377,NVDA,False,215.33,0,0,9.58,-2.68,True,LOST_20_SMA
2026-06-03T10:34:43.628576,ODFL,False,232.57,0,0,18.61,-0.59,True,ACCELERATION_DECAY
2026-06-03T10:34:43.974469,ORCL,False,228.59,0,0,23.33,-12.33,True,ACCELERATION_DECAY
2026-06-03T10:34:44.332621,PANW,False,279.34,0,0,51.83,-9.19,True,ACCELERATION_DECAY
2026-06-03T10:34:44.816696,PH,False,853.26,0,0,-2.23,1.4,True,LOST_20_SMA
2026-06-03T10:34:45.304959,PLTR,False,142.33,0,0,4.72,0.52,False,ACCELERATION_DECAY
2026-06-03T10:34:45.645256,PWR,False,719.56,0,0,-6.75,0.03,True,LOST_20_SMA
2026-06-03T10:34:45.980377,PYPL,False,42.57,0,0,-8.43,3.2,True,LOST_20_SMA
2026-06-03T10:34:46.342685,QCOM,False,248.59,0,0,33.26,-9.78,True,ACCELERATION_DECAY
2026-06-03T10:34:46.749271,RBLX,False,42.93,0,0,-2.52,2.88,True,LOST_20_SMA
2026-06-03T10:34:47.081912,REGN,False,622.74,0,0,-11.32,3.66,True,LOST_20_SMA
2026-06-03T10:34:47.416196,RKLB,False,114.5,0,0,45.38,-8.18,True,LOST_20_SMA
2026-06-03T10:34:47.770549,RTX,False,175.67,0,0,1.62,0.83,False,ACCELERATION_DECAY
2026-06-03T10:34:48.114683,SCHW,False,87.33,0,0,-5.49,-1.26,True,LOST_20_SMA
2026-06-03T10:34:48.450858,SHOP,False,112.97,0,0,4.96,13.22,False,ACCELERATION_DECAY
2026-06-03T10:34:48.792882,SLB,False,56.86,0,0,1.54,-0.14,True,ACCELERATION_DECAY
2026-06-03T10:34:49.133307,SNOW,False,245.02,0,0,72.9,-8.18,False,ACCELERATION_DECAY
2026-06-03T10:34:49.467248,SNPS,False,495.82,0,0,-1.33,-3.51,True,LOST_20_SMA
2026-06-03T10:34:49.956944,SOFI,False,16.6,0,0,3.62,-5.89,True,ACCELERATION_DECAY
2026-06-03T10:34:50.415016,SPGI,False,411.35,0,0,-2.95,-1.24,True,LOST_20_SMA
2026-06-03T10:34:50.795978,SYK,False,292.95,0,0,-0.78,-1.61,True,LOST_20_SMA
2026-06-03T10:34:51.146033,TMO,False,472.64,0,0,1.26,-2.95,True,ACCELERATION_DECAY
2026-06-03T10:34:51.488655,TSLA,False,419.3,0,0,7.69,-0.27,True,LOST_20_SMA
2026-06-03T10:34:51.829580,TT,False,465.3,0,0,-2.54,3.12,True,MOMENTUM_FAILURE
2026-06-03T10:34:52.172043,TTWO,False,214.79,0,0,-3.73,-2.49,True,LOST_20_SMA
2026-06-03T10:34:52.518462,UBER,False,70.72,0,0,-3.06,0.07,True,LOST_20_SMA
2026-06-03T10:34:52.878131,UNH,False,384.14,0,0,5.57,3.64,False,ACCELERATION_DECAY
2026-06-03T10:34:53.235333,URI,False,1039.63,0,0,11.32,3.79,False,ACCELERATION_DECAY
2026-06-03T10:34:53.590562,V,False,313.28,0,0,-2.72,0.2,True,LOST_20_SMA
2026-06-03T10:34:53.927573,VLO,False,264.04,0,0,4.18,1.54,False,ACCELERATION_DECAY
2026-06-03T10:34:54.267036,VRSN,False,297.89,0,0,8.02,-0.46,True,ACCELERATION_DECAY
2026-06-03T10:34:54.721671,VRTX,False,426.23,0,0,0.44,1.55,True,LOST_20_SMA
2026-06-03T10:34:55.172008,WMT,False,117.11,0,0,-10.46,2.79,True,LOST_20_SMA
2026-06-03T10:34:55.534414,XOM,False,154.57,0,0,-0.2,2.49,True,MOMENTUM_FAILURE
2026-06-03T10:34:55.873193,ZS,False,133.92,0,0,-5.26,-6.63,True,LOST_20_SMA
2026-06-03T10:39:56.346362,AAPL,False,309.08,0,0,8.76,-5.1,True,ACCELERATION_DECAY
2026-06-03T10:39:56.817593,ABBV,False,219.31,0,0,6.4,2.93,False,ACCELERATION_DECAY
2026-06-03T10:39:57.147507,ABNB,False,134.64,0,0,-3.64,-0.39,True,MOMENTUM_FAILURE
2026-06-03T10:39:57.488950,ADBE,False,256.63,0,0,0.4,-2.81,False,ACCELERATION_DECAY
2026-06-03T10:39:57.839446,ADSK,False,230.87,0,0,-7.44,-3.05,True,LOST_20_SMA
2026-06-03T10:39:58.563489,AMD,False,533.51,0,0,50.17,-2.53,True,ACCELERATION_DECAY
2026-06-03T10:39:58.911326,AMZN,False,248.34,0,0,-9.22,-3.51,True,LOST_20_SMA
2026-06-03T10:39:59.252629,ANET,False,174.95,0,0,2.78,1.21,False,ACCELERATION_DECAY
2026-06-03T10:39:59.608950,APO,False,125.5,0,0,-3.68,-3.35,True,LOST_20_SMA
2026-06-03T10:39:59.951018,APP,False,567.51,0,0,18.7,-8.8,True,ACCELERATION_DECAY
2026-06-03T10:40:00.289834,ARES,False,122.91,0,0,-0.04,-6.96,True,LOST_20_SMA
2026-06-03T10:40:00.992613,ASML,False,1721.16,0,0,19.28,-3.74,True,ACCELERATION_DECAY
2026-06-03T10:40:01.332837,AXP,False,304.19,0,0,-3.72,-1.14,True,LOST_20_SMA
2026-06-03T10:40:01.672623,BA,False,213.47,0,0,-4.86,-3.24,True,LOST_20_SMA
2026-06-03T10:40:02.376672,BKNG,False,165.66,0,0,-1.18,-2.16,True,MOMENTUM_FAILURE
2026-06-03T10:40:02.723392,BLK,False,989.66,0,0,-5.65,-2.49,True,LOST_20_SMA
2026-06-03T10:40:03.068922,BSX,False,47.34,0,0,-15.43,0.7,True,LOST_20_SMA
2026-06-03T10:40:03.412184,BX,False,109.58,0,0,-10.71,-4.06,True,LOST_20_SMA
2026-06-03T10:40:03.793385,CAT,False,923.5,0,0,2.09,-1.91,True,ACCELERATION_DECAY
2026-06-03T10:40:04.138286,CAVA,False,71.28,0,0,-21.1,-2.32,True,LOST_20_SMA
2026-06-03T10:40:04.478512,CDNS,False,404.18,0,0,14.29,-4.84,True,ACCELERATION_DECAY
2026-06-03T10:40:04.838112,CELH,False,29.85,0,0,-10.95,-1.92,True,LOST_20_SMA
2026-06-03T10:40:05.167356,CME,False,253.59,0,0,-11.59,2.11,True,LOST_20_SMA
2026-06-03T10:40:05.501714,CMG,False,29.04,0,0,-10.12,-1.62,True,LOST_20_SMA
2026-06-03T10:40:05.832228,COIN,False,164.48,0,0,-16.82,-2.54,True,LOST_20_SMA
2026-06-03T10:40:06.188255,COP,False,119.05,0,0,-3.46,2.97,True,MOMENTUM_FAILURE
2026-06-03T10:40:06.532663,COST,False,964.78,0,0,-5.08,0.7,True,LOST_20_SMA
2026-06-03T10:40:06.882177,CRM,False,191.96,0,0,2.66,-5.62,True,ACCELERATION_DECAY
2026-06-03T10:40:07.227247,CRWD,False,746.6,0,0,56.67,-7.2,True,ACCELERATION_DECAY
2026-06-03T10:40:07.565441,CVX,False,190.83,0,0,-0.94,1.52,True,MOMENTUM_FAILURE
2026-06-03T10:40:07.907014,DDOG,False,248.16,0,0,70.29,-13.18,True,ACCELERATION_DECAY
2026-06-03T10:40:08.246183,DE,False,588.58,0,0,2.22,2.07,False,ACCELERATION_DECAY
2026-06-03T10:40:08.611977,DELL,False,413.93,0,0,91.35,-14.33,True,ACCELERATION_DECAY
2026-06-03T10:40:08.988850,DHR,False,177.05,0,0,1.39,0.2,False,ACCELERATION_DECAY
2026-06-03T10:40:09.315301,DUOL,False,105.58,0,0,1.49,1.74,True,LOST_20_SMA
2026-06-03T10:40:09.653613,EOG,False,142.3,0,0,1.05,3.19,False,ACCELERATION_DECAY
2026-06-03T10:40:09.999743,ETN,False,419.4,0,0,2.08,3.22,False,ACCELERATION_DECAY
2026-06-03T10:40:10.677663,FICO,False,1170.72,0,0,9.8,-8.28,True,ACCELERATION_DECAY
2026-06-03T10:40:11.015580,FTNT,False,145.92,0,0,62.28,-4.53,True,ACCELERATION_DECAY
2026-06-03T10:40:11.363619,GD,False,340.99,0,0,-2.34,0.95,True,MOMENTUM_FAILURE
2026-06-03T10:40:11.707729,GE,False,318.23,0,0,11.01,-2.26,True,ACCELERATION_DECAY
2026-06-03T10:40:12.054521,GOOG,False,358.59,0,0,-6.68,-1.09,True,LOST_20_SMA
2026-06-03T10:40:12.392194,GOOGL,False,362.31,0,0,-6.72,-1.14,True,LOST_20_SMA
2026-06-03T10:40:12.777064,GS,False,1045.46,0,0,13.77,-4.08,True,ACCELERATION_DECAY
2026-06-03T10:40:13.144522,HD,False,311.37,0,0,-1.28,-1.0,True,MOMENTUM_FAILURE
2026-06-03T10:40:13.562437,HIMS,False,26.71,0,0,1.44,0.56,False,ACCELERATION_DECAY
2026-06-03T10:40:13.905236,HON,False,231.41,0,0,10.69,-1.54,True,ACCELERATION_DECAY
2026-06-03T10:40:14.244288,HOOD,False,83.29,0,0,8.13,-7.04,True,ACCELERATION_DECAY
2026-06-03T10:40:14.582527,ICE,False,140.02,0,0,-9.83,-0.84,True,LOST_20_SMA
2026-06-03T10:40:14.927527,INTC,False,111.67,0,0,3.25,-9.43,True,LOST_20_SMA
2026-06-03T10:40:15.272773,INTU,False,311.79,0,0,-21.72,-0.88,True,LOST_20_SMA
2026-06-03T10:40:15.613776,ISRG,False,402.94,0,0,-10.73,0.33,True,LOST_20_SMA
2026-06-03T10:40:15.953483,JPM,False,300.23,0,0,-2.96,-0.79,True,MOMENTUM_FAILURE
2026-06-03T10:40:16.289696,KKR,False,90.59,0,0,-11.19,-2.59,True,LOST_20_SMA
2026-06-03T10:40:16.633359,KLAC,False,2104.82,0,0,21.46,2.09,False,ACCELERATION_DECAY
2026-06-03T10:40:16.969408,LIN,False,508.05,0,0,1.55,1.07,False,ACCELERATION_DECAY
2026-06-03T10:40:17.303475,LLY,False,1086.85,0,0,9.91,-0.03,False,ACCELERATION_DECAY
2026-06-03T10:40:17.643858,LMT,False,519.87,0,0,2.15,3.06,False,ACCELERATION_DECAY
2026-06-03T10:40:17.988301,LRCX,False,341.33,0,0,23.76,-5.57,True,ACCELERATION_DECAY
2026-06-03T10:40:18.353544,LULU,False,125.09,0,0,-3.93,-1.99,True,LOST_20_SMA
2026-06-03T10:40:18.851240,MA,False,471.09,0,0,-5.23,0.13,True,LOST_20_SMA
2026-06-03T10:40:19.204609,MCD,False,276.49,0,0,-3.04,-0.32,True,MOMENTUM_FAILURE
2026-06-03T10:40:19.536422,MCO,False,447.05,0,0,-1.65,-2.55,True,MOMENTUM_FAILURE
2026-06-03T10:40:19.876722,MDB,False,369.53,0,0,38.57,-11.97,True,ACCELERATION_DECAY
2026-06-03T10:40:20.217191,META,False,617.69,0,0,2.1,4.2,False,ACCELERATION_DECAY
2026-06-03T10:40:20.576771,MPC,False,270.98,0,0,4.02,-0.15,False,ACCELERATION_DECAY
2026-06-03T10:40:20.929593,MS,False,210.72,0,0,11.34,-3.0,True,ACCELERATION_DECAY
2026-06-03T10:40:21.267969,MSFT,False,425.09,0,0,3.33,-3.36,True,ACCELERATION_DECAY
2026-06-03T10:40:21.602508,MU,False,1061.27,0,0,65.77,-18.82,True,ACCELERATION_DECAY
2026-06-03T10:40:21.944655,NET,False,264.12,0,0,8.06,-13.58,True,ACCELERATION_DECAY
2026-06-03T10:40:22.278517,NFLX,False,81.51,0,0,-7.26,1.19,True,LOST_20_SMA
2026-06-03T10:40:22.661063,NOC,False,535.11,0,0,-4.21,1.16,True,LOST_20_SMA
2026-06-03T10:40:23.000091,NOW,False,119.54,0,0,29.92,-8.87,True,ACCELERATION_DECAY
2026-06-03T10:40:23.339790,NUE,False,258.47,0,0,11.38,-3.08,True,ACCELERATION_DECAY
2026-06-03T10:40:23.778179,NVDA,False,215.71,0,0,9.78,-2.49,True,LOST_20_SMA
2026-06-03T10:40:24.135578,ODFL,False,232.65,0,0,18.65,-0.55,True,ACCELERATION_DECAY
2026-06-03T10:40:24.492626,ORCL,False,228.61,0,0,23.34,-12.32,True,ACCELERATION_DECAY
2026-06-03T10:40:24.833550,PANW,False,278.5,0,0,51.38,-9.65,True,ACCELERATION_DECAY
2026-06-03T10:40:25.177338,PH,False,852.43,0,0,-2.32,1.3,True,LOST_20_SMA
2026-06-03T10:40:25.545000,PLTR,False,142.57,0,0,4.9,0.7,False,ACCELERATION_DECAY
2026-06-03T10:40:25.890169,PWR,False,718.76,0,0,-6.85,-0.08,True,LOST_20_SMA
2026-06-03T10:40:26.228456,PYPL,False,42.59,0,0,-8.39,3.24,True,LOST_20_SMA
2026-06-03T10:40:26.561538,QCOM,False,249.14,0,0,33.55,-9.48,True,ACCELERATION_DECAY
2026-06-03T10:40:26.902787,RBLX,False,42.95,0,0,-2.48,2.93,True,LOST_20_SMA
2026-06-03T10:40:27.252369,REGN,False,622.28,0,0,-11.39,3.6,True,LOST_20_SMA
2026-06-03T10:40:27.597688,RKLB,False,114.63,0,0,45.54,-8.01,True,LOST_20_SMA
2026-06-03T10:40:27.940597,RTX,False,175.6,0,0,1.58,0.79,False,ACCELERATION_DECAY
2026-06-03T10:40:28.287722,SCHW,False,87.35,0,0,-5.47,-1.23,True,LOST_20_SMA
2026-06-03T10:40:28.632225,SHOP,False,112.92,0,0,4.91,13.18,False,ACCELERATION_DECAY
2026-06-03T10:40:28.993546,SLB,False,56.8,0,0,1.43,-0.24,True,ACCELERATION_DECAY
2026-06-03T10:40:29.328419,SNOW,False,244.83,0,0,72.77,-8.31,False,ACCELERATION_DECAY
2026-06-03T10:40:29.695258,SNPS,False,495.72,0,0,-1.35,-3.53,True,LOST_20_SMA
2026-06-03T10:40:30.031211,SOFI,False,16.64,0,0,3.87,-5.64,True,ACCELERATION_DECAY
2026-06-03T10:40:30.380864,SPGI,False,410.78,0,0,-3.09,-1.37,True,LOST_20_SMA
2026-06-03T10:40:30.733401,SYK,False,292.75,0,0,-0.85,-1.68,True,LOST_20_SMA
2026-06-03T10:40:31.074265,TMO,False,473.41,0,0,1.42,-2.79,True,ACCELERATION_DECAY
2026-06-03T10:40:31.410716,TSLA,False,419.41,0,0,7.72,-0.24,True,LOST_20_SMA
2026-06-03T10:40:31.764931,TT,False,465.24,0,0,-2.56,3.11,True,MOMENTUM_FAILURE
2026-06-03T10:40:32.104601,TTWO,False,215.18,0,0,-3.55,-2.31,True,LOST_20_SMA
2026-06-03T10:40:32.452349,UBER,False,70.73,0,0,-3.04,0.08,True,LOST_20_SMA
2026-06-03T10:40:32.796020,UNH,False,383.95,0,0,5.52,3.58,False,ACCELERATION_DECAY
2026-06-03T10:40:33.133003,URI,False,1039.05,0,0,11.25,3.73,False,ACCELERATION_DECAY
2026-06-03T10:40:33.480897,V,False,313.25,0,0,-2.73,0.19,True,LOST_20_SMA
2026-06-03T10:40:33.877511,VLO,False,263.64,0,0,4.02,1.39,False,ACCELERATION_DECAY
2026-06-03T10:40:34.225205,VRSN,False,298.53,0,0,8.25,-0.23,True,ACCELERATION_DECAY
2026-06-03T10:40:34.580072,VRTX,False,426.02,0,0,0.39,1.5,True,LOST_20_SMA
2026-06-03T10:40:35.009909,WMT,False,116.8,0,0,-10.7,2.55,True,LOST_20_SMA
2026-06-03T10:40:35.416916,XOM,False,154.14,0,0,-0.48,2.21,True,MOMENTUM_FAILURE
2026-06-03T10:40:35.765714,ZS,False,133.89,0,0,-5.28,-6.66,True,LOST_20_SMA
2026-06-03T10:45:36.210550,AAPL,False,309.03,0,0,8.74,-5.12,True,ACCELERATION_DECAY
2026-06-03T10:45:36.541916,ABBV,False,219.36,0,0,6.43,2.95,False,ACCELERATION_DECAY
2026-06-03T10:45:36.936279,ABNB,False,134.45,0,0,-3.78,-0.53,True,MOMENTUM_FAILURE
2026-06-03T10:45:37.311552,ADBE,False,256.55,0,0,0.36,-2.85,False,ACCELERATION_DECAY
2026-06-03T10:45:37.645338,ADSK,False,231.09,0,0,-7.35,-2.96,True,LOST_20_SMA
2026-06-03T10:45:38.317290,AMD,False,533.56,0,0,50.19,-2.51,True,ACCELERATION_DECAY
2026-06-03T10:45:38.655914,AMZN,False,247.89,0,0,-9.38,-3.67,True,LOST_20_SMA
2026-06-03T10:45:38.990499,ANET,False,175.12,0,0,2.88,1.31,False,ACCELERATION_DECAY
2026-06-03T10:45:39.333555,APO,False,125.35,0,0,-3.8,-3.47,True,LOST_20_SMA
2026-06-03T10:45:39.681733,APP,False,567.29,0,0,18.65,-8.85,True,ACCELERATION_DECAY
2026-06-03T10:45:40.021337,ARES,False,122.77,0,0,-0.15,-7.07,True,LOST_20_SMA
2026-06-03T10:45:40.710448,ASML,False,1723.74,0,0,19.46,-3.56,True,ACCELERATION_DECAY
2026-06-03T10:45:41.049352,AXP,False,304.33,0,0,-3.68,-1.1,True,LOST_20_SMA
2026-06-03T10:45:41.459810,BA,False,213.45,0,0,-4.87,-3.24,True,LOST_20_SMA
2026-06-03T10:45:42.213767,BKNG,False,165.21,0,0,-1.44,-2.43,True,MOMENTUM_FAILURE
2026-06-03T10:45:42.572823,BLK,False,989.34,0,0,-5.68,-2.52,True,LOST_20_SMA
2026-06-03T10:45:42.914800,BSX,False,47.34,0,0,-15.43,0.7,True,LOST_20_SMA
2026-06-03T10:45:43.251281,BX,False,109.61,0,0,-10.68,-4.04,True,LOST_20_SMA
2026-06-03T10:45:43.593721,CAT,False,923.44,0,0,2.08,-1.92,True,ACCELERATION_DECAY
2026-06-03T10:45:43.933049,CAVA,False,71.12,0,0,-21.28,-2.5,True,LOST_20_SMA
2026-06-03T10:45:44.280716,CDNS,False,404.29,0,0,14.33,-4.81,True,ACCELERATION_DECAY
2026-06-03T10:45:44.618286,CELH,False,29.86,0,0,-10.92,-1.89,True,LOST_20_SMA
2026-06-03T10:45:44.967440,CME,False,253.9,0,0,-11.48,2.22,True,LOST_20_SMA
2026-06-03T10:45:45.311710,CMG,False,29.02,0,0,-10.18,-1.68,True,LOST_20_SMA
2026-06-03T10:45:45.638820,COIN,False,165.02,0,0,-16.55,-2.26,True,LOST_20_SMA
2026-06-03T10:45:45.991392,COP,False,119.04,0,0,-3.47,2.97,True,MOMENTUM_FAILURE
2026-06-03T10:45:46.336405,COST,False,964.7,0,0,-5.09,0.69,True,LOST_20_SMA
2026-06-03T10:45:46.683318,CRM,False,191.89,0,0,2.62,-5.66,True,ACCELERATION_DECAY
2026-06-03T10:45:47.024998,CRWD,False,746.0,0,0,56.55,-7.32,True,ACCELERATION_DECAY
2026-06-03T10:45:47.394924,CVX,False,190.81,0,0,-0.95,1.51,True,MOMENTUM_FAILURE
2026-06-03T10:45:47.787339,DDOG,False,247.94,0,0,70.14,-13.33,True,ACCELERATION_DECAY
2026-06-03T10:45:48.135076,DE,False,588.37,0,0,2.18,2.04,False,ACCELERATION_DECAY
2026-06-03T10:45:48.483646,DELL,False,414.44,0,0,91.59,-14.1,True,ACCELERATION_DECAY
2026-06-03T10:45:48.830422,DHR,False,177.16,0,0,1.45,0.26,False,ACCELERATION_DECAY
2026-06-03T10:45:49.166540,DUOL,False,105.21,0,0,1.13,1.39,True,LOST_20_SMA
2026-06-03T10:45:49.516923,EOG,False,142.3,0,0,1.05,3.19,False,ACCELERATION_DECAY
2026-06-03T10:45:49.871082,ETN,False,420.03,0,0,2.23,3.37,False,ACCELERATION_DECAY
2026-06-03T10:45:50.572003,FICO,False,1168.78,0,0,9.61,-8.46,True,ACCELERATION_DECAY
2026-06-03T10:45:50.904407,FTNT,False,145.77,0,0,62.11,-4.7,True,ACCELERATION_DECAY
2026-06-03T10:45:51.211208,GD,False,340.85,0,0,-2.38,0.91,True,MOMENTUM_FAILURE
2026-06-03T10:45:51.546274,GE,False,318.67,0,0,11.16,-2.1,True,ACCELERATION_DECAY
2026-06-03T10:45:51.940257,GOOG,False,357.78,0,0,-6.89,-1.3,True,LOST_20_SMA
2026-06-03T10:45:52.316609,GOOGL,False,361.46,0,0,-6.94,-1.36,True,LOST_20_SMA
2026-06-03T10:45:52.765723,GS,False,1044.74,0,0,13.7,-4.16,True,ACCELERATION_DECAY
2026-06-03T10:45:53.105884,HD,False,311.18,0,0,-1.34,-1.06,True,MOMENTUM_FAILURE
2026-06-03T10:45:53.445363,HIMS,False,26.75,0,0,1.6,0.72,False,ACCELERATION_DECAY
2026-06-03T10:45:53.779989,HON,False,230.97,0,0,10.48,-1.75,True,ACCELERATION_DECAY
2026-06-03T10:45:54.074460,HOOD,False,83.45,0,0,8.33,-6.83,True,ACCELERATION_DECAY
2026-06-03T10:45:54.415280,ICE,False,140.23,0,0,-9.69,-0.7,True,LOST_20_SMA
2026-06-03T10:45:54.757356,INTC,False,111.62,0,0,3.21,-9.48,True,LOST_20_SMA
2026-06-03T10:45:55.103294,INTU,False,311.91,0,0,-21.69,-0.85,True,LOST_20_SMA
2026-06-03T10:45:55.443246,ISRG,False,402.71,0,0,-10.78,0.28,True,LOST_20_SMA
2026-06-03T10:45:55.779393,JPM,False,300.16,0,0,-2.99,-0.81,True,MOMENTUM_FAILURE
2026-06-03T10:45:56.122171,KKR,False,90.56,0,0,-11.22,-2.62,True,LOST_20_SMA
2026-06-03T10:45:56.465157,KLAC,False,2108.16,0,0,21.66,2.28,False,ACCELERATION_DECAY
2026-06-03T10:45:56.878698,LIN,False,507.63,0,0,1.47,0.99,False,ACCELERATION_DECAY
2026-06-03T10:45:57.274607,LLY,False,1087.61,0,0,9.99,0.04,False,ACCELERATION_DECAY
2026-06-03T10:45:57.615075,LMT,False,519.31,0,0,2.04,2.95,False,ACCELERATION_DECAY
2026-06-03T10:45:57.955336,LRCX,False,341.6,0,0,23.86,-5.47,True,ACCELERATION_DECAY
2026-06-03T10:45:58.296470,LULU,False,125.17,0,0,-3.87,-1.92,True,LOST_20_SMA
2026-06-03T10:45:58.646311,MA,False,471.36,0,0,-5.17,0.19,True,LOST_20_SMA
2026-06-03T10:45:59.008779,MCD,False,276.25,0,0,-3.13,-0.4,True,MOMENTUM_FAILURE
2026-06-03T10:45:59.364417,MCO,False,447.33,0,0,-1.59,-2.49,True,MOMENTUM_FAILURE
2026-06-03T10:45:59.707070,MDB,False,370.24,0,0,38.83,-11.71,True,ACCELERATION_DECAY
2026-06-03T10:46:00.037417,META,False,617.37,0,0,2.05,4.15,False,ACCELERATION_DECAY
2026-06-03T10:46:00.384878,MPC,False,271.02,0,0,4.03,-0.13,False,ACCELERATION_DECAY
2026-06-03T10:46:00.734666,MS,False,210.42,0,0,11.19,-3.16,True,ACCELERATION_DECAY
2026-06-03T10:46:01.078956,MSFT,False,425.32,0,0,3.39,-3.31,True,ACCELERATION_DECAY
2026-06-03T10:46:01.419857,MU,False,1062.98,0,0,66.04,-18.56,True,ACCELERATION_DECAY
2026-06-03T10:46:01.765865,NET,False,263.41,0,0,7.77,-13.87,True,ACCELERATION_DECAY
2026-06-03T10:46:02.141288,NFLX,False,81.48,0,0,-7.29,1.16,True,LOST_20_SMA
2026-06-03T10:46:02.540467,NOC,False,534.72,0,0,-4.27,1.09,True,LOST_20_SMA
2026-06-03T10:46:02.872946,NOW,False,119.74,0,0,30.14,-8.66,True,ACCELERATION_DECAY
2026-06-03T10:46:03.212190,NUE,False,258.31,0,0,11.31,-3.15,True,ACCELERATION_DECAY
2026-06-03T10:46:03.555646,NVDA,False,215.6,0,0,9.72,-2.54,True,LOST_20_SMA
2026-06-03T10:46:03.943136,ODFL,False,232.53,0,0,18.59,-0.61,True,ACCELERATION_DECAY
2026-06-03T10:46:04.305821,ORCL,False,228.62,0,0,23.35,-12.31,True,ACCELERATION_DECAY
2026-06-03T10:46:04.643792,PANW,False,277.85,0,0,51.02,-10.0,True,ACCELERATION_DECAY
2026-06-03T10:46:04.993041,PH,False,851.75,0,0,-2.4,1.22,True,LOST_20_SMA
2026-06-03T10:46:05.329427,PLTR,False,142.6,0,0,4.92,0.72,False,ACCELERATION_DECAY
2026-06-03T10:46:05.708572,PWR,False,719.23,0,0,-6.79,-0.02,True,LOST_20_SMA
2026-06-03T10:46:06.079256,PYPL,False,42.46,0,0,-8.67,2.96,True,LOST_20_SMA
2026-06-03T10:46:06.458736,QCOM,False,249.03,0,0,33.49,-9.54,True,ACCELERATION_DECAY
2026-06-03T10:46:06.895803,RBLX,False,43.01,0,0,-2.34,3.06,True,LOST_20_SMA
2026-06-03T10:46:07.249854,REGN,False,622.7,0,0,-11.33,3.66,True,LOST_20_SMA
2026-06-03T10:46:07.587347,RKLB,False,114.75,0,0,45.7,-7.86,True,LOST_20_SMA
2026-06-03T10:46:07.943435,RTX,False,175.46,0,0,1.5,0.71,False,ACCELERATION_DECAY
2026-06-03T10:46:08.287880,SCHW,False,87.32,0,0,-5.5,-1.27,True,LOST_20_SMA
2026-06-03T10:46:08.625011,SHOP,False,112.97,0,0,4.96,13.22,False,ACCELERATION_DECAY
2026-06-03T10:46:08.992189,SLB,False,56.75,0,0,1.34,-0.33,True,ACCELERATION_DECAY
2026-06-03T10:46:09.353375,SNOW,False,244.75,0,0,72.71,-8.37,False,ACCELERATION_DECAY
2026-06-03T10:46:09.703542,SNPS,False,495.94,0,0,-1.31,-3.49,True,LOST_20_SMA
2026-06-03T10:46:10.036918,SOFI,False,16.68,0,0,4.12,-5.39,True,ACCELERATION_DECAY
2026-06-03T10:46:10.378452,SPGI,False,411.48,0,0,-2.92,-1.21,True,LOST_20_SMA
2026-06-03T10:46:10.731248,SYK,False,293.11,0,0,-0.72,-1.56,True,LOST_20_SMA
2026-06-03T10:46:11.069537,TMO,False,473.77,0,0,1.5,-2.71,True,ACCELERATION_DECAY
2026-06-03T10:46:11.405469,TSLA,False,418.74,0,0,7.54,-0.41,True,LOST_20_SMA
2026-06-03T10:46:11.809618,TT,False,465.6,0,0,-2.48,3.19,True,MOMENTUM_FAILURE
2026-06-03T10:46:12.211928,TTWO,False,215.19,0,0,-3.55,-2.31,True,LOST_20_SMA
2026-06-03T10:46:12.580703,UBER,False,70.72,0,0,-3.06,0.07,True,LOST_20_SMA
2026-06-03T10:46:12.922691,UNH,False,383.7,0,0,5.45,3.52,False,ACCELERATION_DECAY
2026-06-03T10:46:13.261559,URI,False,1039.7,0,0,11.32,3.8,False,ACCELERATION_DECAY
2026-06-03T10:46:13.604365,V,False,313.28,0,0,-2.72,0.2,True,LOST_20_SMA
2026-06-03T10:46:13.991658,VLO,False,263.65,0,0,4.02,1.39,False,ACCELERATION_DECAY
2026-06-03T10:46:14.327538,VRSN,False,298.48,0,0,8.24,-0.25,True,ACCELERATION_DECAY
2026-06-03T10:46:14.674241,VRTX,False,426.17,0,0,0.43,1.53,True,LOST_20_SMA
2026-06-03T10:46:15.112355,WMT,False,116.87,0,0,-10.64,2.61,True,LOST_20_SMA
2026-06-03T10:46:15.453943,XOM,False,154.29,0,0,-0.38,2.31,True,MOMENTUM_FAILURE
2026-06-03T10:46:15.806418,ZS,False,133.63,0,0,-5.47,-6.84,True,LOST_20_SMA
2026-06-03T10:51:16.266496,AAPL,False,309.42,0,0,8.88,-4.98,True,ACCELERATION_DECAY
2026-06-03T10:51:16.604703,ABBV,False,219.21,0,0,6.36,2.88,False,ACCELERATION_DECAY
2026-06-03T10:51:17.005235,ABNB,False,134.55,0,0,-3.71,-0.46,True,MOMENTUM_FAILURE
2026-06-03T10:51:17.341767,ADBE,False,256.71,0,0,0.43,-2.78,False,ACCELERATION_DECAY
2026-06-03T10:51:17.680858,ADSK,False,231.51,0,0,-7.18,-2.79,True,LOST_20_SMA
2026-06-03T10:51:18.378322,AMD,False,536.21,0,0,50.93,-1.77,True,ACCELERATION_DECAY
2026-06-03T10:51:18.712015,AMZN,False,248.29,0,0,-9.23,-3.53,True,LOST_20_SMA
2026-06-03T10:51:19.078055,ANET,False,175.35,0,0,3.01,1.44,False,ACCELERATION_DECAY
2026-06-03T10:51:19.478957,APO,False,125.43,0,0,-3.74,-3.4,True,LOST_20_SMA
2026-06-03T10:51:19.819936,APP,False,567.7,0,0,18.74,-8.76,True,ACCELERATION_DECAY
2026-06-03T10:51:20.161560,ARES,False,123.02,0,0,0.05,-6.87,True,LOST_20_SMA
2026-06-03T10:51:21.133286,ASML,False,1726.28,0,0,19.64,-3.39,True,ACCELERATION_DECAY
2026-06-03T10:51:21.486801,AXP,False,304.62,0,0,-3.59,-1.0,True,LOST_20_SMA
2026-06-03T10:51:21.827587,BA,False,213.75,0,0,-4.74,-3.11,True,LOST_20_SMA
2026-06-03T10:51:22.494999,BKNG,False,165.51,0,0,-1.26,-2.25,True,MOMENTUM_FAILURE
2026-06-03T10:51:22.833604,BLK,False,990.34,0,0,-5.58,-2.42,True,LOST_20_SMA
2026-06-03T10:51:23.197368,BSX,False,47.44,0,0,-15.26,0.87,True,LOST_20_SMA
2026-06-03T10:51:23.537419,BX,False,109.72,0,0,-10.59,-3.95,True,LOST_20_SMA
2026-06-03T10:51:23.873455,CAT,False,924.0,0,0,2.15,-1.86,True,ACCELERATION_DECAY
2026-06-03T10:51:24.220644,CAVA,False,71.31,0,0,-21.06,-2.28,True,LOST_20_SMA
2026-06-03T10:51:24.588424,CDNS,False,404.1,0,0,14.27,-4.86,True,ACCELERATION_DECAY
2026-06-03T10:51:24.950194,CELH,False,29.84,0,0,-10.98,-1.95,True,LOST_20_SMA
2026-06-03T10:51:25.345734,CME,False,253.71,0,0,-11.54,2.15,True,LOST_20_SMA
2026-06-03T10:51:25.787796,CMG,False,29.05,0,0,-10.09,-1.58,True,LOST_20_SMA
2026-06-03T10:51:26.124725,COIN,False,165.6,0,0,-16.26,-1.97,True,LOST_20_SMA
2026-06-03T10:51:26.470730,COP,False,118.74,0,0,-3.71,2.72,True,MOMENTUM_FAILURE
2026-06-03T10:51:26.831390,COST,False,963.7,0,0,-5.19,0.59,True,LOST_20_SMA
2026-06-03T10:51:27.179674,CRM,False,192.15,0,0,2.76,-5.52,True,ACCELERATION_DECAY
2026-06-03T10:51:27.525867,CRWD,False,747.96,0,0,56.96,-6.91,True,ACCELERATION_DECAY
2026-06-03T10:51:27.872268,CVX,False,190.52,0,0,-1.1,1.36,True,MOMENTUM_FAILURE
2026-06-03T10:51:28.206736,DDOG,False,248.35,0,0,70.42,-13.05,True,ACCELERATION_DECAY
2026-06-03T10:51:28.557069,DE,False,587.35,0,0,2.01,1.86,False,ACCELERATION_DECAY
2026-06-03T10:51:28.888715,DELL,False,416.17,0,0,92.39,-13.3,True,ACCELERATION_DECAY
2026-06-03T10:51:29.227753,DHR,False,177.05,0,0,1.39,0.2,False,ACCELERATION_DECAY
2026-06-03T10:51:29.599002,DUOL,False,105.42,0,0,1.34,1.59,True,LOST_20_SMA
2026-06-03T10:51:29.939750,EOG,False,142.01,0,0,0.85,2.98,False,ACCELERATION_DECAY
2026-06-03T10:51:30.322331,ETN,False,420.01,0,0,2.23,3.37,False,ACCELERATION_DECAY
2026-06-03T10:51:31.064598,FICO,False,1167.53,0,0,9.5,-8.58,True,LOST_20_SMA
2026-06-03T10:51:31.419982,FTNT,False,146.01,0,0,62.38,-4.43,True,ACCELERATION_DECAY
2026-06-03T10:51:31.767215,GD,False,340.92,0,0,-2.36,0.93,True,MOMENTUM_FAILURE
2026-06-03T10:51:32.108577,GE,False,318.93,0,0,11.25,-2.01,True,ACCELERATION_DECAY
2026-06-03T10:51:32.466441,GOOG,False,357.61,0,0,-6.94,-1.34,True,LOST_20_SMA
2026-06-03T10:51:32.814501,GOOGL,False,361.3,0,0,-6.98,-1.4,True,LOST_20_SMA
2026-06-03T10:51:33.148741,GS,False,1045.94,0,0,13.83,-4.03,True,ACCELERATION_DECAY
2026-06-03T10:51:33.497461,HD,False,311.3,0,0,-1.31,-1.02,True,MOMENTUM_FAILURE
2026-06-03T10:51:33.838882,HIMS,False,26.88,0,0,2.09,1.21,False,ACCELERATION_DECAY
2026-06-03T10:51:34.187017,HON,False,230.99,0,0,10.49,-1.74,True,ACCELERATION_DECAY
2026-06-03T10:51:34.552400,HOOD,False,83.72,0,0,8.68,-6.48,True,ACCELERATION_DECAY
2026-06-03T10:51:34.899981,ICE,False,140.21,0,0,-9.71,-0.72,True,LOST_20_SMA
2026-06-03T10:51:35.258851,INTC,False,111.83,0,0,3.4,-9.28,True,LOST_20_SMA
2026-06-03T10:51:35.642818,INTU,False,312.61,0,0,-21.52,-0.67,True,LOST_20_SMA
2026-06-03T10:51:36.141641,ISRG,False,403.86,0,0,-10.53,0.54,True,LOST_20_SMA
2026-06-03T10:51:36.483496,JPM,False,300.46,0,0,-2.89,-0.71,True,MOMENTUM_FAILURE
2026-06-03T10:51:36.821420,KKR,False,90.73,0,0,-11.05,-2.46,True,LOST_20_SMA
2026-06-03T10:51:37.155751,KLAC,False,2111.74,0,0,21.86,2.49,False,ACCELERATION_DECAY
2026-06-03T10:51:37.506521,LIN,False,507.69,0,0,1.48,1.0,False,ACCELERATION_DECAY
2026-06-03T10:51:37.850931,LLY,False,1088.98,0,0,10.12,0.18,False,ACCELERATION_DECAY
2026-06-03T10:51:38.197164,LMT,False,519.34,0,0,2.05,2.96,False,ACCELERATION_DECAY
2026-06-03T10:51:38.538376,LRCX,False,342.19,0,0,24.07,-5.26,True,ACCELERATION_DECAY
2026-06-03T10:51:38.893558,LULU,False,125.26,0,0,-3.8,-1.86,True,LOST_20_SMA
2026-06-03T10:51:39.234962,MA,False,471.59,0,0,-5.13,0.23,True,LOST_20_SMA
2026-06-03T10:51:39.576823,MCD,False,275.71,0,0,-3.32,-0.59,True,LOST_20_SMA
2026-06-03T10:51:39.924820,MCO,False,447.48,0,0,-1.56,-2.45,True,MOMENTUM_FAILURE
2026-06-03T10:51:40.314757,MDB,False,370.54,0,0,38.95,-11.59,True,ACCELERATION_DECAY
2026-06-03T10:51:40.697392,META,False,617.91,0,0,2.14,4.23,False,ACCELERATION_DECAY
2026-06-03T10:51:41.037661,MPC,False,270.58,0,0,3.87,-0.3,False,ACCELERATION_DECAY
2026-06-03T10:51:41.388563,MS,False,210.78,0,0,11.38,-2.97,True,ACCELERATION_DECAY
2026-06-03T10:51:41.737130,MSFT,False,425.85,0,0,3.52,-3.18,True,ACCELERATION_DECAY
2026-06-03T10:51:42.079347,MU,False,1067.52,0,0,66.75,-17.85,True,ACCELERATION_DECAY
2026-06-03T10:51:42.414807,NET,False,263.61,0,0,7.85,-13.78,True,ACCELERATION_DECAY
2026-06-03T10:51:42.752973,NFLX,False,81.66,0,0,-7.09,1.36,True,LOST_20_SMA
2026-06-03T10:51:43.108751,NOC,False,534.77,0,0,-4.27,1.1,True,LOST_20_SMA
2026-06-03T10:51:43.460631,NOW,False,119.78,0,0,30.18,-8.61,True,ACCELERATION_DECAY
2026-06-03T10:51:43.801716,NUE,False,257.94,0,0,11.15,-3.31,True,ACCELERATION_DECAY
2026-06-03T10:51:44.144583,NVDA,False,215.77,0,0,9.81,-2.46,True,LOST_20_SMA
2026-06-03T10:51:44.488619,ODFL,False,232.49,0,0,18.57,-0.63,True,ACCELERATION_DECAY
2026-06-03T10:51:44.831781,ORCL,False,229.86,0,0,24.01,-11.65,True,ACCELERATION_DECAY
2026-06-03T10:51:45.202889,PANW,False,278.0,0,0,51.1,-9.92,True,ACCELERATION_DECAY
2026-06-03T10:51:45.567034,PH,False,852.64,0,0,-2.3,1.32,True,LOST_20_SMA
2026-06-03T10:51:45.943467,PLTR,False,143.13,0,0,5.31,1.11,False,ACCELERATION_DECAY
2026-06-03T10:51:46.347040,PWR,False,719.69,0,0,-6.73,0.04,True,LOST_20_SMA
2026-06-03T10:51:46.690009,PYPL,False,42.47,0,0,-8.65,2.98,True,LOST_20_SMA
2026-06-03T10:51:47.101001,QCOM,False,249.64,0,0,33.82,-9.21,True,ACCELERATION_DECAY
2026-06-03T10:51:47.441430,RBLX,False,43.21,0,0,-1.88,3.52,True,LOST_20_SMA
2026-06-03T10:51:47.772648,REGN,False,622.69,0,0,-11.33,3.66,True,LOST_20_SMA
2026-06-03T10:51:48.128392,RKLB,False,115.32,0,0,46.42,-7.14,True,LOST_20_SMA
2026-06-03T10:51:48.491678,RTX,False,175.54,0,0,1.54,0.76,False,ACCELERATION_DECAY
2026-06-03T10:51:48.830509,SCHW,False,87.44,0,0,-5.37,-1.14,True,LOST_20_SMA
2026-06-03T10:51:49.189140,SHOP,False,113.36,0,0,5.32,13.59,False,ACCELERATION_DECAY
2026-06-03T10:51:49.553609,SLB,False,56.68,0,0,1.21,-0.46,True,ACCELERATION_DECAY
2026-06-03T10:51:49.904901,SNOW,False,245.53,0,0,73.26,-7.82,False,ACCELERATION_DECAY
2026-06-03T10:51:50.339625,SNPS,False,496.32,0,0,-1.23,-3.41,True,LOST_20_SMA
2026-06-03T10:51:50.671374,SOFI,False,16.77,0,0,4.68,-4.82,True,ACCELERATION_DECAY
2026-06-03T10:51:51.029349,SPGI,False,411.83,0,0,-2.84,-1.12,True,LOST_20_SMA
2026-06-03T10:51:51.376265,SYK,False,293.41,0,0,-0.62,-1.46,True,LOST_20_SMA
2026-06-03T10:51:51.737086,TMO,False,473.75,0,0,1.5,-2.71,True,ACCELERATION_DECAY
2026-06-03T10:51:52.089240,TSLA,False,421.01,0,0,8.13,0.17,True,LOST_20_SMA
2026-06-03T10:51:52.444444,TT,False,465.52,0,0,-2.5,3.17,True,MOMENTUM_FAILURE
2026-06-03T10:51:52.781740,TTWO,False,215.74,0,0,-3.3,-2.06,True,LOST_20_SMA
2026-06-03T10:51:53.130149,UBER,False,70.81,0,0,-2.93,0.19,True,LOST_20_SMA
2026-06-03T10:51:53.479459,UNH,False,383.6,0,0,5.42,3.49,False,ACCELERATION_DECAY
2026-06-03T10:51:53.819716,URI,False,1040.8,0,0,11.44,3.92,False,ACCELERATION_DECAY
2026-06-03T10:51:54.162608,V,False,313.57,0,0,-2.63,0.29,True,LOST_20_SMA
2026-06-03T10:51:54.509598,VLO,False,263.19,0,0,3.84,1.21,False,ACCELERATION_DECAY
2026-06-03T10:51:54.844935,VRSN,False,298.36,0,0,8.19,-0.29,True,ACCELERATION_DECAY
2026-06-03T10:51:55.205525,VRTX,False,426.34,0,0,0.47,1.57,True,LOST_20_SMA
2026-06-03T10:51:55.777476,WMT,False,116.73,0,0,-10.75,2.5,True,LOST_20_SMA
2026-06-03T10:51:56.172840,XOM,False,154.06,0,0,-0.53,2.16,True,MOMENTUM_FAILURE
2026-06-03T10:51:56.545687,ZS,False,133.65,0,0,-5.45,-6.83,True,LOST_20_SMA
2026-06-03T10:56:57.020371,AAPL,False,309.46,0,0,8.9,-4.96,True,ACCELERATION_DECAY
2026-06-03T10:56:57.365645,ABBV,False,219.34,0,0,6.42,2.94,False,ACCELERATION_DECAY
2026-06-03T10:56:57.699082,ABNB,False,134.4,0,0,-3.81,-0.57,True,MOMENTUM_FAILURE
2026-06-03T10:56:58.029517,ADBE,False,256.88,0,0,0.49,-2.72,False,ACCELERATION_DECAY
2026-06-03T10:56:58.364188,ADSK,False,231.18,0,0,-7.32,-2.92,True,LOST_20_SMA
2026-06-03T10:56:59.239174,AMD,False,536.97,0,0,51.15,-1.55,True,ACCELERATION_DECAY
2026-06-03T10:56:59.585786,AMZN,False,248.54,0,0,-9.14,-3.43,True,LOST_20_SMA
2026-06-03T10:56:59.947107,ANET,False,175.54,0,0,3.13,1.56,False,ACCELERATION_DECAY
2026-06-03T10:57:00.340957,APO,False,125.41,0,0,-3.75,-3.42,True,LOST_20_SMA
2026-06-03T10:57:00.685179,APP,False,568.26,0,0,18.86,-8.65,True,ACCELERATION_DECAY
2026-06-03T10:57:01.090358,ARES,False,122.91,0,0,-0.04,-6.96,True,LOST_20_SMA
2026-06-03T10:57:01.782269,ASML,False,1725.39,0,0,19.58,-3.45,True,ACCELERATION_DECAY
2026-06-03T10:57:02.167914,AXP,False,304.74,0,0,-3.55,-0.97,True,LOST_20_SMA
2026-06-03T10:57:02.511408,BA,False,213.7,0,0,-4.76,-3.13,True,LOST_20_SMA
2026-06-03T10:57:03.195428,BKNG,False,165.41,0,0,-1.32,-2.31,True,MOMENTUM_FAILURE
2026-06-03T10:57:03.531073,BLK,False,990.08,0,0,-5.61,-2.44,True,LOST_20_SMA
2026-06-03T10:57:03.928410,BSX,False,47.48,0,0,-15.18,0.95,True,LOST_20_SMA
2026-06-03T10:57:04.303308,BX,False,109.84,0,0,-10.5,-3.85,True,LOST_20_SMA
2026-06-03T10:57:04.657070,CAT,False,924.63,0,0,2.22,-1.79,True,ACCELERATION_DECAY
2026-06-03T10:57:05.017028,CAVA,False,71.31,0,0,-21.06,-2.28,True,LOST_20_SMA
2026-06-03T10:57:05.355401,CDNS,False,404.69,0,0,14.44,-4.7,True,ACCELERATION_DECAY
2026-06-03T10:57:05.836137,CELH,False,29.92,0,0,-10.74,-1.71,True,LOST_20_SMA
2026-06-03T10:57:06.189720,CME,False,253.49,0,0,-11.62,2.08,True,LOST_20_SMA
2026-06-03T10:57:06.530625,CMG,False,29.11,0,0,-9.9,-1.4,True,LOST_20_SMA
2026-06-03T10:57:06.864552,COIN,False,165.42,0,0,-16.35,-2.06,True,LOST_20_SMA
2026-06-03T10:57:07.212202,COP,False,118.83,0,0,-3.64,2.8,True,MOMENTUM_FAILURE
2026-06-03T10:57:07.586411,COST,False,963.2,0,0,-5.24,0.54,True,LOST_20_SMA
2026-06-03T10:57:07.942939,CRM,False,192.43,0,0,2.91,-5.37,True,ACCELERATION_DECAY
2026-06-03T10:57:08.287143,CRWD,False,749.12,0,0,57.2,-6.67,True,ACCELERATION_DECAY
2026-06-03T10:57:08.685529,CVX,False,190.61,0,0,-1.05,1.41,True,MOMENTUM_FAILURE
2026-06-03T10:57:09.039444,DDOG,False,248.87,0,0,70.77,-12.69,True,ACCELERATION_DECAY
2026-06-03T10:57:09.379488,DE,False,586.43,0,0,1.85,1.7,False,ACCELERATION_DECAY
2026-06-03T10:57:09.726592,DELL,False,417.3,0,0,92.91,-12.78,True,ACCELERATION_DECAY
2026-06-03T10:57:10.069690,DHR,False,177.24,0,0,1.49,0.31,False,ACCELERATION_DECAY
2026-06-03T10:57:10.425729,DUOL,False,105.45,0,0,1.36,1.62,True,LOST_20_SMA
2026-06-03T10:57:10.776870,EOG,False,141.97,0,0,0.82,2.96,False,ACCELERATION_DECAY
2026-06-03T10:57:11.121318,ETN,False,419.96,0,0,2.21,3.36,False,ACCELERATION_DECAY
2026-06-03T10:57:11.806675,FICO,False,1168.2,0,0,9.56,-8.52,True,ACCELERATION_DECAY
2026-06-03T10:57:12.150744,FTNT,False,145.99,0,0,62.36,-4.45,True,ACCELERATION_DECAY
2026-06-03T10:57:12.506356,GD,False,340.73,0,0,-2.41,0.87,True,MOMENTUM_FAILURE
2026-06-03T10:57:12.858674,GE,False,319.06,0,0,11.29,-1.97,True,ACCELERATION_DECAY
2026-06-03T10:57:13.194455,GOOG,False,357.82,0,0,-6.88,-1.29,True,LOST_20_SMA
2026-06-03T10:57:13.553415,GOOGL,False,361.59,0,0,-6.91,-1.33,True,LOST_20_SMA
2026-06-03T10:57:13.946304,GS,False,1046.4,0,0,13.88,-3.98,True,ACCELERATION_DECAY
2026-06-03T10:57:14.305956,HD,False,311.43,0,0,-1.26,-0.98,True,MOMENTUM_FAILURE
2026-06-03T10:57:14.688324,HIMS,False,27.09,0,0,2.89,2.01,False,ACCELERATION_DECAY
2026-06-03T10:57:15.062297,HON,False,231.24,0,0,10.61,-1.62,True,ACCELERATION_DECAY
2026-06-03T10:57:15.406441,HOOD,False,83.82,0,0,8.81,-6.35,True,ACCELERATION_DECAY
2026-06-03T10:57:15.772767,ICE,False,140.19,0,0,-9.72,-0.73,True,LOST_20_SMA
2026-06-03T10:57:16.116654,INTC,False,111.72,0,0,3.3,-9.38,True,LOST_20_SMA
2026-06-03T10:57:16.456915,INTU,False,312.56,0,0,-21.53,-0.68,True,LOST_20_SMA
2026-06-03T10:57:16.785972,ISRG,False,403.58,0,0,-10.59,0.47,True,LOST_20_SMA
2026-06-03T10:57:17.129915,JPM,False,300.66,0,0,-2.82,-0.65,True,MOMENTUM_FAILURE
2026-06-03T10:57:17.482023,KKR,False,90.78,0,0,-11.0,-2.41,True,LOST_20_SMA
2026-06-03T10:57:17.852481,KLAC,False,2111.1,0,0,21.82,2.45,False,ACCELERATION_DECAY
2026-06-03T10:57:18.191781,LIN,False,507.29,0,0,1.4,0.92,False,ACCELERATION_DECAY
2026-06-03T10:57:18.523305,LLY,False,1092.16,0,0,10.45,0.5,False,ACCELERATION_DECAY
2026-06-03T10:57:18.867019,LMT,False,519.3,0,0,2.04,2.95,False,ACCELERATION_DECAY
2026-06-03T10:57:19.222716,LRCX,False,342.36,0,0,24.13,-5.2,True,ACCELERATION_DECAY
2026-06-03T10:57:19.570448,LULU,False,125.54,0,0,-3.59,-1.64,True,MOMENTUM_FAILURE
2026-06-03T10:57:19.904992,MA,False,471.99,0,0,-5.05,0.31,True,LOST_20_SMA
2026-06-03T10:57:20.251776,MCD,False,275.35,0,0,-3.44,-0.72,True,LOST_20_SMA
2026-06-03T10:57:20.603640,MCO,False,447.51,0,0,-1.55,-2.45,True,MOMENTUM_FAILURE
2026-06-03T10:57:20.944561,MDB,False,370.98,0,0,39.11,-11.43,True,ACCELERATION_DECAY
2026-06-03T10:57:21.302981,META,False,618.3,0,0,2.21,4.3,False,ACCELERATION_DECAY
2026-06-03T10:57:21.640349,MPC,False,270.82,0,0,3.96,-0.21,False,ACCELERATION_DECAY
2026-06-03T10:57:21.985888,MS,False,210.98,0,0,11.48,-2.86,True,ACCELERATION_DECAY
2026-06-03T10:57:22.325182,MSFT,False,426.42,0,0,3.66,-3.04,True,ACCELERATION_DECAY
2026-06-03T10:57:22.664230,MU,False,1064.65,0,0,66.3,-18.3,True,ACCELERATION_DECAY
2026-06-03T10:57:22.996873,NET,False,263.9,0,0,7.97,-13.67,True,ACCELERATION_DECAY
2026-06-03T10:57:23.344526,NFLX,False,81.67,0,0,-7.08,1.37,True,LOST_20_SMA
2026-06-03T10:57:23.765779,NOC,False,534.39,0,0,-4.33,1.03,True,LOST_20_SMA
2026-06-03T10:57:24.136802,NOW,False,120.2,0,0,30.64,-8.16,True,ACCELERATION_DECAY
2026-06-03T10:57:24.521951,NUE,False,257.88,0,0,11.12,-3.34,True,ACCELERATION_DECAY
2026-06-03T10:57:24.867295,NVDA,False,215.62,0,0,9.73,-2.53,True,LOST_20_SMA
2026-06-03T10:57:25.202611,ODFL,False,232.65,0,0,18.65,-0.55,True,ACCELERATION_DECAY
2026-06-03T10:57:25.534537,ORCL,False,230.22,0,0,24.21,-11.45,True,ACCELERATION_DECAY
2026-06-03T10:57:25.892504,PANW,False,277.89,0,0,51.04,-9.98,True,ACCELERATION_DECAY
2026-06-03T10:57:26.199073,PH,False,853.58,0,0,-2.19,1.43,True,LOST_20_SMA
2026-06-03T10:57:26.528942,PLTR,False,143.17,0,0,5.34,1.14,False,ACCELERATION_DECAY
2026-06-03T10:57:26.874864,PWR,False,720.16,0,0,-6.67,0.1,True,LOST_20_SMA
2026-06-03T10:57:27.217934,PYPL,False,42.41,0,0,-8.78,2.85,True,LOST_20_SMA
2026-06-03T10:57:27.559369,QCOM,False,249.8,0,0,33.91,-9.13,True,ACCELERATION_DECAY
2026-06-03T10:57:27.917230,RBLX,False,43.3,0,0,-1.68,3.72,True,LOST_20_SMA
2026-06-03T10:57:28.257784,REGN,False,623.33,0,0,-11.24,3.75,True,LOST_20_SMA
2026-06-03T10:57:28.598370,RKLB,False,115.46,0,0,46.6,-6.96,True,LOST_20_SMA
2026-06-03T10:57:28.967790,RTX,False,175.43,0,0,1.48,0.69,False,ACCELERATION_DECAY
2026-06-03T10:57:29.339031,SCHW,False,87.54,0,0,-5.26,-1.03,True,LOST_20_SMA
2026-06-03T10:57:29.686867,SHOP,False,113.64,0,0,5.58,13.85,False,ACCELERATION_DECAY
2026-06-03T10:57:30.060177,SLB,False,56.55,0,0,0.98,-0.69,True,ACCELERATION_DECAY
2026-06-03T10:57:30.396628,SNOW,False,245.83,0,0,73.47,-7.61,False,ACCELERATION_DECAY
2026-06-03T10:57:30.742026,SNPS,False,496.43,0,0,-1.21,-3.39,True,LOST_20_SMA
2026-06-03T10:57:31.074765,SOFI,False,16.82,0,0,4.99,-4.51,True,ACCELERATION_DECAY
2026-06-03T10:57:31.432006,SPGI,False,411.8,0,0,-2.85,-1.13,True,LOST_20_SMA
2026-06-03T10:57:31.777824,SYK,False,293.52,0,0,-0.59,-1.42,True,LOST_20_SMA
2026-06-03T10:57:32.125378,TMO,False,473.86,0,0,1.52,-2.69,True,ACCELERATION_DECAY
2026-06-03T10:57:32.464373,TSLA,False,421.55,0,0,8.26,0.31,True,LOST_20_SMA
2026-06-03T10:57:32.819786,TT,False,465.16,0,0,-2.57,3.09,True,MOMENTUM_FAILURE
2026-06-03T10:57:33.165558,TTWO,False,216.03,0,0,-3.17,-1.93,True,LOST_20_SMA
2026-06-03T10:57:33.500231,UBER,False,70.89,0,0,-2.82,0.3,True,LOST_20_SMA
2026-06-03T10:57:33.846027,UNH,False,383.21,0,0,5.32,3.38,False,ACCELERATION_DECAY
2026-06-03T10:57:34.237375,URI,False,1043.64,0,0,11.74,4.22,False,ACCELERATION_DECAY
2026-06-03T10:57:34.643224,V,False,313.66,0,0,-2.6,0.32,True,LOST_20_SMA
2026-06-03T10:57:35.024476,VLO,False,263.43,0,0,3.94,1.3,False,ACCELERATION_DECAY
2026-06-03T10:57:35.412578,VRSN,False,298.33,0,0,8.18,-0.3,True,ACCELERATION_DECAY
2026-06-03T10:57:35.759374,VRTX,False,426.78,0,0,0.57,1.68,True,LOST_20_SMA
2026-06-03T10:57:36.176797,WMT,False,116.69,0,0,-10.78,2.47,True,LOST_20_SMA
2026-06-03T10:57:36.515722,XOM,False,153.78,0,0,-0.71,1.98,True,MOMENTUM_FAILURE
2026-06-03T10:57:36.860209,ZS,False,134.15,0,0,-5.1,-6.47,True,LOST_20_SMA
2026-06-03T11:02:37.329110,AAPL,False,309.41,0,0,8.88,-4.98,True,ACCELERATION_DECAY
2026-06-03T11:02:37.739576,ABBV,False,218.96,0,0,6.23,2.76,False,ACCELERATION_DECAY
2026-06-03T11:02:38.096588,ABNB,False,134.45,0,0,-3.78,-0.53,True,MOMENTUM_FAILURE
2026-06-03T11:02:38.441916,ADBE,False,257.18,0,0,0.61,-2.6,False,ACCELERATION_DECAY
2026-06-03T11:02:38.789995,ADSK,False,231.33,0,0,-7.26,-2.86,True,LOST_20_SMA
2026-06-03T11:02:39.516497,AMD,False,538.77,0,0,51.66,-1.05,True,ACCELERATION_DECAY
2026-06-03T11:02:39.864456,AMZN,False,248.28,0,0,-9.24,-3.53,True,LOST_20_SMA
2026-06-03T11:02:40.212541,ANET,False,176.06,0,0,3.43,1.86,False,ACCELERATION_DECAY
2026-06-03T11:02:40.558133,APO,False,125.1,0,0,-3.99,-3.66,True,LOST_20_SMA
2026-06-03T11:02:40.900780,APP,False,569.12,0,0,19.04,-8.47,True,ACCELERATION_DECAY
2026-06-03T11:02:41.248695,ARES,False,122.72,0,0,-0.2,-7.11,True,LOST_20_SMA
2026-06-03T11:02:41.985466,ASML,False,1729.09,0,0,19.83,-3.19,True,ACCELERATION_DECAY
2026-06-03T11:02:42.320708,AXP,False,304.12,0,0,-3.74,-1.16,True,LOST_20_SMA
2026-06-03T11:02:42.966677,BA,False,213.67,0,0,-4.77,-3.15,True,LOST_20_SMA
2026-06-03T11:02:43.648774,BKNG,False,165.3,0,0,-1.39,-2.37,True,MOMENTUM_FAILURE
2026-06-03T11:02:43.992927,BLK,False,989.02,0,0,-5.71,-2.55,True,LOST_20_SMA
2026-06-03T11:02:44.339583,BSX,False,47.48,0,0,-15.18,0.95,True,LOST_20_SMA
2026-06-03T11:02:44.700711,BX,False,109.63,0,0,-10.67,-4.02,True,LOST_20_SMA
2026-06-03T11:02:45.052273,CAT,False,924.37,0,0,2.19,-1.82,True,ACCELERATION_DECAY
2026-06-03T11:02:45.392060,CAVA,False,71.08,0,0,-21.32,-2.54,True,LOST_20_SMA
2026-06-03T11:02:45.745637,CDNS,False,405.38,0,0,14.63,-4.5,True,ACCELERATION_DECAY
2026-06-03T11:02:46.082783,CELH,False,29.94,0,0,-10.68,-1.65,True,LOST_20_SMA
2026-06-03T11:02:46.427224,CME,False,253.28,0,0,-11.69,2.0,True,LOST_20_SMA
2026-06-03T11:02:46.791119,CMG,False,29.11,0,0,-9.9,-1.4,True,LOST_20_SMA
2026-06-03T11:02:47.193207,COIN,False,165.18,0,0,-16.47,-2.18,True,LOST_20_SMA
2026-06-03T11:02:47.632484,COP,False,118.84,0,0,-3.63,2.8,True,MOMENTUM_FAILURE
2026-06-03T11:02:48.149647,COST,False,962.78,0,0,-5.28,0.5,True,LOST_20_SMA
2026-06-03T11:02:48.494995,CRM,False,192.45,0,0,2.92,-5.36,True,ACCELERATION_DECAY
2026-06-03T11:02:48.848450,CRWD,False,751.28,0,0,57.66,-6.21,True,ACCELERATION_DECAY
2026-06-03T11:02:49.212687,CVX,False,190.57,0,0,-1.07,1.39,True,MOMENTUM_FAILURE
2026-06-03T11:02:49.565145,DDOG,False,248.91,0,0,70.8,-12.67,True,ACCELERATION_DECAY
2026-06-03T11:02:49.902684,DE,False,587.1,0,0,1.96,1.82,False,ACCELERATION_DECAY
2026-06-03T11:02:50.270148,DELL,False,419.08,0,0,93.73,-11.95,True,ACCELERATION_DECAY
2026-06-03T11:02:50.613955,DHR,False,177.37,0,0,1.57,0.38,False,ACCELERATION_DECAY
2026-06-03T11:02:50.954614,DUOL,False,105.67,0,0,1.58,1.83,True,LOST_20_SMA
2026-06-03T11:02:51.297089,EOG,False,141.99,0,0,0.83,2.97,False,ACCELERATION_DECAY
2026-06-03T11:02:51.641116,ETN,False,420.34,0,0,2.31,3.45,False,ACCELERATION_DECAY
2026-06-03T11:02:52.326307,FICO,False,1172.36,0,0,9.95,-8.13,True,ACCELERATION_DECAY
2026-06-03T11:02:52.720362,FTNT,False,146.44,0,0,62.86,-3.95,True,ACCELERATION_DECAY
2026-06-03T11:02:53.155449,GD,False,340.21,0,0,-2.56,0.72,True,MOMENTUM_FAILURE
2026-06-03T11:02:53.526450,GE,False,318.96,0,0,11.26,-2.0,True,ACCELERATION_DECAY
2026-06-03T11:02:53.932616,GOOG,False,357.25,0,0,-7.03,-1.43,True,LOST_20_SMA
2026-06-03T11:02:54.282269,GOOGL,False,360.99,0,0,-7.06,-1.48,True,LOST_20_SMA
2026-06-03T11:02:54.650233,GS,False,1045.58,0,0,13.79,-4.07,True,ACCELERATION_DECAY
2026-06-03T11:02:55.015820,HD,False,311.4,0,0,-1.27,-0.99,True,MOMENTUM_FAILURE
2026-06-03T11:02:55.362130,HIMS,False,27.3,0,0,3.68,2.8,False,ACCELERATION_DECAY
2026-06-03T11:02:55.696895,HON,False,230.53,0,0,10.27,-1.96,True,ACCELERATION_DECAY
2026-06-03T11:02:56.093327,HOOD,False,83.78,0,0,8.76,-6.4,True,ACCELERATION_DECAY
2026-06-03T11:02:56.436771,ICE,False,140.08,0,0,-9.79,-0.8,True,LOST_20_SMA
2026-06-03T11:02:56.775279,INTC,False,111.86,0,0,3.43,-9.25,True,LOST_20_SMA
2026-06-03T11:02:57.179757,INTU,False,313.11,0,0,-21.39,-0.54,True,LOST_20_SMA
2026-06-03T11:02:57.540153,ISRG,False,403.87,0,0,-10.53,0.54,True,LOST_20_SMA
2026-06-03T11:02:57.983275,JPM,False,300.67,0,0,-2.82,-0.65,True,MOMENTUM_FAILURE
2026-06-03T11:02:58.343227,KKR,False,90.67,0,0,-11.11,-2.51,True,LOST_20_SMA
2026-06-03T11:02:58.818763,KLAC,False,2117.31,0,0,22.18,2.81,False,ACCELERATION_DECAY
2026-06-03T11:02:59.165186,LIN,False,506.68,0,0,1.28,0.8,False,ACCELERATION_DECAY
2026-06-03T11:02:59.525150,LLY,False,1091.23,0,0,10.35,0.41,False,ACCELERATION_DECAY
2026-06-03T11:02:59.872241,LMT,False,518.27,0,0,1.84,2.75,False,ACCELERATION_DECAY
2026-06-03T11:03:00.207516,LRCX,False,342.89,0,0,24.33,-5.0,True,ACCELERATION_DECAY
2026-06-03T11:03:00.546896,LULU,False,125.89,0,0,-3.32,-1.37,True,MOMENTUM_FAILURE
2026-06-03T11:03:00.887803,MA,False,471.65,0,0,-5.12,0.25,True,LOST_20_SMA
2026-06-03T11:03:01.243376,MCD,False,274.82,0,0,-3.63,-0.91,True,LOST_20_SMA
2026-06-03T11:03:01.592191,MCO,False,447.63,0,0,-1.52,-2.42,True,MOMENTUM_FAILURE
2026-06-03T11:03:01.966683,MDB,False,371.3,0,0,39.23,-11.31,True,ACCELERATION_DECAY
2026-06-03T11:03:02.301567,META,False,620.73,0,0,2.61,4.7,False,ACCELERATION_DECAY
2026-06-03T11:03:02.742899,MPC,False,270.67,0,0,3.9,-0.27,False,ACCELERATION_DECAY
2026-06-03T11:03:03.079454,MS,False,210.72,0,0,11.34,-3.0,True,ACCELERATION_DECAY
2026-06-03T11:03:03.416908,MSFT,False,426.61,0,0,3.7,-2.99,True,ACCELERATION_DECAY
2026-06-03T11:03:03.754055,MU,False,1069.67,0,0,67.08,-17.51,True,ACCELERATION_DECAY
2026-06-03T11:03:04.100159,NET,False,264.11,0,0,8.05,-13.58,True,ACCELERATION_DECAY
2026-06-03T11:03:04.445843,NFLX,False,81.61,0,0,-7.15,1.3,True,LOST_20_SMA
2026-06-03T11:03:04.824663,NOC,False,534.34,0,0,-4.34,1.02,True,LOST_20_SMA
2026-06-03T11:03:05.167053,NOW,False,120.42,0,0,30.88,-7.92,True,ACCELERATION_DECAY
2026-06-03T11:03:05.558074,NUE,False,258.02,0,0,11.18,-3.28,True,ACCELERATION_DECAY
2026-06-03T11:03:06.009659,NVDA,False,215.57,0,0,9.7,-2.56,True,LOST_20_SMA
2026-06-03T11:03:06.347450,ODFL,False,232.62,0,0,18.64,-0.57,True,ACCELERATION_DECAY
2026-06-03T11:03:06.682128,ORCL,False,230.25,0,0,24.22,-11.43,True,ACCELERATION_DECAY
2026-06-03T11:03:07.096988,PANW,False,279.43,0,0,51.88,-9.14,True,ACCELERATION_DECAY
2026-06-03T11:03:07.451736,PH,False,854.36,0,0,-2.1,1.52,True,LOST_20_SMA
2026-06-03T11:03:07.792740,PLTR,False,143.24,0,0,5.39,1.19,False,ACCELERATION_DECAY
2026-06-03T11:03:08.247439,PWR,False,720.17,0,0,-6.67,0.1,True,LOST_20_SMA
2026-06-03T11:03:08.588811,PYPL,False,42.48,0,0,-8.63,3.0,True,LOST_20_SMA
2026-06-03T11:03:08.923266,QCOM,False,249.91,0,0,33.96,-9.07,True,ACCELERATION_DECAY
2026-06-03T11:03:09.271701,RBLX,False,43.33,0,0,-1.61,3.79,True,LOST_20_SMA
2026-06-03T11:03:09.656920,REGN,False,621.99,0,0,-11.43,3.56,True,LOST_20_SMA
2026-06-03T11:03:10.000915,RKLB,False,115.33,0,0,46.43,-7.12,True,LOST_20_SMA
2026-06-03T11:03:10.337860,RTX,False,175.36,0,0,1.44,0.65,False,ACCELERATION_DECAY
2026-06-03T11:03:10.713360,SCHW,False,87.41,0,0,-5.4,-1.17,True,LOST_20_SMA
2026-06-03T11:03:11.051553,SHOP,False,113.74,0,0,5.68,13.94,False,ACCELERATION_DECAY
2026-06-03T11:03:11.510660,SLB,False,56.53,0,0,0.95,-0.73,True,ACCELERATION_DECAY
2026-06-03T11:03:11.847492,SNOW,False,246.3,0,0,73.81,-7.28,False,ACCELERATION_DECAY
2026-06-03T11:03:12.224206,SNPS,False,495.87,0,0,-1.32,-3.5,True,LOST_20_SMA
2026-06-03T11:03:12.625507,SOFI,False,16.83,0,0,5.06,-4.45,True,ACCELERATION_DECAY
2026-06-03T11:03:13.078897,SPGI,False,411.6,0,0,-2.89,-1.18,True,LOST_20_SMA
2026-06-03T11:03:13.419986,SYK,False,293.35,0,0,-0.64,-1.48,True,LOST_20_SMA
2026-06-03T11:03:13.764130,TMO,False,475.76,0,0,1.93,-2.28,True,ACCELERATION_DECAY
2026-06-03T11:03:14.107704,TSLA,False,421.48,0,0,8.25,0.29,True,LOST_20_SMA
2026-06-03T11:03:14.456808,TT,False,465.5,0,0,-2.5,3.17,True,MOMENTUM_FAILURE
2026-06-03T11:03:14.813026,TTWO,False,216.09,0,0,-3.15,-1.9,True,LOST_20_SMA
2026-06-03T11:03:15.157831,UBER,False,70.91,0,0,-2.8,0.33,True,LOST_20_SMA
2026-06-03T11:03:15.497330,UNH,False,383.61,0,0,5.43,3.49,False,ACCELERATION_DECAY
2026-06-03T11:03:15.838099,URI,False,1042.52,0,0,11.62,4.1,False,ACCELERATION_DECAY
2026-06-03T11:03:16.175334,V,False,313.66,0,0,-2.6,0.32,True,LOST_20_SMA
2026-06-03T11:03:16.524961,VLO,False,263.77,0,0,4.07,1.44,False,ACCELERATION_DECAY
2026-06-03T11:03:16.867685,VRSN,False,297.38,0,0,7.84,-0.65,True,ACCELERATION_DECAY
2026-06-03T11:03:17.209794,VRTX,False,426.99,0,0,0.62,1.73,True,LOST_20_SMA
2026-06-03T11:03:17.637878,WMT,False,116.64,0,0,-10.82,2.43,True,LOST_20_SMA
2026-06-03T11:03:17.977819,XOM,False,153.82,0,0,-0.68,2.0,True,MOMENTUM_FAILURE
2026-06-03T11:03:18.390162,ZS,False,134.06,0,0,-5.16,-6.54,True,LOST_20_SMA
2026-06-03T11:08:18.854654,AAPL,False,309.38,0,0,8.87,-4.99,True,ACCELERATION_DECAY
2026-06-03T11:08:19.192865,ABBV,False,219.08,0,0,6.29,2.81,False,ACCELERATION_DECAY
2026-06-03T11:08:19.549242,ABNB,False,134.66,0,0,-3.63,-0.38,True,MOMENTUM_FAILURE
2026-06-03T11:08:19.885877,ADBE,False,256.96,0,0,0.52,-2.68,False,ACCELERATION_DECAY
2026-06-03T11:08:20.226925,ADSK,False,230.84,0,0,-7.45,-3.06,True,LOST_20_SMA
2026-06-03T11:08:20.991597,AMD,False,540.27,0,0,52.08,-0.63,True,ACCELERATION_DECAY
2026-06-03T11:08:21.394382,AMZN,False,248.61,0,0,-9.12,-3.41,True,LOST_20_SMA
2026-06-03T11:08:21.726966,ANET,False,176.84,0,0,3.89,2.32,False,ACCELERATION_DECAY
2026-06-03T11:08:22.082728,APO,False,125.34,0,0,-3.81,-3.47,True,LOST_20_SMA
2026-06-03T11:08:22.416808,APP,False,567.75,0,0,18.75,-8.75,True,ACCELERATION_DECAY
2026-06-03T11:08:22.765973,ARES,False,122.84,0,0,-0.1,-7.02,True,LOST_20_SMA
2026-06-03T11:08:23.467510,ASML,False,1732.5,0,0,20.07,-2.95,True,ACCELERATION_DECAY
2026-06-03T11:08:23.805777,AXP,False,304.22,0,0,-3.71,-1.13,True,LOST_20_SMA
2026-06-03T11:08:24.154166,BA,False,213.5,0,0,-4.85,-3.22,True,LOST_20_SMA
2026-06-03T11:08:24.850506,BKNG,False,165.26,0,0,-1.41,-2.4,True,MOMENTUM_FAILURE
2026-06-03T11:08:25.193441,BLK,False,989.08,0,0,-5.7,-2.54,True,LOST_20_SMA
2026-06-03T11:08:25.545595,BSX,False,47.43,0,0,-15.27,0.86,True,LOST_20_SMA
2026-06-03T11:08:25.895118,BX,False,109.6,0,0,-10.69,-4.05,True,LOST_20_SMA
2026-06-03T11:08:26.279812,CAT,False,925.31,0,0,2.29,-1.71,True,ACCELERATION_DECAY
2026-06-03T11:08:26.652608,CAVA,False,70.84,0,0,-21.59,-2.8,True,LOST_20_SMA
2026-06-03T11:08:26.970042,CDNS,False,405.23,0,0,14.59,-4.54,True,ACCELERATION_DECAY
2026-06-03T11:08:27.305851,CELH,False,29.9,0,0,-10.8,-1.77,True,LOST_20_SMA
2026-06-03T11:08:27.637420,CME,False,253.26,0,0,-11.7,2.0,True,LOST_20_SMA
2026-06-03T11:08:27.971455,CMG,False,29.05,0,0,-10.09,-1.58,True,LOST_20_SMA
2026-06-03T11:08:28.313078,COIN,False,165.25,0,0,-16.43,-2.15,True,LOST_20_SMA
2026-06-03T11:08:28.663878,COP,False,118.79,0,0,-3.67,2.76,True,MOMENTUM_FAILURE
2026-06-03T11:08:29.003032,COST,False,961.58,0,0,-5.4,0.38,True,LOST_20_SMA
2026-06-03T11:08:29.348135,CRM,False,191.76,0,0,2.55,-5.73,True,ACCELERATION_DECAY
2026-06-03T11:08:29.678236,CRWD,False,752.1,0,0,57.83,-6.04,True,ACCELERATION_DECAY
2026-06-03T11:08:30.057368,CVX,False,190.52,0,0,-1.1,1.36,True,MOMENTUM_FAILURE
2026-06-03T11:08:30.394127,DDOG,False,249.01,0,0,70.87,-12.6,True,ACCELERATION_DECAY
2026-06-03T11:08:30.741624,DE,False,588.11,0,0,2.14,1.99,False,ACCELERATION_DECAY
2026-06-03T11:08:31.103091,DELL,False,419.02,0,0,93.7,-11.98,True,ACCELERATION_DECAY
2026-06-03T11:08:31.449451,DHR,False,177.21,0,0,1.48,0.29,False,ACCELERATION_DECAY
2026-06-03T11:08:31.786315,DUOL,False,105.66,0,0,1.57,1.82,True,LOST_20_SMA
2026-06-03T11:08:32.134832,EOG,False,142.05,0,0,0.87,3.01,False,ACCELERATION_DECAY
2026-06-03T11:08:32.511461,ETN,False,420.78,0,0,2.41,3.56,False,ACCELERATION_DECAY
2026-06-03T11:08:33.200330,FICO,False,1168.43,0,0,9.58,-8.5,True,ACCELERATION_DECAY
2026-06-03T11:08:33.580153,FTNT,False,146.49,0,0,62.91,-3.9,True,ACCELERATION_DECAY
2026-06-03T11:08:33.932324,GD,False,339.96,0,0,-2.63,0.65,True,MOMENTUM_FAILURE
2026-06-03T11:08:34.275527,GE,False,319.09,0,0,11.31,-1.96,True,ACCELERATION_DECAY
2026-06-03T11:08:34.633098,GOOG,False,356.56,0,0,-7.21,-1.61,True,LOST_20_SMA
2026-06-03T11:08:34.995213,GOOGL,False,360.35,0,0,-7.23,-1.65,True,LOST_20_SMA
2026-06-03T11:08:35.420170,GS,False,1046.61,0,0,13.9,-3.96,True,ACCELERATION_DECAY
2026-06-03T11:08:35.774580,HD,False,311.44,0,0,-1.26,-0.97,True,MOMENTUM_FAILURE
2026-06-03T11:08:36.186821,HIMS,False,27.4,0,0,4.06,3.18,False,ACCELERATION_DECAY
2026-06-03T11:08:36.570428,HON,False,230.69,0,0,10.35,-1.89,True,ACCELERATION_DECAY
2026-06-03T11:08:36.941919,HOOD,False,83.73,0,0,8.7,-6.47,True,ACCELERATION_DECAY
2026-06-03T11:08:37.273146,ICE,False,139.9,0,0,-9.9,-0.92,True,LOST_20_SMA
2026-06-03T11:08:37.616949,INTC,False,111.84,0,0,3.41,-9.27,True,LOST_20_SMA
2026-06-03T11:08:37.955161,INTU,False,312.27,0,0,-21.6,-0.76,True,LOST_20_SMA
2026-06-03T11:08:38.342194,ISRG,False,403.74,0,0,-10.55,0.51,True,LOST_20_SMA
2026-06-03T11:08:38.679796,JPM,False,300.94,0,0,-2.73,-0.56,True,MOMENTUM_FAILURE
2026-06-03T11:08:39.027517,KKR,False,90.76,0,0,-11.02,-2.43,True,LOST_20_SMA
2026-06-03T11:08:39.380429,KLAC,False,2120.27,0,0,22.35,2.98,False,ACCELERATION_DECAY
2026-06-03T11:08:39.759297,LIN,False,506.3,0,0,1.2,0.72,False,ACCELERATION_DECAY
2026-06-03T11:08:40.119422,LLY,False,1091.0,0,0,10.33,0.39,False,ACCELERATION_DECAY
2026-06-03T11:08:40.466826,LMT,False,518.05,0,0,1.79,2.7,False,ACCELERATION_DECAY
2026-06-03T11:08:40.811605,LRCX,False,343.18,0,0,24.43,-4.9,True,ACCELERATION_DECAY
2026-06-03T11:08:41.162412,LULU,False,125.82,0,0,-3.37,-1.43,True,MOMENTUM_FAILURE
2026-06-03T11:08:41.531155,MA,False,471.23,0,0,-5.2,0.16,True,LOST_20_SMA
2026-06-03T11:08:41.879608,MCD,False,274.33,0,0,-3.8,-1.08,True,LOST_20_SMA
2026-06-03T11:08:42.254157,MCO,False,447.88,0,0,-1.47,-2.37,True,MOMENTUM_FAILURE
2026-06-03T11:08:42.600329,MDB,False,370.76,0,0,39.03,-11.51,True,ACCELERATION_DECAY
2026-06-03T11:08:42.939071,META,False,621.82,0,0,2.79,4.88,False,ACCELERATION_DECAY
2026-06-03T11:08:43.290555,MPC,False,270.68,0,0,3.9,-0.26,False,ACCELERATION_DECAY
2026-06-03T11:08:43.632820,MS,False,211.04,0,0,11.51,-2.83,True,ACCELERATION_DECAY
2026-06-03T11:08:43.973464,MSFT,False,426.61,0,0,3.7,-2.99,True,ACCELERATION_DECAY
2026-06-03T11:08:44.321009,MU,False,1071.87,0,0,67.43,-17.17,True,ACCELERATION_DECAY
2026-06-03T11:08:44.663480,NET,False,265.24,0,0,8.51,-13.12,True,ACCELERATION_DECAY
2026-06-03T11:08:45.015755,NFLX,False,81.54,0,0,-7.22,1.22,True,LOST_20_SMA
2026-06-03T11:08:45.376283,NOC,False,533.86,0,0,-4.43,0.93,True,LOST_20_SMA
2026-06-03T11:08:45.730603,NOW,False,119.97,0,0,30.39,-8.41,True,ACCELERATION_DECAY
2026-06-03T11:08:46.078295,NUE,False,258.09,0,0,11.21,-3.25,True,ACCELERATION_DECAY
2026-06-03T11:08:46.431991,NVDA,False,215.64,0,0,9.74,-2.52,True,LOST_20_SMA
2026-06-03T11:08:46.799419,ODFL,False,232.72,0,0,18.69,-0.51,True,ACCELERATION_DECAY
2026-06-03T11:08:47.209284,ORCL,False,230.2,0,0,24.2,-11.46,True,ACCELERATION_DECAY
2026-06-03T11:08:47.568564,PANW,False,279.64,0,0,51.99,-9.03,True,ACCELERATION_DECAY
2026-06-03T11:08:47.910131,PH,False,852.68,0,0,-2.29,1.33,True,LOST_20_SMA
2026-06-03T11:08:48.251427,PLTR,False,142.83,0,0,5.09,0.89,False,ACCELERATION_DECAY
2026-06-03T11:08:48.602516,PWR,False,720.58,0,0,-6.61,0.16,True,LOST_20_SMA
2026-06-03T11:08:48.959333,PYPL,False,42.57,0,0,-8.43,3.2,True,LOST_20_SMA
2026-06-03T11:08:49.303900,QCOM,False,250.38,0,0,34.22,-8.82,True,ACCELERATION_DECAY
2026-06-03T11:08:49.637650,RBLX,False,43.21,0,0,-1.88,3.52,True,LOST_20_SMA
2026-06-03T11:08:49.978756,REGN,False,621.97,0,0,-11.43,3.55,True,LOST_20_SMA
2026-06-03T11:08:50.321704,RKLB,False,115.21,0,0,46.28,-7.28,True,LOST_20_SMA
2026-06-03T11:08:50.691814,RTX,False,175.16,0,0,1.32,0.54,False,ACCELERATION_DECAY
2026-06-03T11:08:51.031524,SCHW,False,87.44,0,0,-5.37,-1.14,True,LOST_20_SMA
2026-06-03T11:08:51.375890,SHOP,False,113.74,0,0,5.68,13.94,False,ACCELERATION_DECAY
2026-06-03T11:08:51.766651,SLB,False,56.5,0,0,0.89,-0.78,True,ACCELERATION_DECAY
2026-06-03T11:08:52.141013,SNOW,False,246.22,0,0,73.75,-7.33,False,ACCELERATION_DECAY
2026-06-03T11:08:52.498343,SNPS,False,495.87,0,0,-1.32,-3.5,True,LOST_20_SMA
2026-06-03T11:08:52.852939,SOFI,False,16.82,0,0,4.99,-4.51,True,ACCELERATION_DECAY
2026-06-03T11:08:53.195253,SPGI,False,411.53,0,0,-2.91,-1.19,True,LOST_20_SMA
2026-06-03T11:08:53.540808,SYK,False,293.58,0,0,-0.57,-1.4,True,LOST_20_SMA
2026-06-03T11:08:53.882099,TMO,False,475.09,0,0,1.78,-2.43,True,ACCELERATION_DECAY
2026-06-03T11:08:54.220153,TSLA,False,421.75,0,0,8.32,0.36,False,ACCELERATION_DECAY
2026-06-03T11:08:54.565085,TT,False,465.24,0,0,-2.56,3.11,True,MOMENTUM_FAILURE
2026-06-03T11:08:54.912444,TTWO,False,216.06,0,0,-3.16,-1.92,True,LOST_20_SMA
2026-06-03T11:08:55.324671,UBER,False,70.74,0,0,-3.03,0.1,True,LOST_20_SMA
2026-06-03T11:08:55.688277,UNH,False,383.34,0,0,5.35,3.42,False,ACCELERATION_DECAY
2026-06-03T11:08:56.086341,URI,False,1042.7,0,0,11.64,4.12,False,ACCELERATION_DECAY
2026-06-03T11:08:56.498948,V,False,313.71,0,0,-2.58,0.33,True,LOST_20_SMA
2026-06-03T11:08:56.894680,VLO,False,263.46,0,0,3.95,1.31,False,ACCELERATION_DECAY
2026-06-03T11:08:57.329195,VRSN,False,297.78,0,0,7.98,-0.5,True,ACCELERATION_DECAY
2026-06-03T11:08:57.697833,VRTX,False,427.37,0,0,0.71,1.82,True,LOST_20_SMA
2026-06-03T11:08:58.178205,WMT,False,116.53,0,0,-10.9,2.35,True,LOST_20_SMA
2026-06-03T11:08:58.541181,XOM,False,153.76,0,0,-0.72,1.96,True,MOMENTUM_FAILURE
2026-06-03T11:08:58.940516,ZS,False,134.12,0,0,-5.12,-6.49,True,LOST_20_SMA
2026-06-03T11:13:59.452003,AAPL,False,309.42,0,0,8.88,-4.98,True,ACCELERATION_DECAY
2026-06-03T11:13:59.793528,ABBV,False,219.09,0,0,6.3,2.82,False,ACCELERATION_DECAY
2026-06-03T11:14:00.140447,ABNB,False,134.5,0,0,-3.74,-0.5,True,MOMENTUM_FAILURE
2026-06-03T11:14:00.501971,ADBE,False,256.33,0,0,0.28,-2.93,False,ACCELERATION_DECAY
2026-06-03T11:14:00.842581,ADSK,False,229.94,0,0,-7.81,-3.42,True,LOST_20_SMA
2026-06-03T11:14:01.524343,AMD,False,540.85,0,0,52.24,-0.46,True,ACCELERATION_DECAY
2026-06-03T11:14:01.870752,AMZN,False,249.33,0,0,-8.85,-3.15,True,LOST_20_SMA
2026-06-03T11:14:02.201347,ANET,False,176.83,0,0,3.88,2.31,False,ACCELERATION_DECAY
2026-06-03T11:14:02.541319,APO,False,124.84,0,0,-4.19,-3.86,True,LOST_20_SMA
2026-06-03T11:14:02.871738,APP,False,567.39,0,0,18.67,-8.83,True,ACCELERATION_DECAY
2026-06-03T11:14:03.213620,ARES,False,122.09,0,0,-0.71,-7.63,True,LOST_20_SMA
2026-06-03T11:14:03.882501,ASML,False,1736.63,0,0,20.36,-2.67,True,ACCELERATION_DECAY
2026-06-03T11:14:04.223081,AXP,False,304.17,0,0,-3.73,-1.15,True,LOST_20_SMA
2026-06-03T11:14:04.574807,BA,False,213.67,0,0,-4.77,-3.15,True,LOST_20_SMA
2026-06-03T11:14:05.257991,BKNG,False,165.2,0,0,-1.45,-2.43,True,MOMENTUM_FAILURE
2026-06-03T11:14:05.604640,BLK,False,988.1,0,0,-5.8,-2.63,True,LOST_20_SMA
2026-06-03T11:14:05.990255,BSX,False,47.47,0,0,-15.2,0.93,True,LOST_20_SMA
2026-06-03T11:14:06.347943,BX,False,109.17,0,0,-11.04,-4.4,True,LOST_20_SMA
2026-06-03T11:14:06.698148,CAT,False,926.14,0,0,2.38,-1.62,True,ACCELERATION_DECAY
2026-06-03T11:14:07.022883,CAVA,False,71.01,0,0,-21.4,-2.62,True,LOST_20_SMA
2026-06-03T11:14:07.369150,CDNS,False,406.08,0,0,14.83,-4.3,True,ACCELERATION_DECAY
2026-06-03T11:14:07.751093,CELH,False,29.94,0,0,-10.68,-1.65,True,LOST_20_SMA
2026-06-03T11:14:08.095045,CME,False,253.86,0,0,-11.49,2.21,True,LOST_20_SMA
2026-06-03T11:14:08.442005,CMG,False,29.06,0,0,-10.06,-1.55,True,LOST_20_SMA
2026-06-03T11:14:08.779456,COIN,False,165.2,0,0,-16.46,-2.17,True,LOST_20_SMA
2026-06-03T11:14:09.125786,COP,False,118.8,0,0,-3.67,2.77,True,MOMENTUM_FAILURE
2026-06-03T11:14:09.490344,COST,False,960.72,0,0,-5.48,0.3,True,LOST_20_SMA
2026-06-03T11:14:09.842547,CRM,False,191.1,0,0,2.2,-6.08,True,ACCELERATION_DECAY
2026-06-03T11:14:10.180588,CRWD,False,751.06,0,0,57.61,-6.26,True,ACCELERATION_DECAY
2026-06-03T11:14:10.532501,CVX,False,190.39,0,0,-1.17,1.29,True,MOMENTUM_FAILURE
2026-06-03T11:14:10.871614,DDOG,False,248.67,0,0,70.64,-12.83,True,ACCELERATION_DECAY
2026-06-03T11:14:11.209713,DE,False,589.02,0,0,2.3,2.15,False,ACCELERATION_DECAY
2026-06-03T11:14:11.554457,DELL,False,419.23,0,0,93.8,-11.88,True,ACCELERATION_DECAY
2026-06-03T11:14:11.918205,DHR,False,177.13,0,0,1.43,0.24,False,ACCELERATION_DECAY
2026-06-03T11:14:12.282244,DUOL,False,105.33,0,0,1.25,1.5,True,LOST_20_SMA
2026-06-03T11:14:12.659215,EOG,False,142.03,0,0,0.86,3.0,False,ACCELERATION_DECAY
2026-06-03T11:14:13.033982,ETN,False,420.66,0,0,2.39,3.53,False,ACCELERATION_DECAY
2026-06-03T11:14:13.708438,FICO,False,1167.99,0,0,9.54,-8.54,True,ACCELERATION_DECAY
2026-06-03T11:14:14.041796,FTNT,False,146.35,0,0,62.76,-4.05,True,ACCELERATION_DECAY
2026-06-03T11:14:14.383279,GD,False,340.05,0,0,-2.61,0.68,True,MOMENTUM_FAILURE
2026-06-03T11:14:14.728643,GE,False,319.4,0,0,11.41,-1.85,True,ACCELERATION_DECAY
2026-06-03T11:14:15.066062,GOOG,False,356.65,0,0,-7.19,-1.59,True,LOST_20_SMA
2026-06-03T11:14:15.398064,GOOGL,False,360.41,0,0,-7.21,-1.63,True,LOST_20_SMA
2026-06-03T11:14:15.738950,GS,False,1047.55,0,0,14.0,-3.86,True,ACCELERATION_DECAY
2026-06-03T11:14:16.107682,HD,False,311.87,0,0,-1.13,-0.84,True,MOMENTUM_FAILURE
2026-06-03T11:14:16.467038,HIMS,False,27.41,0,0,4.1,3.22,False,ACCELERATION_DECAY
2026-06-03T11:14:16.868150,HON,False,230.8,0,0,10.4,-1.83,True,ACCELERATION_DECAY
2026-06-03T11:14:17.253640,HOOD,False,83.66,0,0,8.61,-6.56,True,ACCELERATION_DECAY
2026-06-03T11:14:17.594065,ICE,False,139.83,0,0,-9.95,-0.96,True,LOST_20_SMA
2026-06-03T11:14:17.935137,INTC,False,112.34,0,0,3.87,-8.81,True,LOST_20_SMA
2026-06-03T11:14:18.267656,INTU,False,311.61,0,0,-21.77,-0.92,True,LOST_20_SMA
2026-06-03T11:14:18.601550,ISRG,False,403.81,0,0,-10.54,0.53,True,LOST_20_SMA
2026-06-03T11:14:18.996789,JPM,False,301.4,0,0,-2.59,-0.41,True,MOMENTUM_FAILURE
2026-06-03T11:14:19.351329,KKR,False,90.31,0,0,-11.46,-2.87,True,LOST_20_SMA
2026-06-03T11:14:19.693734,KLAC,False,2123.4,0,0,22.53,3.16,False,ACCELERATION_DECAY
2026-06-03T11:14:20.027141,LIN,False,506.8,0,0,1.3,0.82,False,ACCELERATION_DECAY
2026-06-03T11:14:20.360314,LLY,False,1092.11,0,0,10.44,0.5,False,ACCELERATION_DECAY
2026-06-03T11:14:20.722852,LMT,False,518.17,0,0,1.82,2.73,False,ACCELERATION_DECAY
2026-06-03T11:14:21.073822,LRCX,False,343.8,0,0,24.66,-4.68,True,ACCELERATION_DECAY
2026-06-03T11:14:21.443630,LULU,False,125.97,0,0,-3.26,-1.31,True,MOMENTUM_FAILURE
2026-06-03T11:14:21.790731,MA,False,472.18,0,0,-5.01,0.35,True,LOST_20_SMA
2026-06-03T11:14:22.151283,MCD,False,274.21,0,0,-3.84,-1.12,True,LOST_20_SMA
2026-06-03T11:14:22.516000,MCO,False,447.61,0,0,-1.53,-2.43,True,MOMENTUM_FAILURE
2026-06-03T11:14:22.876915,MDB,False,370.83,0,0,39.05,-11.48,True,ACCELERATION_DECAY
2026-06-03T11:14:23.217787,META,False,622.66,0,0,2.93,5.02,False,ACCELERATION_DECAY
2026-06-03T11:14:23.589175,MPC,False,270.64,0,0,3.89,-0.28,False,ACCELERATION_DECAY
2026-06-03T11:14:23.927811,MS,False,211.09,0,0,11.54,-2.8,True,ACCELERATION_DECAY
2026-06-03T11:14:24.261157,MSFT,False,426.88,0,0,3.77,-2.93,True,ACCELERATION_DECAY
2026-06-03T11:14:24.605724,MU,False,1071.56,0,0,67.38,-17.22,True,ACCELERATION_DECAY
2026-06-03T11:14:24.964567,NET,False,265.24,0,0,8.51,-13.12,True,ACCELERATION_DECAY
2026-06-03T11:14:25.305111,NFLX,False,81.49,0,0,-7.28,1.17,True,LOST_20_SMA
2026-06-03T11:14:25.638224,NOC,False,533.28,0,0,-4.53,0.83,True,LOST_20_SMA
2026-06-03T11:14:25.975401,NOW,False,119.68,0,0,30.07,-8.72,True,ACCELERATION_DECAY
2026-06-03T11:14:26.320401,NUE,False,258.19,0,0,11.26,-3.2,True,ACCELERATION_DECAY
2026-06-03T11:14:26.656879,NVDA,False,215.67,0,0,9.76,-2.51,True,LOST_20_SMA
2026-06-03T11:14:27.012657,ODFL,False,233.13,0,0,18.9,-0.31,True,ACCELERATION_DECAY
2026-06-03T11:14:27.352878,ORCL,False,230.0,0,0,24.09,-11.57,True,ACCELERATION_DECAY
2026-06-03T11:14:27.692366,PANW,False,279.62,0,0,51.98,-9.04,True,ACCELERATION_DECAY
2026-06-03T11:14:28.030498,PH,False,854.14,0,0,-2.13,1.5,True,LOST_20_SMA
2026-06-03T11:14:28.371059,PLTR,False,142.56,0,0,4.89,0.69,False,ACCELERATION_DECAY
2026-06-03T11:14:28.712857,PWR,False,720.8,0,0,-6.58,0.19,True,LOST_20_SMA
2026-06-03T11:14:29.055482,PYPL,False,42.54,0,0,-8.5,3.13,True,LOST_20_SMA
2026-06-03T11:14:29.392298,QCOM,False,250.39,0,0,34.22,-8.81,True,ACCELERATION_DECAY
2026-06-03T11:14:29.731727,RBLX,False,43.32,0,0,-1.63,3.77,True,LOST_20_SMA
2026-06-03T11:14:30.075167,REGN,False,621.71,0,0,-11.47,3.52,True,LOST_20_SMA
2026-06-03T11:14:30.414840,RKLB,False,115.09,0,0,46.13,-7.43,True,LOST_20_SMA
2026-06-03T11:14:30.776229,RTX,False,174.94,0,0,1.2,0.41,False,ACCELERATION_DECAY
2026-06-03T11:14:31.132270,SCHW,False,87.45,0,0,-5.36,-1.13,True,LOST_20_SMA
2026-06-03T11:14:31.469061,SHOP,False,113.48,0,0,5.44,13.7,False,ACCELERATION_DECAY
2026-06-03T11:14:31.806912,SLB,False,56.47,0,0,0.84,-0.83,True,ACCELERATION_DECAY
2026-06-03T11:14:32.142416,SNOW,False,245.8,0,0,73.45,-7.63,False,ACCELERATION_DECAY
2026-06-03T11:14:32.478042,SNPS,False,497.67,0,0,-0.96,-3.14,True,LOST_20_SMA
2026-06-03T11:14:32.851847,SOFI,False,16.81,0,0,4.93,-4.57,True,ACCELERATION_DECAY
2026-06-03T11:14:33.195820,SPGI,False,411.61,0,0,-2.89,-1.18,True,LOST_20_SMA
2026-06-03T11:14:33.535195,SYK,False,293.37,0,0,-0.64,-1.47,True,LOST_20_SMA
2026-06-03T11:14:33.873364,TMO,False,473.42,0,0,1.43,-2.78,True,ACCELERATION_DECAY
2026-06-03T11:14:34.204895,TSLA,False,422.62,0,0,8.54,0.58,False,ACCELERATION_DECAY
2026-06-03T11:14:34.555690,TT,False,465.15,0,0,-2.58,3.09,True,MOMENTUM_FAILURE
2026-06-03T11:14:34.892263,TTWO,False,215.69,0,0,-3.33,-2.08,True,LOST_20_SMA
2026-06-03T11:14:35.232671,UBER,False,70.71,0,0,-3.07,0.05,True,LOST_20_SMA
2026-06-03T11:14:35.574254,UNH,False,382.99,0,0,5.25,3.32,False,ACCELERATION_DECAY
2026-06-03T11:14:35.908886,URI,False,1044.93,0,0,11.88,4.36,False,ACCELERATION_DECAY
2026-06-03T11:14:36.236564,V,False,313.82,0,0,-2.55,0.37,True,LOST_20_SMA
2026-06-03T11:14:36.582410,VLO,False,263.3,0,0,3.89,1.25,False,ACCELERATION_DECAY
2026-06-03T11:14:36.915466,VRSN,False,297.78,0,0,7.98,-0.5,True,ACCELERATION_DECAY
2026-06-03T11:14:37.254238,VRTX,False,427.52,0,0,0.74,1.85,True,LOST_20_SMA
2026-06-03T11:14:37.682960,WMT,False,116.34,0,0,-11.05,2.2,True,LOST_20_SMA
2026-06-03T11:14:38.046346,XOM,False,153.52,0,0,-0.88,1.81,True,MOMENTUM_FAILURE
2026-06-03T11:14:38.383560,ZS,False,133.93,0,0,-5.26,-6.63,True,LOST_20_SMA
2026-06-03T11:19:38.870810,AAPL,False,309.4,0,0,8.87,-4.99,True,ACCELERATION_DECAY
2026-06-03T11:19:39.290498,ABBV,False,218.7,0,0,6.11,2.63,False,ACCELERATION_DECAY
2026-06-03T11:19:39.628432,ABNB,False,134.38,0,0,-3.83,-0.58,True,MOMENTUM_FAILURE
2026-06-03T11:19:39.966331,ADBE,False,256.26,0,0,0.25,-2.96,False,ACCELERATION_DECAY
2026-06-03T11:19:40.307658,ADSK,False,230.12,0,0,-7.74,-3.35,True,LOST_20_SMA
2026-06-03T11:19:40.992301,AMD,False,541.37,0,0,52.39,-0.32,True,ACCELERATION_DECAY
2026-06-03T11:19:41.333030,AMZN,False,248.85,0,0,-9.03,-3.32,True,LOST_20_SMA
2026-06-03T11:19:41.675660,ANET,False,176.93,0,0,3.94,2.37,False,ACCELERATION_DECAY
2026-06-03T11:19:42.012543,APO,False,124.64,0,0,-4.34,-4.01,True,LOST_20_SMA
2026-06-03T11:19:42.352894,APP,False,569.17,0,0,19.05,-8.46,True,ACCELERATION_DECAY
2026-06-03T11:19:42.703021,ARES,False,122.12,0,0,-0.68,-7.6,True,LOST_20_SMA
2026-06-03T11:19:43.380069,ASML,False,1735.03,0,0,20.24,-2.78,True,ACCELERATION_DECAY
2026-06-03T11:19:43.718993,AXP,False,303.88,0,0,-3.82,-1.24,True,LOST_20_SMA
2026-06-03T11:19:44.136881,BA,False,213.51,0,0,-4.84,-3.22,True,LOST_20_SMA
2026-06-03T11:19:44.858516,BKNG,False,165.01,0,0,-1.56,-2.55,True,MOMENTUM_FAILURE
2026-06-03T11:19:45.200696,BLK,False,987.29,0,0,-5.87,-2.71,True,LOST_20_SMA
2026-06-03T11:19:45.537724,BSX,False,47.55,0,0,-15.06,1.07,True,LOST_20_SMA
2026-06-03T11:19:45.881750,BX,False,108.78,0,0,-11.36,-4.71,True,LOST_20_SMA
2026-06-03T11:19:46.233117,CAT,False,925.59,0,0,2.32,-1.68,True,ACCELERATION_DECAY
2026-06-03T11:19:46.568128,CAVA,False,70.81,0,0,-21.62,-2.84,True,LOST_20_SMA
2026-06-03T11:19:46.917008,CDNS,False,406.02,0,0,14.81,-4.32,True,ACCELERATION_DECAY
2026-06-03T11:19:47.312904,CELH,False,30.03,0,0,-10.41,-1.39,True,LOST_20_SMA
2026-06-03T11:19:47.651073,CME,False,253.51,0,0,-11.61,2.08,True,LOST_20_SMA
2026-06-03T11:19:47.992598,CMG,False,28.97,0,0,-10.34,-1.83,True,LOST_20_SMA
2026-06-03T11:19:48.339347,COIN,False,165.96,0,0,-16.08,-1.79,True,LOST_20_SMA
2026-06-03T11:19:48.681826,COP,False,118.54,0,0,-3.88,2.56,True,MOMENTUM_FAILURE
2026-06-03T11:19:49.060384,COST,False,959.94,0,0,-5.56,0.22,True,LOST_20_SMA
2026-06-03T11:19:49.403355,CRM,False,190.91,0,0,2.1,-6.18,True,ACCELERATION_DECAY
2026-06-03T11:19:49.745329,CRWD,False,753.43,0,0,58.11,-5.76,True,ACCELERATION_DECAY
2026-06-03T11:19:50.111591,CVX,False,190.31,0,0,-1.21,1.25,True,MOMENTUM_FAILURE
2026-06-03T11:19:50.572798,DDOG,False,249.67,0,0,71.32,-12.14,True,ACCELERATION_DECAY
2026-06-03T11:19:50.912544,DE,False,588.67,0,0,2.24,2.09,False,ACCELERATION_DECAY
2026-06-03T11:19:51.216348,DELL,False,419.4,0,0,93.88,-11.8,True,ACCELERATION_DECAY
2026-06-03T11:19:51.571642,DHR,False,177.12,0,0,1.43,0.24,False,ACCELERATION_DECAY
2026-06-03T11:19:51.909961,DUOL,False,105.37,0,0,1.29,1.54,True,LOST_20_SMA
2026-06-03T11:19:52.251849,EOG,False,141.97,0,0,0.82,2.96,False,ACCELERATION_DECAY
2026-06-03T11:19:52.604986,ETN,False,420.37,0,0,2.31,3.46,False,ACCELERATION_DECAY
2026-06-03T11:19:53.283564,FICO,False,1165.78,0,0,9.33,-8.75,True,LOST_20_SMA
2026-06-03T11:19:53.624028,FTNT,False,146.49,0,0,62.91,-3.9,True,ACCELERATION_DECAY
2026-06-03T11:19:54.054217,GD,False,339.78,0,0,-2.69,0.6,True,MOMENTUM_FAILURE
2026-06-03T11:19:54.405751,GE,False,318.81,0,0,11.21,-2.05,True,ACCELERATION_DECAY
2026-06-03T11:19:54.754493,GOOG,False,356.78,0,0,-7.15,-1.56,True,LOST_20_SMA
2026-06-03T11:19:55.091970,GOOGL,False,360.51,0,0,-7.19,-1.6,True,LOST_20_SMA
2026-06-03T11:19:55.429374,GS,False,1047.05,0,0,13.95,-3.91,True,ACCELERATION_DECAY
2026-06-03T11:19:55.764187,HD,False,311.85,0,0,-1.13,-0.84,True,MOMENTUM_FAILURE
2026-06-03T11:19:56.108068,HIMS,False,27.66,0,0,5.05,4.17,False,ACCELERATION_DECAY
2026-06-03T11:19:56.456082,HON,False,230.73,0,0,10.37,-1.87,True,ACCELERATION_DECAY
2026-06-03T11:19:56.813556,HOOD,False,84.08,0,0,9.15,-6.01,True,ACCELERATION_DECAY
2026-06-03T11:19:57.137865,ICE,False,139.56,0,0,-10.12,-1.14,True,LOST_20_SMA
2026-06-03T11:19:57.488653,INTC,False,112.52,0,0,4.04,-8.64,True,LOST_20_SMA
2026-06-03T11:19:57.830380,INTU,False,311.75,0,0,-21.73,-0.89,True,LOST_20_SMA
2026-06-03T11:19:58.173910,ISRG,False,403.92,0,0,-10.51,0.55,True,LOST_20_SMA
2026-06-03T11:19:58.524301,JPM,False,301.29,0,0,-2.62,-0.45,True,MOMENTUM_FAILURE
2026-06-03T11:19:58.872736,KKR,False,90.28,0,0,-11.49,-2.9,True,LOST_20_SMA
2026-06-03T11:19:59.340869,KLAC,False,2119.19,0,0,22.29,2.92,False,ACCELERATION_DECAY
2026-06-03T11:19:59.682484,LIN,False,506.89,0,0,1.32,0.84,False,ACCELERATION_DECAY
2026-06-03T11:20:00.028700,LLY,False,1090.1,0,0,10.24,0.3,False,ACCELERATION_DECAY
2026-06-03T11:20:00.382109,LMT,False,516.54,0,0,1.5,2.41,False,ACCELERATION_DECAY
2026-06-03T11:20:00.720617,LRCX,False,343.36,0,0,24.5,-4.83,True,ACCELERATION_DECAY
2026-06-03T11:20:01.055988,LULU,False,125.74,0,0,-3.43,-1.49,True,MOMENTUM_FAILURE
2026-06-03T11:20:01.392094,MA,False,472.48,0,0,-4.95,0.41,True,LOST_20_SMA
2026-06-03T11:20:01.733896,MCD,False,274.71,0,0,-3.67,-0.94,True,LOST_20_SMA
2026-06-03T11:20:02.078310,MCO,False,447.76,0,0,-1.49,-2.39,True,MOMENTUM_FAILURE
2026-06-03T11:20:02.411648,MDB,False,371.31,0,0,39.23,-11.3,True,ACCELERATION_DECAY
2026-06-03T11:20:02.749837,META,False,622.16,0,0,2.84,4.94,False,ACCELERATION_DECAY
2026-06-03T11:20:03.083924,MPC,False,270.05,0,0,3.66,-0.5,True,ACCELERATION_DECAY
2026-06-03T11:20:03.432624,MS,False,211.2,0,0,11.6,-2.75,True,ACCELERATION_DECAY
2026-06-03T11:20:03.767333,MSFT,False,426.94,0,0,3.78,-2.91,True,ACCELERATION_DECAY
2026-06-03T11:20:04.181621,MU,False,1074.48,0,0,67.84,-16.76,True,ACCELERATION_DECAY
2026-06-03T11:20:04.634172,NET,False,266.64,0,0,9.09,-12.54,True,ACCELERATION_DECAY
2026-06-03T11:20:04.981651,NFLX,False,81.51,0,0,-7.26,1.19,True,LOST_20_SMA
2026-06-03T11:20:05.331215,NOC,False,532.73,0,0,-4.63,0.73,True,LOST_20_SMA
2026-06-03T11:20:05.675764,NOW,False,119.84,0,0,30.25,-8.55,True,ACCELERATION_DECAY
2026-06-03T11:20:06.083804,NUE,False,258.38,0,0,11.34,-3.12,True,ACCELERATION_DECAY
2026-06-03T11:20:06.426019,NVDA,False,215.43,0,0,9.63,-2.63,True,LOST_20_SMA
2026-06-03T11:20:06.766638,ODFL,False,233.67,0,0,19.17,-0.03,True,ACCELERATION_DECAY
2026-06-03T11:20:07.116015,ORCL,False,230.49,0,0,24.35,-11.31,True,ACCELERATION_DECAY
2026-06-03T11:20:07.462456,PANW,False,280.59,0,0,52.51,-8.51,True,ACCELERATION_DECAY
2026-06-03T11:20:07.809749,PH,False,852.9,0,0,-2.27,1.35,True,LOST_20_SMA
2026-06-03T11:20:08.156492,PLTR,False,142.83,0,0,5.09,0.89,False,ACCELERATION_DECAY
2026-06-03T11:20:08.494395,PWR,False,719.17,0,0,-6.8,-0.03,True,LOST_20_SMA
2026-06-03T11:20:08.831072,PYPL,False,42.58,0,0,-8.41,3.22,True,LOST_20_SMA
2026-06-03T11:20:09.186032,QCOM,False,250.88,0,0,34.48,-8.55,True,ACCELERATION_DECAY
2026-06-03T11:20:09.531368,RBLX,False,43.37,0,0,-1.52,3.88,True,LOST_20_SMA
2026-06-03T11:20:09.915856,REGN,False,621.29,0,0,-11.53,3.46,True,LOST_20_SMA
2026-06-03T11:20:10.249995,RKLB,False,115.39,0,0,46.51,-7.05,True,LOST_20_SMA
2026-06-03T11:20:10.600130,RTX,False,174.68,0,0,1.05,0.26,False,ACCELERATION_DECAY
2026-06-03T11:20:10.941860,SCHW,False,87.34,0,0,-5.48,-1.25,True,LOST_20_SMA
2026-06-03T11:20:11.275389,SHOP,False,113.8,0,0,5.73,14.0,False,ACCELERATION_DECAY
2026-06-03T11:20:11.621222,SLB,False,56.45,0,0,0.8,-0.87,True,ACCELERATION_DECAY
2026-06-03T11:20:11.965812,SNOW,False,246.16,0,0,73.71,-7.38,False,ACCELERATION_DECAY
2026-06-03T11:20:12.299929,SNPS,False,498.36,0,0,-0.83,-3.01,True,LOST_20_SMA
2026-06-03T11:20:12.641151,SOFI,False,16.82,0,0,4.99,-4.51,True,ACCELERATION_DECAY
2026-06-03T11:20:12.998299,SPGI,False,411.84,0,0,-2.84,-1.12,True,LOST_20_SMA
2026-06-03T11:20:13.343785,SYK,False,293.5,0,0,-0.59,-1.42,True,LOST_20_SMA
2026-06-03T11:20:13.689831,TMO,False,473.0,0,0,1.34,-2.87,True,ACCELERATION_DECAY
2026-06-03T11:20:14.072246,TSLA,False,423.3,0,0,8.71,0.76,False,ACCELERATION_DECAY
2026-06-03T11:20:14.450227,TT,False,464.27,0,0,-2.76,2.91,True,MOMENTUM_FAILURE
2026-06-03T11:20:14.814260,TTWO,False,215.59,0,0,-3.37,-2.13,True,LOST_20_SMA
2026-06-03T11:20:15.295507,UBER,False,70.72,0,0,-3.06,0.07,True,LOST_20_SMA
2026-06-03T11:20:15.631073,UNH,False,382.3,0,0,5.06,3.13,False,ACCELERATION_DECAY
2026-06-03T11:20:15.972539,URI,False,1047.61,0,0,12.17,4.65,False,ACCELERATION_DECAY
2026-06-03T11:20:16.312118,V,False,313.92,0,0,-2.52,0.4,True,LOST_20_SMA
2026-06-03T11:20:16.744428,VLO,False,263.09,0,0,3.8,1.17,False,ACCELERATION_DECAY
2026-06-03T11:20:17.088884,VRSN,False,297.45,0,0,7.86,-0.62,True,ACCELERATION_DECAY
2026-06-03T11:20:17.430176,VRTX,False,427.63,0,0,0.77,1.88,True,LOST_20_SMA
2026-06-03T11:20:17.851306,WMT,False,116.42,0,0,-10.99,2.26,True,LOST_20_SMA
2026-06-03T11:20:18.203121,XOM,False,153.48,0,0,-0.9,1.78,True,MOMENTUM_FAILURE
2026-06-03T11:20:18.543669,ZS,False,134.59,0,0,-4.79,-6.16,True,LOST_20_SMA
2026-06-03T11:25:19.002316,AAPL,False,309.1,0,0,8.77,-5.09,True,ACCELERATION_DECAY
2026-06-03T11:25:19.363449,ABBV,False,218.82,0,0,6.17,2.69,False,ACCELERATION_DECAY
2026-06-03T11:25:19.704079,ABNB,False,134.46,0,0,-3.77,-0.52,True,MOMENTUM_FAILURE
2026-06-03T11:25:20.045430,ADBE,False,256.16,0,0,0.21,-3.0,False,ACCELERATION_DECAY
2026-06-03T11:25:20.380107,ADSK,False,229.99,0,0,-7.79,-3.4,True,LOST_20_SMA
2026-06-03T11:25:21.063032,AMD,False,540.4,0,0,52.11,-0.59,True,ACCELERATION_DECAY
2026-06-03T11:25:21.409593,AMZN,False,249.12,0,0,-8.93,-3.22,True,LOST_20_SMA
2026-06-03T11:25:21.754754,ANET,False,176.38,0,0,3.62,2.05,False,ACCELERATION_DECAY
2026-06-03T11:25:22.143430,APO,False,124.71,0,0,-4.29,-3.96,True,LOST_20_SMA
2026-06-03T11:25:22.485539,APP,False,569.0,0,0,19.01,-8.49,True,ACCELERATION_DECAY
2026-06-03T11:25:22.836608,ARES,False,122.09,0,0,-0.71,-7.63,True,LOST_20_SMA
2026-06-03T11:25:23.594280,ASML,False,1733.79,0,0,20.16,-2.87,True,ACCELERATION_DECAY
2026-06-03T11:25:23.949230,AXP,False,303.82,0,0,-3.84,-1.26,True,LOST_20_SMA
2026-06-03T11:25:24.289809,BA,False,213.31,0,0,-4.93,-3.31,True,LOST_20_SMA
2026-06-03T11:25:24.968286,BKNG,False,164.96,0,0,-1.59,-2.58,True,MOMENTUM_FAILURE
2026-06-03T11:25:25.317761,BLK,False,988.51,0,0,-5.76,-2.59,True,LOST_20_SMA
2026-06-03T11:25:25.681889,BSX,False,47.58,0,0,-15.01,1.12,True,LOST_20_SMA
2026-06-03T11:25:26.037039,BX,False,108.94,0,0,-11.23,-4.58,True,LOST_20_SMA
2026-06-03T11:25:26.382123,CAT,False,926.05,0,0,2.37,-1.63,True,ACCELERATION_DECAY
2026-06-03T11:25:26.718378,CAVA,False,70.67,0,0,-21.77,-2.99,True,LOST_20_SMA
2026-06-03T11:25:27.068336,CDNS,False,406.41,0,0,14.93,-4.21,True,ACCELERATION_DECAY
2026-06-03T11:25:27.405477,CELH,False,30.05,0,0,-10.35,-1.33,True,LOST_20_SMA
2026-06-03T11:25:27.758588,CME,False,253.63,0,0,-11.57,2.12,True,LOST_20_SMA
2026-06-03T11:25:28.128606,CMG,False,28.93,0,0,-10.46,-1.96,True,LOST_20_SMA
2026-06-03T11:25:28.483649,COIN,False,165.56,0,0,-16.28,-1.99,True,LOST_20_SMA
2026-06-03T11:25:28.837515,COP,False,118.61,0,0,-3.82,2.62,True,MOMENTUM_FAILURE
2026-06-03T11:25:29.208321,COST,False,960.87,0,0,-5.47,0.31,True,LOST_20_SMA
2026-06-03T11:25:29.542636,CRM,False,190.88,0,0,2.08,-6.2,True,ACCELERATION_DECAY
2026-06-03T11:25:29.880029,CRWD,False,749.71,0,0,57.33,-6.54,True,ACCELERATION_DECAY
2026-06-03T11:25:30.217693,CVX,False,190.31,0,0,-1.21,1.25,True,MOMENTUM_FAILURE
2026-06-03T11:25:30.557646,DDOG,False,248.99,0,0,70.86,-12.61,True,ACCELERATION_DECAY
2026-06-03T11:25:30.905674,DE,False,589.53,0,0,2.39,2.24,False,ACCELERATION_DECAY
2026-06-03T11:25:31.248862,DELL,False,419.29,0,0,93.83,-11.86,True,ACCELERATION_DECAY
2026-06-03T11:25:31.602890,DHR,False,177.2,0,0,1.47,0.28,False,ACCELERATION_DECAY
2026-06-03T11:25:31.938159,DUOL,False,105.86,0,0,1.76,2.01,True,LOST_20_SMA
2026-06-03T11:25:32.301617,EOG,False,142.0,0,0,0.84,2.98,False,ACCELERATION_DECAY
2026-06-03T11:25:32.635958,ETN,False,420.89,0,0,2.44,3.58,False,ACCELERATION_DECAY
2026-06-03T11:25:33.321970,FICO,False,1167.34,0,0,9.48,-8.6,True,LOST_20_SMA
2026-06-03T11:25:33.730084,FTNT,False,146.53,0,0,62.96,-3.85,True,ACCELERATION_DECAY
2026-06-03T11:25:34.074091,GD,False,339.75,0,0,-2.7,0.59,True,MOMENTUM_FAILURE
2026-06-03T11:25:34.419948,GE,False,319.02,0,0,11.28,-1.98,True,ACCELERATION_DECAY
2026-06-03T11:25:34.762868,GOOG,False,356.06,0,0,-7.34,-1.74,True,LOST_20_SMA
2026-06-03T11:25:35.100200,GOOGL,False,359.8,0,0,-7.37,-1.79,True,LOST_20_SMA
2026-06-03T11:25:35.439001,GS,False,1047.44,0,0,13.99,-3.87,True,ACCELERATION_DECAY
2026-06-03T11:25:35.787689,HD,False,311.79,0,0,-1.15,-0.86,True,MOMENTUM_FAILURE
2026-06-03T11:25:36.132031,HIMS,False,27.55,0,0,4.63,3.75,False,ACCELERATION_DECAY
2026-06-03T11:25:36.474633,HON,False,230.77,0,0,10.38,-1.85,True,ACCELERATION_DECAY
2026-06-03T11:25:36.842151,HOOD,False,83.86,0,0,8.87,-6.3,True,ACCELERATION_DECAY
2026-06-03T11:25:37.167666,ICE,False,139.66,0,0,-10.06,-1.07,True,LOST_20_SMA
2026-06-03T11:25:37.518714,INTC,False,112.4,0,0,3.93,-8.76,True,LOST_20_SMA
2026-06-03T11:25:37.862616,INTU,False,311.95,0,0,-21.68,-0.84,True,LOST_20_SMA
2026-06-03T11:25:38.205273,ISRG,False,404.37,0,0,-10.41,0.65,True,LOST_20_SMA
2026-06-03T11:25:38.626280,JPM,False,301.56,0,0,-2.53,-0.36,True,MOMENTUM_FAILURE
2026-06-03T11:25:39.002935,KKR,False,90.34,0,0,-11.43,-2.84,True,LOST_20_SMA
2026-06-03T11:25:39.369173,KLAC,False,2120.18,0,0,22.35,2.98,False,ACCELERATION_DECAY
2026-06-03T11:25:39.724684,LIN,False,507.17,0,0,1.38,0.9,False,ACCELERATION_DECAY
2026-06-03T11:25:40.060444,LLY,False,1087.73,0,0,10.0,0.06,False,ACCELERATION_DECAY
2026-06-03T11:25:40.403162,LMT,False,516.94,0,0,1.57,2.48,False,ACCELERATION_DECAY
2026-06-03T11:25:40.747699,LRCX,False,343.5,0,0,24.55,-4.78,True,ACCELERATION_DECAY
2026-06-03T11:25:41.090556,LULU,False,125.66,0,0,-3.49,-1.55,True,MOMENTUM_FAILURE
2026-06-03T11:25:41.428540,MA,False,472.13,0,0,-5.02,0.34,True,LOST_20_SMA
2026-06-03T11:25:41.770886,MCD,False,274.88,0,0,-3.61,-0.88,True,LOST_20_SMA
2026-06-03T11:25:42.141105,MCO,False,448.09,0,0,-1.42,-2.32,True,MOMENTUM_FAILURE
2026-06-03T11:25:42.493877,MDB,False,371.43,0,0,39.28,-11.26,True,ACCELERATION_DECAY
2026-06-03T11:25:42.837715,META,False,620.75,0,0,2.61,4.7,False,ACCELERATION_DECAY
2026-06-03T11:25:43.186858,MPC,False,270.04,0,0,3.66,-0.51,True,ACCELERATION_DECAY
2026-06-03T11:25:43.616602,MS,False,211.16,0,0,11.58,-2.77,True,ACCELERATION_DECAY
2026-06-03T11:25:44.043821,MSFT,False,426.49,0,0,3.67,-3.02,True,ACCELERATION_DECAY
2026-06-03T11:25:44.401770,MU,False,1072.63,0,0,67.55,-17.05,True,ACCELERATION_DECAY
2026-06-03T11:25:44.745607,NET,False,265.91,0,0,8.79,-12.84,True,ACCELERATION_DECAY
2026-06-03T11:25:45.087830,NFLX,False,81.42,0,0,-7.36,1.09,True,LOST_20_SMA
2026-06-03T11:25:45.429451,NOC,False,532.8,0,0,-4.62,0.74,True,LOST_20_SMA
2026-06-03T11:25:45.776057,NOW,False,119.83,0,0,30.24,-8.56,True,ACCELERATION_DECAY
2026-06-03T11:25:46.147763,NUE,False,258.34,0,0,11.32,-3.14,True,ACCELERATION_DECAY
2026-06-03T11:25:46.502973,NVDA,False,215.37,0,0,9.6,-2.66,True,LOST_20_SMA
2026-06-03T11:25:46.832668,ODFL,False,233.22,0,0,18.94,-0.26,True,ACCELERATION_DECAY
2026-06-03T11:25:47.181641,ORCL,False,230.56,0,0,24.39,-11.27,True,ACCELERATION_DECAY
2026-06-03T11:25:47.541355,PANW,False,280.03,0,0,52.21,-8.81,True,ACCELERATION_DECAY
2026-06-03T11:25:47.887656,PH,False,855.44,0,0,-1.98,1.65,True,LOST_20_SMA
2026-06-03T11:25:48.222739,PLTR,False,142.77,0,0,5.05,0.84,False,ACCELERATION_DECAY
2026-06-03T11:25:48.762750,PWR,False,719.87,0,0,-6.71,0.07,True,LOST_20_SMA
2026-06-03T11:25:49.113620,PYPL,False,42.61,0,0,-8.35,3.28,True,LOST_20_SMA
2026-06-03T11:25:49.448001,QCOM,False,251.16,0,0,34.63,-8.4,True,ACCELERATION_DECAY
2026-06-03T11:25:49.787876,RBLX,False,43.39,0,0,-1.48,3.93,True,LOST_20_SMA
2026-06-03T11:25:50.125694,REGN,False,621.24,0,0,-11.54,3.45,True,LOST_20_SMA
2026-06-03T11:25:50.471116,RKLB,False,115.4,0,0,46.52,-7.03,True,LOST_20_SMA
2026-06-03T11:25:50.825138,RTX,False,174.69,0,0,1.05,0.27,False,ACCELERATION_DECAY
2026-06-03T11:25:51.169669,SCHW,False,87.31,0,0,-5.51,-1.28,True,LOST_20_SMA
2026-06-03T11:25:51.509872,SHOP,False,113.7,0,0,5.64,13.9,False,ACCELERATION_DECAY
2026-06-03T11:25:51.852531,SLB,False,56.47,0,0,0.84,-0.83,True,ACCELERATION_DECAY
2026-06-03T11:25:52.194195,SNOW,False,246.09,0,0,73.66,-7.43,False,ACCELERATION_DECAY
2026-06-03T11:25:52.534927,SNPS,False,498.6,0,0,-0.78,-2.96,True,LOST_20_SMA
2026-06-03T11:25:52.874309,SOFI,False,16.84,0,0,5.12,-4.39,True,ACCELERATION_DECAY
2026-06-03T11:25:53.215078,SPGI,False,411.85,0,0,-2.84,-1.12,True,LOST_20_SMA
2026-06-03T11:25:53.552059,SYK,False,293.51,0,0,-0.59,-1.42,True,LOST_20_SMA
2026-06-03T11:25:53.954886,TMO,False,473.75,0,0,1.5,-2.71,True,ACCELERATION_DECAY
2026-06-03T11:25:54.364727,TSLA,False,423.36,0,0,8.73,0.77,False,ACCELERATION_DECAY
2026-06-03T11:25:54.704136,TT,False,464.68,0,0,-2.67,2.99,True,MOMENTUM_FAILURE
2026-06-03T11:25:55.043401,TTWO,False,215.81,0,0,-3.27,-2.03,True,LOST_20_SMA
2026-06-03T11:25:55.410438,UBER,False,70.73,0,0,-3.04,0.08,True,LOST_20_SMA
2026-06-03T11:25:55.756756,UNH,False,381.97,0,0,4.97,3.04,False,ACCELERATION_DECAY
2026-06-03T11:25:56.105259,URI,False,1049.33,0,0,12.35,4.83,False,ACCELERATION_DECAY
2026-06-03T11:25:56.452455,V,False,313.91,0,0,-2.52,0.39,True,LOST_20_SMA
2026-06-03T11:25:56.820257,VLO,False,262.83,0,0,3.7,1.07,False,ACCELERATION_DECAY
2026-06-03T11:25:57.160425,VRSN,False,297.29,0,0,7.8,-0.68,True,ACCELERATION_DECAY
2026-06-03T11:25:57.504221,VRTX,False,427.69,0,0,0.78,1.89,True,LOST_20_SMA
2026-06-03T11:25:57.966441,WMT,False,116.54,0,0,-10.9,2.36,True,LOST_20_SMA
2026-06-03T11:25:58.366416,XOM,False,153.52,0,0,-0.88,1.81,True,MOMENTUM_FAILURE
2026-06-03T11:25:58.714409,ZS,False,134.39,0,0,-4.93,-6.3,True,LOST_20_SMA
2026-06-03T11:30:59.191055,AAPL,False,309.35,0,0,8.86,-5.0,True,ACCELERATION_DECAY
2026-06-03T11:30:59.598671,ABBV,False,218.65,0,0,6.08,2.61,False,ACCELERATION_DECAY
2026-06-03T11:30:59.975044,ABNB,False,134.6,0,0,-3.67,-0.42,True,MOMENTUM_FAILURE
2026-06-03T11:31:00.324648,ADBE,False,256.41,0,0,0.31,-2.9,False,ACCELERATION_DECAY
2026-06-03T11:31:00.656352,ADSK,False,230.14,0,0,-7.73,-3.34,True,LOST_20_SMA
2026-06-03T11:31:01.341213,AMD,False,539.2,0,0,51.78,-0.93,True,ACCELERATION_DECAY
2026-06-03T11:31:01.675965,AMZN,False,248.79,0,0,-9.05,-3.34,True,LOST_20_SMA
2026-06-03T11:31:02.041710,ANET,False,176.12,0,0,3.47,1.9,False,ACCELERATION_DECAY
2026-06-03T11:31:02.381247,APO,False,124.88,0,0,-4.16,-3.83,True,LOST_20_SMA
2026-06-03T11:31:02.734968,APP,False,569.87,0,0,19.19,-8.31,True,ACCELERATION_DECAY
2026-06-03T11:31:03.096864,ARES,False,122.26,0,0,-0.57,-7.49,True,LOST_20_SMA
2026-06-03T11:31:03.780878,ASML,False,1731.67,0,0,20.01,-3.01,True,ACCELERATION_DECAY
2026-06-03T11:31:04.137213,AXP,False,303.74,0,0,-3.86,-1.28,True,LOST_20_SMA
2026-06-03T11:31:04.497290,BA,False,213.69,0,0,-4.76,-3.14,True,LOST_20_SMA
2026-06-03T11:31:05.180213,BKNG,False,165.34,0,0,-1.37,-2.35,True,MOMENTUM_FAILURE
2026-06-03T11:31:05.548472,BLK,False,987.7,0,0,-5.84,-2.67,True,LOST_20_SMA
2026-06-03T11:31:05.884540,BSX,False,47.59,0,0,-14.99,1.14,True,LOST_20_SMA
2026-06-03T11:31:06.217407,BX,False,109.07,0,0,-11.12,-4.48,True,LOST_20_SMA
2026-06-03T11:31:06.558172,CAT,False,924.08,0,0,2.15,-1.85,True,ACCELERATION_DECAY
2026-06-03T11:31:06.892830,CAVA,False,70.89,0,0,-21.53,-2.75,True,LOST_20_SMA
2026-06-03T11:31:07.232366,CDNS,False,406.37,0,0,14.91,-4.22,True,ACCELERATION_DECAY
2026-06-03T11:31:07.565974,CELH,False,30.11,0,0,-10.17,-1.15,True,LOST_20_SMA
2026-06-03T11:31:07.915632,CME,False,253.46,0,0,-11.63,2.07,True,LOST_20_SMA
2026-06-03T11:31:08.275797,CMG,False,28.97,0,0,-10.34,-1.83,True,LOST_20_SMA
2026-06-03T11:31:08.623536,COIN,False,165.33,0,0,-16.39,-2.11,True,LOST_20_SMA
2026-06-03T11:31:09.036704,COP,False,118.61,0,0,-3.82,2.62,True,MOMENTUM_FAILURE
2026-06-03T11:31:09.410971,COST,False,961.36,0,0,-5.42,0.36,True,LOST_20_SMA
2026-06-03T11:31:09.796454,CRM,False,191.21,0,0,2.26,-6.02,True,ACCELERATION_DECAY
2026-06-03T11:31:10.151519,CRWD,False,749.89,0,0,57.36,-6.51,True,ACCELERATION_DECAY
2026-06-03T11:31:10.513964,CVX,False,190.13,0,0,-1.3,1.16,True,MOMENTUM_FAILURE
2026-06-03T11:31:10.860246,DDOG,False,248.72,0,0,70.67,-12.8,True,ACCELERATION_DECAY
2026-06-03T11:31:11.202445,DE,False,589.16,0,0,2.32,2.17,False,ACCELERATION_DECAY
2026-06-03T11:31:11.551779,DELL,False,418.99,0,0,93.69,-11.99,True,ACCELERATION_DECAY
2026-06-03T11:31:11.933051,DHR,False,177.37,0,0,1.57,0.38,False,ACCELERATION_DECAY
2026-06-03T11:31:12.294475,DUOL,False,105.69,0,0,1.6,1.85,True,LOST_20_SMA
2026-06-03T11:31:12.647677,EOG,False,141.84,0,0,0.72,2.86,False,ACCELERATION_DECAY
2026-06-03T11:31:13.007742,ETN,False,420.14,0,0,2.26,3.4,False,ACCELERATION_DECAY
2026-06-03T11:31:13.700197,FICO,False,1168.74,0,0,9.61,-8.47,True,ACCELERATION_DECAY
2026-06-03T11:31:14.071214,FTNT,False,146.5,0,0,62.92,-3.89,True,ACCELERATION_DECAY
2026-06-03T11:31:14.423270,GD,False,340.15,0,0,-2.58,0.71,True,MOMENTUM_FAILURE
2026-06-03T11:31:14.782467,GE,False,318.27,0,0,11.02,-2.24,True,ACCELERATION_DECAY
2026-06-03T11:31:15.122167,GOOG,False,355.78,0,0,-7.41,-1.82,True,LOST_20_SMA
2026-06-03T11:31:15.461591,GOOGL,False,359.46,0,0,-7.46,-1.87,True,LOST_20_SMA
2026-06-03T11:31:15.860010,GS,False,1047.73,0,0,14.02,-3.84,True,ACCELERATION_DECAY
2026-06-03T11:31:16.206879,HD,False,312.02,0,0,-1.08,-0.79,True,MOMENTUM_FAILURE
2026-06-03T11:31:16.553710,HIMS,False,27.71,0,0,5.24,4.36,False,ACCELERATION_DECAY
2026-06-03T11:31:16.898349,HON,False,230.59,0,0,10.3,-1.93,True,ACCELERATION_DECAY
2026-06-03T11:31:17.260884,HOOD,False,83.77,0,0,8.75,-6.42,True,ACCELERATION_DECAY
2026-06-03T11:31:17.610952,ICE,False,139.47,0,0,-10.18,-1.19,True,LOST_20_SMA
2026-06-03T11:31:17.966956,INTC,False,112.09,0,0,3.64,-9.04,True,LOST_20_SMA
2026-06-03T11:31:18.397831,INTU,False,312.09,0,0,-21.65,-0.8,True,LOST_20_SMA
2026-06-03T11:31:18.735535,ISRG,False,404.58,0,0,-10.37,0.7,True,LOST_20_SMA
2026-06-03T11:31:19.071196,JPM,False,301.73,0,0,-2.48,-0.3,True,MOMENTUM_FAILURE
2026-06-03T11:31:19.452174,KKR,False,90.37,0,0,-11.4,-2.81,True,LOST_20_SMA
2026-06-03T11:31:19.872341,KLAC,False,2116.61,0,0,22.14,2.77,False,ACCELERATION_DECAY
2026-06-03T11:31:20.214968,LIN,False,506.6,0,0,1.26,0.78,False,ACCELERATION_DECAY
2026-06-03T11:31:20.573726,LLY,False,1088.0,0,0,10.02,0.08,False,ACCELERATION_DECAY
2026-06-03T11:31:20.921578,LMT,False,517.53,0,0,1.69,2.6,False,ACCELERATION_DECAY
2026-06-03T11:31:21.253550,LRCX,False,342.05,0,0,24.02,-5.31,True,ACCELERATION_DECAY
2026-06-03T11:31:21.603322,LULU,False,125.88,0,0,-3.33,-1.38,True,MOMENTUM_FAILURE
2026-06-03T11:31:21.944693,MA,False,472.64,0,0,-4.92,0.44,True,LOST_20_SMA
2026-06-03T11:31:22.286910,MCD,False,274.86,0,0,-3.62,-0.89,True,LOST_20_SMA
2026-06-03T11:31:22.631902,MCO,False,448.37,0,0,-1.36,-2.26,True,MOMENTUM_FAILURE
2026-06-03T11:31:22.973344,MDB,False,371.34,0,0,39.25,-11.29,True,ACCELERATION_DECAY
2026-06-03T11:31:23.334437,META,False,621.55,0,0,2.74,4.84,False,ACCELERATION_DECAY
2026-06-03T11:31:23.670815,MPC,False,269.9,0,0,3.6,-0.56,True,ACCELERATION_DECAY
2026-06-03T11:31:24.037043,MS,False,211.24,0,0,11.62,-2.73,True,ACCELERATION_DECAY
2026-06-03T11:31:24.404211,MSFT,False,427.3,0,0,3.87,-2.82,True,ACCELERATION_DECAY
2026-06-03T11:31:24.753051,MU,False,1067.57,0,0,66.76,-17.84,True,ACCELERATION_DECAY
2026-06-03T11:31:25.091136,NET,False,266.3,0,0,8.95,-12.68,True,ACCELERATION_DECAY
2026-06-03T11:31:25.433933,NFLX,False,81.51,0,0,-7.26,1.19,True,LOST_20_SMA
2026-06-03T11:31:25.767341,NOC,False,532.38,0,0,-4.69,0.67,True,LOST_20_SMA
2026-06-03T11:31:26.106475,NOW,False,120.26,0,0,30.7,-8.09,True,ACCELERATION_DECAY
2026-06-03T11:31:26.450113,NUE,False,258.05,0,0,11.19,-3.26,True,ACCELERATION_DECAY
2026-06-03T11:31:26.790647,NVDA,False,215.33,0,0,9.58,-2.68,True,LOST_20_SMA
2026-06-03T11:31:27.134315,ODFL,False,233.11,0,0,18.89,-0.32,True,ACCELERATION_DECAY
2026-06-03T11:31:27.536772,ORCL,False,230.59,0,0,24.41,-11.25,True,ACCELERATION_DECAY
2026-06-03T11:31:27.873022,PANW,False,279.92,0,0,52.15,-8.87,True,ACCELERATION_DECAY
2026-06-03T11:31:28.220432,PH,False,854.43,0,0,-2.09,1.53,True,LOST_20_SMA
2026-06-03T11:31:28.572724,PLTR,False,142.84,0,0,5.1,0.89,False,ACCELERATION_DECAY
2026-06-03T11:31:28.915890,PWR,False,718.29,0,0,-6.91,-0.14,True,LOST_20_SMA
2026-06-03T11:31:29.276078,PYPL,False,42.71,0,0,-8.13,3.5,True,LOST_20_SMA
2026-06-03T11:31:29.671775,QCOM,False,250.19,0,0,34.11,-8.92,True,ACCELERATION_DECAY
2026-06-03T11:31:30.003021,RBLX,False,43.6,0,0,-1.0,4.4,True,LOST_20_SMA
2026-06-03T11:31:30.341999,REGN,False,620.94,0,0,-11.58,3.41,True,LOST_20_SMA
2026-06-03T11:31:30.682954,RKLB,False,115.01,0,0,46.03,-7.53,True,LOST_20_SMA
2026-06-03T11:31:31.022439,RTX,False,174.67,0,0,1.04,0.25,False,ACCELERATION_DECAY
2026-06-03T11:31:31.355470,SCHW,False,87.31,0,0,-5.51,-1.28,True,LOST_20_SMA
2026-06-03T11:31:31.695670,SHOP,False,113.7,0,0,5.64,13.9,False,ACCELERATION_DECAY
2026-06-03T11:31:32.043187,SLB,False,56.31,0,0,0.55,-1.12,True,ACCELERATION_DECAY
2026-06-03T11:31:32.380189,SNOW,False,246.01,0,0,73.6,-7.48,False,ACCELERATION_DECAY
2026-06-03T11:31:32.754250,SNPS,False,499.11,0,0,-0.68,-2.86,True,LOST_20_SMA
2026-06-03T11:31:33.091570,SOFI,False,16.84,0,0,5.12,-4.39,True,ACCELERATION_DECAY
2026-06-03T11:31:33.433792,SPGI,False,412.03,0,0,-2.79,-1.08,True,LOST_20_SMA
2026-06-03T11:31:33.782714,SYK,False,293.6,0,0,-0.56,-1.39,True,LOST_20_SMA
2026-06-03T11:31:34.133090,TMO,False,473.91,0,0,1.53,-2.68,True,ACCELERATION_DECAY
2026-06-03T11:31:34.473908,TSLA,False,423.28,0,0,8.71,0.75,False,ACCELERATION_DECAY
2026-06-03T11:31:34.831820,TT,False,464.64,0,0,-2.68,2.99,True,MOMENTUM_FAILURE
2026-06-03T11:31:35.171369,TTWO,False,216.03,0,0,-3.17,-1.93,True,LOST_20_SMA
2026-06-03T11:31:35.501235,UBER,False,70.82,0,0,-2.92,0.2,True,LOST_20_SMA
2026-06-03T11:31:35.848078,UNH,False,381.88,0,0,4.95,3.02,False,ACCELERATION_DECAY
2026-06-03T11:31:36.186126,URI,False,1049.24,0,0,12.34,4.82,False,ACCELERATION_DECAY
2026-06-03T11:31:36.537868,V,False,314.06,0,0,-2.47,0.44,True,LOST_20_SMA
2026-06-03T11:31:36.878010,VLO,False,262.79,0,0,3.69,1.05,False,ACCELERATION_DECAY
2026-06-03T11:31:37.217791,VRSN,False,297.45,0,0,7.86,-0.62,True,ACCELERATION_DECAY
2026-06-03T11:31:37.555818,VRTX,False,427.51,0,0,0.74,1.85,True,LOST_20_SMA
2026-06-03T11:31:37.983376,WMT,False,116.55,0,0,-10.89,2.36,True,LOST_20_SMA
2026-06-03T11:31:38.322364,XOM,False,153.39,0,0,-0.96,1.73,True,MOMENTUM_FAILURE
2026-06-03T11:31:38.659612,ZS,False,134.61,0,0,-4.78,-6.15,True,LOST_20_SMA
2026-06-03T11:36:39.128376,AAPL,False,309.48,0,0,8.9,-4.96,True,ACCELERATION_DECAY
2026-06-03T11:36:39.464833,ABBV,False,218.62,0,0,6.07,2.59,False,ACCELERATION_DECAY
2026-06-03T11:36:39.874863,ABNB,False,134.53,0,0,-3.72,-0.47,True,MOMENTUM_FAILURE
2026-06-03T11:36:40.213379,ADBE,False,256.08,0,0,0.18,-3.03,False,ACCELERATION_DECAY
2026-06-03T11:36:40.552700,ADSK,False,229.75,0,0,-7.89,-3.49,True,LOST_20_SMA
2026-06-03T11:36:41.304235,AMD,False,541.21,0,0,52.34,-0.36,True,ACCELERATION_DECAY
2026-06-03T11:36:41.644290,AMZN,False,248.87,0,0,-9.02,-3.31,True,LOST_20_SMA
2026-06-03T11:36:41.985392,ANET,False,176.4,0,0,3.63,2.06,False,ACCELERATION_DECAY
2026-06-03T11:36:42.324134,APO,False,124.75,0,0,-4.26,-3.93,True,LOST_20_SMA
2026-06-03T11:36:42.658389,APP,False,567.7,0,0,18.74,-8.76,True,ACCELERATION_DECAY
2026-06-03T11:36:43.035215,ARES,False,122.32,0,0,-0.52,-7.44,True,LOST_20_SMA
2026-06-03T11:36:43.709029,ASML,False,1731.89,0,0,20.03,-3.0,True,ACCELERATION_DECAY
2026-06-03T11:36:44.044396,AXP,False,303.56,0,0,-3.92,-1.34,True,LOST_20_SMA
2026-06-03T11:36:44.394924,BA,False,213.34,0,0,-4.92,-3.29,True,LOST_20_SMA
2026-06-03T11:36:45.080013,BKNG,False,165.19,0,0,-1.46,-2.44,True,MOMENTUM_FAILURE
2026-06-03T11:36:45.422670,BLK,False,988.68,0,0,-5.74,-2.58,True,LOST_20_SMA
2026-06-03T11:36:45.760416,BSX,False,47.63,0,0,-14.92,1.21,True,LOST_20_SMA
2026-06-03T11:36:46.124911,BX,False,108.93,0,0,-11.24,-4.59,True,LOST_20_SMA
2026-06-03T11:36:46.470124,CAT,False,924.35,0,0,2.18,-1.82,True,ACCELERATION_DECAY
2026-06-03T11:36:46.810122,CAVA,False,70.71,0,0,-21.73,-2.95,True,LOST_20_SMA
2026-06-03T11:36:47.151095,CDNS,False,405.78,0,0,14.75,-4.39,True,ACCELERATION_DECAY
2026-06-03T11:36:47.554554,CELH,False,30.01,0,0,-10.47,-1.45,True,LOST_20_SMA
2026-06-03T11:36:47.909829,CME,False,253.63,0,0,-11.57,2.12,True,LOST_20_SMA
2026-06-03T11:36:48.255883,CMG,False,28.92,0,0,-10.49,-1.99,True,LOST_20_SMA
2026-06-03T11:36:48.588875,COIN,False,165.29,0,0,-16.41,-2.13,True,LOST_20_SMA
2026-06-03T11:36:48.939513,COP,False,118.47,0,0,-3.93,2.5,True,MOMENTUM_FAILURE
2026-06-03T11:36:49.278593,COST,False,959.66,0,0,-5.58,0.19,True,LOST_20_SMA
2026-06-03T11:36:49.616534,CRM,False,191.11,0,0,2.2,-6.08,True,ACCELERATION_DECAY
2026-06-03T11:36:49.954753,CRWD,False,751.7,0,0,57.74,-6.13,True,ACCELERATION_DECAY
2026-06-03T11:36:50.296591,CVX,False,189.79,0,0,-1.48,0.98,True,MOMENTUM_FAILURE
2026-06-03T11:36:50.635740,DDOG,False,248.92,0,0,70.81,-12.66,True,ACCELERATION_DECAY
2026-06-03T11:36:50.978305,DE,False,589.3,0,0,2.35,2.2,False,ACCELERATION_DECAY
2026-06-03T11:36:51.311875,DELL,False,419.15,0,0,93.76,-11.92,True,ACCELERATION_DECAY
2026-06-03T11:36:51.653975,DHR,False,177.61,0,0,1.71,0.52,False,ACCELERATION_DECAY
2026-06-03T11:36:51.990662,DUOL,False,105.64,0,0,1.55,1.8,True,LOST_20_SMA
2026-06-03T11:36:52.358893,EOG,False,141.69,0,0,0.62,2.76,False,ACCELERATION_DECAY
2026-06-03T11:36:52.701638,ETN,False,420.34,0,0,2.31,3.45,False,ACCELERATION_DECAY
2026-06-03T11:36:53.381533,FICO,False,1167.24,0,0,9.47,-8.61,True,LOST_20_SMA
2026-06-03T11:36:53.724117,FTNT,False,146.63,0,0,63.07,-3.74,True,ACCELERATION_DECAY
2026-06-03T11:36:54.057695,GD,False,339.97,0,0,-2.63,0.65,True,MOMENTUM_FAILURE
2026-06-03T11:36:54.402911,GE,False,318.87,0,0,11.23,-2.03,True,ACCELERATION_DECAY
2026-06-03T11:36:54.752704,GOOG,False,355.76,0,0,-7.42,-1.82,True,LOST_20_SMA
2026-06-03T11:36:55.095068,GOOGL,False,359.41,0,0,-7.47,-1.89,True,LOST_20_SMA
2026-06-03T11:36:55.442529,GS,False,1047.65,0,0,14.01,-3.85,True,ACCELERATION_DECAY
2026-06-03T11:36:55.811267,HD,False,311.92,0,0,-1.11,-0.82,True,MOMENTUM_FAILURE
2026-06-03T11:36:56.150390,HIMS,False,27.87,0,0,5.85,4.97,False,ACCELERATION_DECAY
2026-06-03T11:36:56.488637,HON,False,230.35,0,0,10.18,-2.05,True,ACCELERATION_DECAY
2026-06-03T11:36:56.823726,HOOD,False,83.82,0,0,8.81,-6.35,True,ACCELERATION_DECAY
2026-06-03T11:36:57.164408,ICE,False,139.33,0,0,-10.27,-1.28,True,LOST_20_SMA
2026-06-03T11:36:57.567538,INTC,False,112.59,0,0,4.11,-8.58,True,LOST_20_SMA
2026-06-03T11:36:57.909868,INTU,False,312.13,0,0,-21.64,-0.79,True,LOST_20_SMA
2026-06-03T11:36:58.243559,ISRG,False,404.15,0,0,-10.46,0.6,True,LOST_20_SMA
2026-06-03T11:36:58.616193,JPM,False,301.64,0,0,-2.51,-0.33,True,MOMENTUM_FAILURE
2026-06-03T11:36:58.956526,KKR,False,90.26,0,0,-11.51,-2.92,True,LOST_20_SMA
2026-06-03T11:36:59.292584,KLAC,False,2121.97,0,0,22.45,3.08,False,ACCELERATION_DECAY
2026-06-03T11:36:59.640187,LIN,False,506.87,0,0,1.32,0.84,False,ACCELERATION_DECAY
2026-06-03T11:36:59.970847,LLY,False,1089.03,0,0,10.13,0.19,False,ACCELERATION_DECAY
2026-06-03T11:37:00.308086,LMT,False,517.33,0,0,1.65,2.56,False,ACCELERATION_DECAY
2026-06-03T11:37:00.645145,LRCX,False,342.64,0,0,24.23,-5.1,True,ACCELERATION_DECAY
2026-06-03T11:37:00.982731,LULU,False,125.56,0,0,-3.57,-1.63,True,MOMENTUM_FAILURE
2026-06-03T11:37:01.325428,MA,False,472.44,0,0,-4.96,0.4,True,LOST_20_SMA
2026-06-03T11:37:01.667691,MCD,False,274.85,0,0,-3.62,-0.89,True,LOST_20_SMA
2026-06-03T11:37:02.008248,MCO,False,448.81,0,0,-1.26,-2.16,True,MOMENTUM_FAILURE
2026-06-03T11:37:02.344591,MDB,False,370.77,0,0,39.03,-11.51,True,ACCELERATION_DECAY
2026-06-03T11:37:02.692259,META,False,622.94,0,0,2.97,5.07,False,ACCELERATION_DECAY
2026-06-03T11:37:03.034999,MPC,False,269.6,0,0,3.49,-0.68,True,ACCELERATION_DECAY
2026-06-03T11:37:03.381123,MS,False,211.12,0,0,11.56,-2.79,True,ACCELERATION_DECAY
2026-06-03T11:37:03.721961,MSFT,False,427.58,0,0,3.94,-2.76,True,ACCELERATION_DECAY
2026-06-03T11:37:04.058906,MU,False,1068.83,0,0,66.95,-17.64,True,ACCELERATION_DECAY
2026-06-03T11:37:04.397104,NET,False,266.88,0,0,9.18,-12.45,True,ACCELERATION_DECAY
2026-06-03T11:37:04.736507,NFLX,False,81.46,0,0,-7.32,1.13,True,LOST_20_SMA
2026-06-03T11:37:05.088661,NOC,False,531.2,0,0,-4.91,0.46,True,LOST_20_SMA
2026-06-03T11:37:05.428417,NOW,False,120.19,0,0,30.63,-8.17,True,ACCELERATION_DECAY
2026-06-03T11:37:05.778752,NUE,False,258.02,0,0,11.18,-3.28,True,ACCELERATION_DECAY
2026-06-03T11:37:06.126599,NVDA,False,215.93,0,0,9.89,-2.38,True,LOST_20_SMA
2026-06-03T11:37:06.463987,ODFL,False,233.55,0,0,19.11,-0.09,True,ACCELERATION_DECAY
2026-06-03T11:37:06.808999,ORCL,False,231.26,0,0,24.77,-10.89,True,ACCELERATION_DECAY
2026-06-03T11:37:07.152711,PANW,False,280.73,0,0,52.59,-8.43,True,ACCELERATION_DECAY
2026-06-03T11:37:07.548952,PH,False,854.85,0,0,-2.04,1.58,True,LOST_20_SMA
2026-06-03T11:37:08.010612,PLTR,False,142.9,0,0,5.14,0.94,False,ACCELERATION_DECAY
2026-06-03T11:37:08.589702,PWR,False,719.62,0,0,-6.74,0.03,True,LOST_20_SMA
2026-06-03T11:37:09.005601,PYPL,False,42.7,0,0,-8.15,3.48,True,LOST_20_SMA
2026-06-03T11:37:09.444432,QCOM,False,250.37,0,0,34.21,-8.82,True,ACCELERATION_DECAY
2026-06-03T11:37:10.052964,RBLX,False,43.64,0,0,-0.91,4.49,True,LOST_20_SMA
2026-06-03T11:37:10.673014,REGN,False,621.08,0,0,-11.56,3.43,True,LOST_20_SMA
2026-06-03T11:37:11.283950,RKLB,False,115.36,0,0,46.47,-7.08,True,LOST_20_SMA
2026-06-03T11:37:11.793376,RTX,False,174.6,0,0,1.0,0.21,True,LOST_20_SMA
2026-06-03T11:37:12.147397,SCHW,False,87.29,0,0,-5.53,-1.3,True,LOST_20_SMA
2026-06-03T11:37:12.475635,SHOP,False,113.71,0,0,5.65,13.91,False,ACCELERATION_DECAY
2026-06-03T11:37:12.831708,SLB,False,56.34,0,0,0.61,-1.06,True,ACCELERATION_DECAY
2026-06-03T11:37:13.175711,SNOW,False,245.88,0,0,73.51,-7.57,False,ACCELERATION_DECAY
2026-06-03T11:37:13.507088,SNPS,False,499.74,0,0,-0.55,-2.73,True,LOST_20_SMA
2026-06-03T11:37:13.843201,SOFI,False,16.85,0,0,5.18,-4.33,True,ACCELERATION_DECAY
2026-06-03T11:37:14.329370,SPGI,False,412.23,0,0,-2.75,-1.03,True,LOST_20_SMA
2026-06-03T11:37:14.717254,SYK,False,293.46,0,0,-0.61,-1.44,True,LOST_20_SMA
2026-06-03T11:37:15.048151,TMO,False,474.21,0,0,1.6,-2.61,True,ACCELERATION_DECAY
2026-06-03T11:37:15.422209,TSLA,False,423.52,0,0,8.77,0.81,False,ACCELERATION_DECAY
2026-06-03T11:37:15.765774,TT,False,464.98,0,0,-2.61,3.06,True,MOMENTUM_FAILURE
2026-06-03T11:37:16.105190,TTWO,False,216.04,0,0,-3.17,-1.93,True,LOST_20_SMA
2026-06-03T11:37:16.443781,UBER,False,70.69,0,0,-3.1,0.03,True,LOST_20_SMA
2026-06-03T11:37:16.780507,UNH,False,381.93,0,0,4.96,3.03,False,ACCELERATION_DECAY
2026-06-03T11:37:17.109811,URI,False,1050.66,0,0,12.5,4.97,False,ACCELERATION_DECAY
2026-06-03T11:37:17.446760,V,False,314.13,0,0,-2.45,0.46,True,LOST_20_SMA
2026-06-03T11:37:17.797012,VLO,False,262.2,0,0,3.45,0.82,False,ACCELERATION_DECAY
2026-06-03T11:37:18.129759,VRSN,False,296.38,0,0,7.47,-1.01,True,ACCELERATION_DECAY
2026-06-03T11:37:18.462623,VRTX,False,427.49,0,0,0.74,1.84,True,LOST_20_SMA
2026-06-03T11:37:18.894873,WMT,False,116.47,0,0,-10.95,2.3,True,LOST_20_SMA
2026-06-03T11:37:19.234484,XOM,False,153.14,0,0,-1.12,1.56,True,MOMENTUM_FAILURE
2026-06-03T11:37:19.567262,ZS,False,135.16,0,0,-4.39,-5.76,True,LOST_20_SMA
2026-06-03T11:42:20.037384,AAPL,False,309.93,0,0,9.06,-4.8,True,ACCELERATION_DECAY
2026-06-03T11:42:20.412139,ABBV,False,218.8,0,0,6.16,2.68,False,ACCELERATION_DECAY
2026-06-03T11:42:20.805605,ABNB,False,134.43,0,0,-3.79,-0.55,True,MOMENTUM_FAILURE
2026-06-03T11:42:21.147080,ADBE,False,256.33,0,0,0.28,-2.93,False,ACCELERATION_DECAY
2026-06-03T11:42:21.478598,ADSK,False,229.79,0,0,-7.87,-3.48,True,LOST_20_SMA
2026-06-03T11:42:22.149385,AMD,False,543.4,0,0,52.96,0.26,False,ACCELERATION_DECAY
2026-06-03T11:42:22.490800,AMZN,False,249.15,0,0,-8.92,-3.21,True,LOST_20_SMA
2026-06-03T11:42:22.851334,ANET,False,177.12,0,0,4.05,2.48,False,ACCELERATION_DECAY
2026-06-03T11:42:23.210644,APO,False,124.82,0,0,-4.21,-3.87,True,LOST_20_SMA
2026-06-03T11:42:23.573457,APP,False,569.25,0,0,19.06,-8.44,True,ACCELERATION_DECAY
2026-06-03T11:42:23.925812,ARES,False,122.62,0,0,-0.28,-7.19,True,LOST_20_SMA
2026-06-03T11:42:24.634211,ASML,False,1736.62,0,0,20.35,-2.67,True,ACCELERATION_DECAY
2026-06-03T11:42:24.982127,AXP,False,303.74,0,0,-3.86,-1.28,True,LOST_20_SMA
2026-06-03T11:42:25.359255,BA,False,213.43,0,0,-4.88,-3.25,True,LOST_20_SMA
2026-06-03T11:42:26.078806,BKNG,False,165.13,0,0,-1.49,-2.48,True,MOMENTUM_FAILURE
2026-06-03T11:42:26.493212,BLK,False,989.5,0,0,-5.66,-2.5,True,LOST_20_SMA
2026-06-03T11:42:26.850385,BSX,False,47.63,0,0,-14.92,1.21,True,LOST_20_SMA
2026-06-03T11:42:27.198116,BX,False,109.1,0,0,-11.1,-4.45,True,LOST_20_SMA
2026-06-03T11:42:27.612895,CAT,False,925.73,0,0,2.34,-1.67,True,ACCELERATION_DECAY
2026-06-03T11:42:27.952841,CAVA,False,70.69,0,0,-21.75,-2.97,True,LOST_20_SMA
2026-06-03T11:42:28.281140,CDNS,False,406.37,0,0,14.91,-4.22,True,ACCELERATION_DECAY
2026-06-03T11:42:28.661511,CELH,False,29.96,0,0,-10.62,-1.59,True,LOST_20_SMA
2026-06-03T11:42:29.021889,CME,False,253.5,0,0,-11.62,2.08,True,LOST_20_SMA
2026-06-03T11:42:29.364311,CMG,False,28.91,0,0,-10.52,-2.02,True,LOST_20_SMA
2026-06-03T11:42:29.707562,COIN,False,165.79,0,0,-16.16,-1.88,True,LOST_20_SMA
2026-06-03T11:42:30.045072,COP,False,118.35,0,0,-4.03,2.41,True,MOMENTUM_FAILURE
2026-06-03T11:42:30.378233,COST,False,958.81,0,0,-5.67,0.11,True,LOST_20_SMA
2026-06-03T11:42:30.758269,CRM,False,191.15,0,0,2.22,-6.06,True,ACCELERATION_DECAY
2026-06-03T11:42:31.157488,CRWD,False,752.54,0,0,57.92,-5.95,True,ACCELERATION_DECAY
2026-06-03T11:42:31.579535,CVX,False,189.53,0,0,-1.61,0.85,True,MOMENTUM_FAILURE
2026-06-03T11:42:31.920975,DDOG,False,248.94,0,0,70.82,-12.65,True,ACCELERATION_DECAY
2026-06-03T11:42:32.259200,DE,False,588.67,0,0,2.24,2.09,False,ACCELERATION_DECAY
2026-06-03T11:42:32.600222,DELL,False,421.04,0,0,94.64,-11.05,True,ACCELERATION_DECAY
2026-06-03T11:42:32.959483,DHR,False,178.05,0,0,1.96,0.77,False,ACCELERATION_DECAY
2026-06-03T11:42:33.296961,DUOL,False,105.9,0,0,1.8,2.05,True,LOST_20_SMA
2026-06-03T11:42:33.636969,EOG,False,141.62,0,0,0.57,2.71,False,ACCELERATION_DECAY
2026-06-03T11:42:33.989958,ETN,False,420.58,0,0,2.37,3.51,False,ACCELERATION_DECAY
2026-06-03T11:42:34.703618,FICO,False,1167.82,0,0,9.52,-8.55,True,LOST_20_SMA
2026-06-03T11:42:35.051587,FTNT,False,146.72,0,0,63.17,-3.64,True,ACCELERATION_DECAY
2026-06-03T11:42:35.390303,GD,False,340.1,0,0,-2.59,0.69,True,MOMENTUM_FAILURE
2026-06-03T11:42:35.865375,GE,False,319.03,0,0,11.28,-1.98,True,ACCELERATION_DECAY
2026-06-03T11:42:36.209840,GOOG,False,355.93,0,0,-7.38,-1.78,True,LOST_20_SMA
2026-06-03T11:42:36.552476,GOOGL,False,359.59,0,0,-7.42,-1.84,True,LOST_20_SMA
2026-06-03T11:42:36.895464,GS,False,1048.32,0,0,14.09,-3.77,True,ACCELERATION_DECAY
2026-06-03T11:42:37.259447,HD,False,311.67,0,0,-1.19,-0.9,True,MOMENTUM_FAILURE
2026-06-03T11:42:37.674223,HIMS,False,27.99,0,0,6.3,5.42,False,ACCELERATION_DECAY
2026-06-03T11:42:38.025323,HON,False,230.24,0,0,10.13,-2.1,True,ACCELERATION_DECAY
2026-06-03T11:42:38.363169,HOOD,False,83.87,0,0,8.88,-6.29,True,ACCELERATION_DECAY
2026-06-03T11:42:38.697957,ICE,False,139.19,0,0,-10.36,-1.37,True,LOST_20_SMA
2026-06-03T11:42:39.040700,INTC,False,112.75,0,0,4.25,-8.43,True,LOST_20_SMA
2026-06-03T11:42:39.380297,INTU,False,312.03,0,0,-21.66,-0.82,True,LOST_20_SMA
2026-06-03T11:42:39.741602,ISRG,False,404.41,0,0,-10.41,0.66,True,LOST_20_SMA
2026-06-03T11:42:40.128764,JPM,False,301.73,0,0,-2.48,-0.3,True,MOMENTUM_FAILURE
2026-06-03T11:42:40.468786,KKR,False,90.43,0,0,-11.34,-2.75,True,LOST_20_SMA
2026-06-03T11:42:40.830281,KLAC,False,2127.01,0,0,22.74,3.37,False,ACCELERATION_DECAY
2026-06-03T11:42:41.227171,LIN,False,506.79,0,0,1.3,0.82,False,ACCELERATION_DECAY
2026-06-03T11:42:41.573285,LLY,False,1090.12,0,0,10.24,0.3,False,ACCELERATION_DECAY
2026-06-03T11:42:41.931658,LMT,False,517.03,0,0,1.59,2.5,False,ACCELERATION_DECAY
2026-06-03T11:42:42.277356,LRCX,False,343.55,0,0,24.56,-4.77,True,ACCELERATION_DECAY
2026-06-03T11:42:42.627449,LULU,False,125.56,0,0,-3.57,-1.63,True,MOMENTUM_FAILURE
2026-06-03T11:42:43.019253,MA,False,472.29,0,0,-4.99,0.37,True,LOST_20_SMA
2026-06-03T11:42:43.393880,MCD,False,274.67,0,0,-3.68,-0.96,True,LOST_20_SMA
2026-06-03T11:42:43.743478,MCO,False,448.81,0,0,-1.26,-2.16,True,MOMENTUM_FAILURE
2026-06-03T11:42:44.074780,MDB,False,371.25,0,0,39.21,-11.33,True,ACCELERATION_DECAY
2026-06-03T11:42:44.409975,META,False,622.92,0,0,2.97,5.06,False,ACCELERATION_DECAY
2026-06-03T11:42:44.760837,MPC,False,269.17,0,0,3.32,-0.84,True,ACCELERATION_DECAY
2026-06-03T11:42:45.114005,MS,False,211.32,0,0,11.66,-2.68,True,ACCELERATION_DECAY
2026-06-03T11:42:45.465619,MSFT,False,428.03,0,0,4.05,-2.65,True,ACCELERATION_DECAY
2026-06-03T11:42:45.849946,MU,False,1071.05,0,0,67.3,-17.3,True,ACCELERATION_DECAY
2026-06-03T11:42:46.215022,NET,False,266.7,0,0,9.11,-12.52,True,ACCELERATION_DECAY
2026-06-03T11:42:46.581497,NFLX,False,81.44,0,0,-7.34,1.11,True,LOST_20_SMA
2026-06-03T11:42:46.927488,NOC,False,531.06,0,0,-4.93,0.43,True,LOST_20_SMA
2026-06-03T11:42:47.268285,NOW,False,120.34,0,0,30.79,-8.01,True,ACCELERATION_DECAY
2026-06-03T11:42:47.752408,NUE,False,258.56,0,0,11.41,-3.04,True,ACCELERATION_DECAY
2026-06-03T11:42:48.092828,NVDA,False,215.95,0,0,9.9,-2.36,True,LOST_20_SMA
2026-06-03T11:42:48.493854,ODFL,False,233.69,0,0,19.18,-0.02,True,ACCELERATION_DECAY
2026-06-03T11:42:48.835050,ORCL,False,232.04,0,0,25.19,-10.47,True,ACCELERATION_DECAY
2026-06-03T11:42:49.179492,PANW,False,280.89,0,0,52.67,-8.35,True,ACCELERATION_DECAY
2026-06-03T11:42:49.526896,PH,False,854.78,0,0,-2.05,1.57,True,LOST_20_SMA
2026-06-03T11:42:49.864453,PLTR,False,142.92,0,0,5.16,0.95,False,ACCELERATION_DECAY
2026-06-03T11:42:50.217900,PWR,False,720.11,0,0,-6.67,0.1,True,LOST_20_SMA
2026-06-03T11:42:50.557670,PYPL,False,42.7,0,0,-8.15,3.48,True,LOST_20_SMA
2026-06-03T11:42:50.975399,QCOM,False,251.06,0,0,34.58,-8.45,True,ACCELERATION_DECAY
2026-06-03T11:42:51.323427,RBLX,False,43.69,0,0,-0.79,4.61,True,LOST_20_SMA
2026-06-03T11:42:51.700374,REGN,False,620.93,0,0,-11.58,3.4,True,LOST_20_SMA
2026-06-03T11:42:52.040695,RKLB,False,115.82,0,0,47.05,-6.5,True,LOST_20_SMA
2026-06-03T11:42:52.389157,RTX,False,174.63,0,0,1.02,0.23,False,ACCELERATION_DECAY
2026-06-03T11:42:52.749927,SCHW,False,87.38,0,0,-5.43,-1.2,True,LOST_20_SMA
2026-06-03T11:42:53.113531,SHOP,False,113.66,0,0,5.6,13.87,False,ACCELERATION_DECAY
2026-06-03T11:42:53.477066,SLB,False,56.36,0,0,0.64,-1.03,True,ACCELERATION_DECAY
2026-06-03T11:42:53.828193,SNOW,False,245.76,0,0,73.42,-7.66,False,ACCELERATION_DECAY
2026-06-03T11:42:54.175522,SNPS,False,500.39,0,0,-0.42,-2.6,True,LOST_20_SMA
2026-06-03T11:42:54.524468,SOFI,False,16.84,0,0,5.12,-4.39,True,ACCELERATION_DECAY
2026-06-03T11:42:54.867364,SPGI,False,412.2,0,0,-2.75,-1.04,True,LOST_20_SMA
2026-06-03T11:42:55.204207,SYK,False,293.38,0,0,-0.63,-1.47,True,LOST_20_SMA
2026-06-03T11:42:55.544858,TMO,False,474.95,0,0,1.75,-2.46,True,ACCELERATION_DECAY
2026-06-03T11:42:55.911833,TSLA,False,423.93,0,0,8.88,0.92,False,ACCELERATION_DECAY
2026-06-03T11:42:56.287922,TT,False,465.5,0,0,-2.5,3.17,True,MOMENTUM_FAILURE
2026-06-03T11:42:56.646355,TTWO,False,216.1,0,0,-3.14,-1.9,True,LOST_20_SMA
2026-06-03T11:42:57.000117,UBER,False,70.77,0,0,-2.99,0.14,True,LOST_20_SMA
2026-06-03T11:42:57.342552,UNH,False,381.51,0,0,4.85,2.91,False,ACCELERATION_DECAY
2026-06-03T11:42:57.686658,URI,False,1051.84,0,0,12.62,5.1,False,ACCELERATION_DECAY
2026-06-03T11:42:58.028880,V,False,314.06,0,0,-2.47,0.44,True,LOST_20_SMA
2026-06-03T11:42:58.477398,VLO,False,261.75,0,0,3.27,0.64,False,ACCELERATION_DECAY
2026-06-03T11:42:58.815496,VRSN,False,296.14,0,0,7.39,-1.1,True,ACCELERATION_DECAY
2026-06-03T11:42:59.180458,VRTX,False,427.37,0,0,0.71,1.82,True,LOST_20_SMA
2026-06-03T11:42:59.620130,WMT,False,116.42,0,0,-10.99,2.26,True,LOST_20_SMA
2026-06-03T11:42:59.963767,XOM,False,152.95,0,0,-1.25,1.44,True,MOMENTUM_FAILURE
2026-06-03T11:43:00.311734,ZS,False,134.92,0,0,-4.56,-5.93,True,LOST_20_SMA
2026-06-03T11:48:00.772079,AAPL,False,309.85,0,0,9.03,-4.83,True,ACCELERATION_DECAY
2026-06-03T11:48:01.111307,ABBV,False,218.53,0,0,6.03,2.55,False,ACCELERATION_DECAY
2026-06-03T11:48:01.439887,ABNB,False,134.39,0,0,-3.82,-0.57,True,MOMENTUM_FAILURE
2026-06-03T11:48:01.777097,ADBE,False,256.34,0,0,0.28,-2.93,False,ACCELERATION_DECAY
2026-06-03T11:48:02.115509,ADSK,False,230.38,0,0,-7.64,-3.24,True,LOST_20_SMA
2026-06-03T11:48:02.807588,AMD,False,545.77,0,0,53.63,0.92,False,ACCELERATION_DECAY
2026-06-03T11:48:03.151993,AMZN,False,249.08,0,0,-8.95,-3.24,True,LOST_20_SMA
2026-06-03T11:48:03.497815,ANET,False,177.27,0,0,4.14,2.57,False,ACCELERATION_DECAY
2026-06-03T11:48:03.862002,APO,False,124.33,0,0,-4.58,-4.25,True,LOST_20_SMA
2026-06-03T11:48:04.217784,APP,False,569.16,0,0,19.04,-8.46,True,ACCELERATION_DECAY
2026-06-03T11:48:04.616105,ARES,False,122.61,0,0,-0.28,-7.2,True,LOST_20_SMA
2026-06-03T11:48:05.327775,ASML,False,1736.19,0,0,20.32,-2.7,True,ACCELERATION_DECAY
2026-06-03T11:48:05.671739,AXP,False,303.38,0,0,-3.98,-1.4,True,LOST_20_SMA
2026-06-03T11:48:06.075184,BA,False,213.23,0,0,-4.97,-3.34,True,LOST_20_SMA
2026-06-03T11:48:06.753948,BKNG,False,164.92,0,0,-1.62,-2.6,True,MOMENTUM_FAILURE
2026-06-03T11:48:07.099792,BLK,False,990.33,0,0,-5.58,-2.42,True,LOST_20_SMA
2026-06-03T11:48:07.454679,BSX,False,47.66,0,0,-14.86,1.27,True,LOST_20_SMA
2026-06-03T11:48:07.804244,BX,False,108.98,0,0,-11.2,-4.55,True,LOST_20_SMA
2026-06-03T11:48:08.152944,CAT,False,925.36,0,0,2.3,-1.71,True,ACCELERATION_DECAY
2026-06-03T11:48:08.506156,CAVA,False,70.77,0,0,-21.66,-2.88,True,LOST_20_SMA
2026-06-03T11:48:08.856445,CDNS,False,406.26,0,0,14.88,-4.25,True,ACCELERATION_DECAY
2026-06-03T11:48:09.215280,CELH,False,30.01,0,0,-10.47,-1.45,True,LOST_20_SMA
2026-06-03T11:48:09.580738,CME,False,254.16,0,0,-11.39,2.31,True,LOST_20_SMA
2026-06-03T11:48:09.937904,CMG,False,28.93,0,0,-10.46,-1.96,True,LOST_20_SMA
2026-06-03T11:48:10.295681,COIN,False,165.88,0,0,-16.12,-1.83,True,LOST_20_SMA
2026-06-03T11:48:10.653739,COP,False,118.44,0,0,-3.96,2.48,True,MOMENTUM_FAILURE
2026-06-03T11:48:11.027247,COST,False,958.73,0,0,-5.68,0.1,True,LOST_20_SMA
2026-06-03T11:48:11.375595,CRM,False,191.04,0,0,2.17,-6.12,True,ACCELERATION_DECAY
2026-06-03T11:48:11.740607,CRWD,False,752.07,0,0,57.82,-6.05,True,ACCELERATION_DECAY
2026-06-03T11:48:12.099132,CVX,False,189.55,0,0,-1.6,0.86,True,MOMENTUM_FAILURE
2026-06-03T11:48:12.484126,DDOG,False,248.55,0,0,70.56,-12.91,True,ACCELERATION_DECAY
2026-06-03T11:48:12.869181,DE,False,589.06,0,0,2.3,2.16,False,ACCELERATION_DECAY
2026-06-03T11:48:13.230050,DELL,False,421.67,0,0,94.93,-10.76,True,ACCELERATION_DECAY
2026-06-03T11:48:13.584192,DHR,False,177.84,0,0,1.84,0.65,False,ACCELERATION_DECAY
2026-06-03T11:48:13.915983,DUOL,False,106.08,0,0,1.97,2.22,True,LOST_20_SMA
2026-06-03T11:48:14.278027,EOG,False,141.68,0,0,0.61,2.75,False,ACCELERATION_DECAY
2026-06-03T11:48:14.633979,ETN,False,421.09,0,0,2.49,3.63,False,ACCELERATION_DECAY
2026-06-03T11:48:15.344674,FICO,False,1168.73,0,0,9.61,-8.47,True,ACCELERATION_DECAY
2026-06-03T11:48:15.756548,FTNT,False,146.63,0,0,63.07,-3.74,True,ACCELERATION_DECAY
2026-06-03T11:48:16.096654,GD,False,339.81,0,0,-2.68,0.61,True,MOMENTUM_FAILURE
2026-06-03T11:48:16.443424,GE,False,318.78,0,0,11.2,-2.06,True,ACCELERATION_DECAY
2026-06-03T11:48:16.791556,GOOG,False,356.14,0,0,-7.32,-1.72,True,LOST_20_SMA
2026-06-03T11:48:17.143848,GOOGL,False,359.74,0,0,-7.39,-1.8,True,LOST_20_SMA
2026-06-03T11:48:17.513734,GS,False,1047.93,0,0,14.04,-3.82,True,ACCELERATION_DECAY
2026-06-03T11:48:17.865956,HD,False,311.55,0,0,-1.23,-0.94,True,MOMENTUM_FAILURE
2026-06-03T11:48:18.211873,HIMS,False,27.92,0,0,6.04,5.16,False,ACCELERATION_DECAY
2026-06-03T11:48:18.564639,HON,False,229.84,0,0,9.94,-2.29,True,ACCELERATION_DECAY
2026-06-03T11:48:18.941929,HOOD,False,83.95,0,0,8.98,-6.18,True,ACCELERATION_DECAY
2026-06-03T11:48:19.332420,ICE,False,139.38,0,0,-10.24,-1.25,True,LOST_20_SMA
2026-06-03T11:48:19.667055,INTC,False,112.87,0,0,4.36,-8.32,True,LOST_20_SMA
2026-06-03T11:48:20.032229,INTU,False,312.1,0,0,-21.65,-0.8,True,LOST_20_SMA
2026-06-03T11:48:20.429972,ISRG,False,404.35,0,0,-10.42,0.65,True,LOST_20_SMA
2026-06-03T11:48:20.791819,JPM,False,301.69,0,0,-2.49,-0.32,True,MOMENTUM_FAILURE
2026-06-03T11:48:21.142666,KKR,False,90.15,0,0,-11.62,-3.02,True,LOST_20_SMA
2026-06-03T11:48:21.502279,KLAC,False,2127.28,0,0,22.76,3.39,False,ACCELERATION_DECAY
2026-06-03T11:48:21.840490,LIN,False,507.21,0,0,1.38,0.91,False,ACCELERATION_DECAY
2026-06-03T11:48:22.187354,LLY,False,1088.56,0,0,10.08,0.14,False,ACCELERATION_DECAY
2026-06-03T11:48:22.535761,LMT,False,516.56,0,0,1.5,2.41,False,ACCELERATION_DECAY
2026-06-03T11:48:22.889548,LRCX,False,343.61,0,0,24.59,-4.74,True,ACCELERATION_DECAY
2026-06-03T11:48:23.245197,LULU,False,125.74,0,0,-3.43,-1.49,True,MOMENTUM_FAILURE
2026-06-03T11:48:23.607814,MA,False,472.09,0,0,-5.03,0.33,True,LOST_20_SMA
2026-06-03T11:48:23.970800,MCD,False,274.71,0,0,-3.67,-0.94,True,LOST_20_SMA
2026-06-03T11:48:24.337846,MCO,False,448.58,0,0,-1.31,-2.21,True,MOMENTUM_FAILURE
2026-06-03T11:48:24.687079,MDB,False,370.96,0,0,39.1,-11.44,True,ACCELERATION_DECAY
2026-06-03T11:48:25.036286,META,False,622.5,0,0,2.9,4.99,False,ACCELERATION_DECAY
2026-06-03T11:48:25.400248,MPC,False,269.17,0,0,3.32,-0.84,True,ACCELERATION_DECAY
2026-06-03T11:48:25.732458,MS,False,211.1,0,0,11.55,-2.8,True,ACCELERATION_DECAY
2026-06-03T11:48:26.079277,MSFT,False,428.24,0,0,4.1,-2.6,True,ACCELERATION_DECAY
2026-06-03T11:48:26.435213,MU,False,1072.51,0,0,67.53,-17.07,True,ACCELERATION_DECAY
2026-06-03T11:48:26.785638,NET,False,266.01,0,0,8.83,-12.8,True,ACCELERATION_DECAY
2026-06-03T11:48:27.139956,NFLX,False,81.45,0,0,-7.33,1.12,True,LOST_20_SMA
2026-06-03T11:48:27.520228,NOC,False,530.46,0,0,-5.04,0.33,True,LOST_20_SMA
2026-06-03T11:48:27.859585,NOW,False,120.22,0,0,30.66,-8.14,True,ACCELERATION_DECAY
2026-06-03T11:48:28.212954,NUE,False,258.37,0,0,11.33,-3.13,True,ACCELERATION_DECAY
2026-06-03T11:48:28.545972,NVDA,False,215.85,0,0,9.85,-2.42,True,LOST_20_SMA
2026-06-03T11:48:28.901315,ODFL,False,233.92,0,0,19.3,0.1,False,ACCELERATION_DECAY
2026-06-03T11:48:29.273183,ORCL,False,232.56,0,0,25.47,-10.19,True,ACCELERATION_DECAY
2026-06-03T11:48:29.623228,PANW,False,280.23,0,0,52.32,-8.71,True,ACCELERATION_DECAY
2026-06-03T11:48:30.063785,PH,False,854.71,0,0,-2.06,1.56,True,LOST_20_SMA
2026-06-03T11:48:30.402084,PLTR,False,142.97,0,0,5.19,0.99,False,ACCELERATION_DECAY
2026-06-03T11:48:30.744680,PWR,False,719.8,0,0,-6.71,0.06,True,LOST_20_SMA
2026-06-03T11:48:31.095039,PYPL,False,42.66,0,0,-8.24,3.39,True,LOST_20_SMA
2026-06-03T11:48:31.446532,QCOM,False,251.56,0,0,34.85,-8.19,True,ACCELERATION_DECAY
2026-06-03T11:48:31.798550,RBLX,False,43.74,0,0,-0.68,4.72,True,LOST_20_SMA
2026-06-03T11:48:32.140019,REGN,False,619.77,0,0,-11.75,3.24,True,LOST_20_SMA
2026-06-03T11:48:32.476559,RKLB,False,115.89,0,0,47.14,-6.41,True,LOST_20_SMA
2026-06-03T11:48:32.818514,RTX,False,174.44,0,0,0.91,0.12,True,LOST_20_SMA
2026-06-03T11:48:33.162368,SCHW,False,87.31,0,0,-5.51,-1.28,True,LOST_20_SMA
2026-06-03T11:48:33.510669,SHOP,False,113.72,0,0,5.66,13.92,False,ACCELERATION_DECAY
2026-06-03T11:48:33.853693,SLB,False,56.39,0,0,0.7,-0.98,True,ACCELERATION_DECAY
2026-06-03T11:48:34.188232,SNOW,False,245.66,0,0,73.35,-7.73,False,ACCELERATION_DECAY
2026-06-03T11:48:34.526883,SNPS,False,500.12,0,0,-0.48,-2.66,True,LOST_20_SMA
2026-06-03T11:48:34.890661,SOFI,False,16.86,0,0,5.24,-4.26,True,ACCELERATION_DECAY
2026-06-03T11:48:35.274881,SPGI,False,412.46,0,0,-2.69,-0.98,True,LOST_20_SMA
2026-06-03T11:48:35.639529,SYK,False,293.74,0,0,-0.51,-1.34,True,LOST_20_SMA
2026-06-03T11:48:35.973641,TMO,False,474.25,0,0,1.6,-2.61,True,ACCELERATION_DECAY
2026-06-03T11:48:36.322481,TSLA,False,424.68,0,0,9.07,1.11,False,ACCELERATION_DECAY
2026-06-03T11:48:36.663798,TT,False,465.75,0,0,-2.45,3.22,True,MOMENTUM_FAILURE
2026-06-03T11:48:37.005063,TTWO,False,216.83,0,0,-2.81,-1.57,True,LOST_20_SMA
2026-06-03T11:48:37.346344,UBER,False,71.21,0,0,-2.39,0.74,True,LOST_20_SMA
2026-06-03T11:48:37.753023,UNH,False,381.06,0,0,4.72,2.79,False,ACCELERATION_DECAY
2026-06-03T11:48:38.099100,URI,False,1051.07,0,0,12.54,5.02,False,ACCELERATION_DECAY
2026-06-03T11:48:38.437879,V,False,314.09,0,0,-2.47,0.45,True,LOST_20_SMA
2026-06-03T11:48:38.785851,VLO,False,261.86,0,0,3.32,0.68,False,ACCELERATION_DECAY
2026-06-03T11:48:39.126150,VRSN,False,296.6,0,0,7.55,-0.93,True,ACCELERATION_DECAY
2026-06-03T11:48:39.457853,VRTX,False,427.5,0,0,0.74,1.85,True,LOST_20_SMA
2026-06-03T11:48:39.935435,WMT,False,116.37,0,0,-11.03,2.23,True,LOST_20_SMA
2026-06-03T11:48:40.304936,XOM,False,152.86,0,0,-1.3,1.38,True,MOMENTUM_FAILURE
2026-06-03T11:48:40.639412,ZS,False,134.87,0,0,-4.59,-5.96,True,LOST_20_SMA
2026-06-03T11:53:41.132268,AAPL,False,309.54,0,0,8.92,-4.94,True,ACCELERATION_DECAY
2026-06-03T11:53:41.497391,ABBV,False,218.64,0,0,6.08,2.6,False,ACCELERATION_DECAY
2026-06-03T11:53:41.844105,ABNB,False,134.46,0,0,-3.77,-0.52,True,MOMENTUM_FAILURE
2026-06-03T11:53:42.198402,ADBE,False,256.72,0,0,0.43,-2.78,False,ACCELERATION_DECAY
2026-06-03T11:53:42.572550,ADSK,False,230.71,0,0,-7.51,-3.11,True,LOST_20_SMA
2026-06-03T11:53:43.275166,AMD,False,542.74,0,0,52.77,0.07,False,ACCELERATION_DECAY
2026-06-03T11:53:43.656462,AMZN,False,249.07,0,0,-8.95,-3.24,True,LOST_20_SMA
2026-06-03T11:53:44.018357,ANET,False,177.17,0,0,4.08,2.51,False,ACCELERATION_DECAY
2026-06-03T11:53:44.365643,APO,False,124.29,0,0,-4.61,-4.28,True,LOST_20_SMA
2026-06-03T11:53:44.706662,APP,False,571.0,0,0,19.43,-8.07,True,ACCELERATION_DECAY
2026-06-03T11:53:45.065380,ARES,False,122.63,0,0,-0.27,-7.19,True,LOST_20_SMA
2026-06-03T11:53:45.750663,ASML,False,1733.44,0,0,20.13,-2.89,True,ACCELERATION_DECAY
2026-06-03T11:53:46.120543,AXP,False,303.6,0,0,-3.91,-1.33,True,LOST_20_SMA
2026-06-03T11:53:46.464692,BA,False,212.76,0,0,-5.18,-3.55,True,LOST_20_SMA
2026-06-03T11:53:47.140340,BKNG,False,165.13,0,0,-1.49,-2.48,True,MOMENTUM_FAILURE
2026-06-03T11:53:47.488670,BLK,False,989.66,0,0,-5.65,-2.49,True,LOST_20_SMA
2026-06-03T11:53:47.842638,BSX,False,47.94,0,0,-14.36,1.77,True,LOST_20_SMA
2026-06-03T11:53:48.205779,BX,False,109.07,0,0,-11.12,-4.48,True,LOST_20_SMA
2026-06-03T11:53:48.590964,CAT,False,924.77,0,0,2.23,-1.77,True,ACCELERATION_DECAY
2026-06-03T11:53:48.947905,CAVA,False,70.87,0,0,-21.55,-2.77,True,LOST_20_SMA
2026-06-03T11:53:49.318146,CDNS,False,405.65,0,0,14.71,-4.43,True,ACCELERATION_DECAY
2026-06-03T11:53:49.666577,CELH,False,30.08,0,0,-10.26,-1.24,True,LOST_20_SMA
2026-06-03T11:53:50.077630,CME,False,254.1,0,0,-11.41,2.29,True,LOST_20_SMA
2026-06-03T11:53:50.423683,CMG,False,28.98,0,0,-10.31,-1.8,True,LOST_20_SMA
2026-06-03T11:53:50.818569,COIN,False,165.51,0,0,-16.3,-2.02,True,LOST_20_SMA
2026-06-03T11:53:51.175477,COP,False,118.5,0,0,-3.91,2.53,True,MOMENTUM_FAILURE
2026-06-03T11:53:51.522610,COST,False,959.8,0,0,-5.57,0.21,True,LOST_20_SMA
2026-06-03T11:53:51.881733,CRM,False,191.12,0,0,2.21,-6.07,True,ACCELERATION_DECAY
2026-06-03T11:53:52.275991,CRWD,False,751.06,0,0,57.61,-6.26,True,ACCELERATION_DECAY
2026-06-03T11:53:52.619703,CVX,False,189.65,0,0,-1.55,0.91,True,MOMENTUM_FAILURE
2026-06-03T11:53:52.980298,DDOG,False,248.51,0,0,70.53,-12.94,True,ACCELERATION_DECAY
2026-06-03T11:53:53.321702,DE,False,588.59,0,0,2.22,2.07,False,ACCELERATION_DECAY
2026-06-03T11:53:53.686463,DELL,False,421.98,0,0,95.07,-10.61,True,ACCELERATION_DECAY
2026-06-03T11:53:54.101089,DHR,False,177.75,0,0,1.79,0.6,False,ACCELERATION_DECAY
2026-06-03T11:53:54.465376,DUOL,False,106.21,0,0,2.1,2.35,True,LOST_20_SMA
2026-06-03T11:53:54.836451,EOG,False,141.77,0,0,0.67,2.81,False,ACCELERATION_DECAY
2026-06-03T11:53:55.243693,ETN,False,420.94,0,0,2.45,3.59,False,ACCELERATION_DECAY
2026-06-03T11:53:55.955388,FICO,False,1171.97,0,0,9.91,-8.17,True,ACCELERATION_DECAY
2026-06-03T11:53:56.300844,FTNT,False,146.45,0,0,62.87,-3.94,True,ACCELERATION_DECAY
2026-06-03T11:53:56.653483,GD,False,339.82,0,0,-2.67,0.61,True,MOMENTUM_FAILURE
2026-06-03T11:53:57.000135,GE,False,318.34,0,0,11.04,-2.22,True,ACCELERATION_DECAY
2026-06-03T11:53:57.397228,GOOG,False,356.68,0,0,-7.18,-1.58,True,LOST_20_SMA
2026-06-03T11:53:57.800096,GOOGL,False,360.31,0,0,-7.24,-1.66,True,LOST_20_SMA
2026-06-03T11:53:58.141331,GS,False,1047.98,0,0,14.05,-3.81,True,ACCELERATION_DECAY
2026-06-03T11:53:58.530118,HD,False,312.06,0,0,-1.07,-0.78,True,MOMENTUM_FAILURE
2026-06-03T11:53:58.869421,HIMS,False,27.94,0,0,6.11,5.23,False,ACCELERATION_DECAY
2026-06-03T11:53:59.212063,HON,False,229.25,0,0,9.66,-2.58,True,ACCELERATION_DECAY
2026-06-03T11:53:59.544192,HOOD,False,83.92,0,0,8.94,-6.22,True,ACCELERATION_DECAY
2026-06-03T11:53:59.883023,ICE,False,139.09,0,0,-10.43,-1.44,True,LOST_20_SMA
2026-06-03T11:54:00.228793,INTC,False,112.07,0,0,3.62,-9.06,True,LOST_20_SMA
2026-06-03T11:54:00.582039,INTU,False,312.32,0,0,-21.59,-0.74,True,LOST_20_SMA
2026-06-03T11:54:00.993727,ISRG,False,405.31,0,0,-10.21,0.86,True,LOST_20_SMA
2026-06-03T11:54:01.368916,JPM,False,301.78,0,0,-2.46,-0.29,True,MOMENTUM_FAILURE
2026-06-03T11:54:01.714530,KKR,False,90.26,0,0,-11.51,-2.92,True,LOST_20_SMA
2026-06-03T11:54:02.076303,KLAC,False,2124.19,0,0,22.58,3.21,False,ACCELERATION_DECAY
2026-06-03T11:54:02.422956,LIN,False,507.63,0,0,1.47,0.99,False,ACCELERATION_DECAY
2026-06-03T11:54:02.768344,LLY,False,1088.87,0,0,10.11,0.17,False,ACCELERATION_DECAY
2026-06-03T11:54:03.132153,LMT,False,516.95,0,0,1.58,2.49,False,ACCELERATION_DECAY
2026-06-03T11:54:03.556387,LRCX,False,342.61,0,0,24.22,-5.11,True,ACCELERATION_DECAY
2026-06-03T11:54:03.926354,LULU,False,126.0,0,0,-3.23,-1.29,True,MOMENTUM_FAILURE
2026-06-03T11:54:04.285212,MA,False,472.85,0,0,-4.87,0.49,True,LOST_20_SMA
2026-06-03T11:54:04.627645,MCD,False,274.74,0,0,-3.66,-0.93,True,LOST_20_SMA
2026-06-03T11:54:04.970580,MCO,False,449.04,0,0,-1.21,-2.11,True,MOMENTUM_FAILURE
2026-06-03T11:54:05.307879,MDB,False,371.1,0,0,39.16,-11.38,True,ACCELERATION_DECAY
2026-06-03T11:54:05.659899,META,False,623.34,0,0,3.04,5.13,False,ACCELERATION_DECAY
2026-06-03T11:54:05.993740,MPC,False,269.43,0,0,3.42,-0.74,True,ACCELERATION_DECAY
2026-06-03T11:54:06.355968,MS,False,211.22,0,0,11.61,-2.74,True,ACCELERATION_DECAY
2026-06-03T11:54:06.849545,MSFT,False,428.55,0,0,4.17,-2.52,True,ACCELERATION_DECAY
2026-06-03T11:54:07.207167,MU,False,1067.57,0,0,66.76,-17.84,True,ACCELERATION_DECAY
2026-06-03T11:54:07.586529,NET,False,265.15,0,0,8.48,-13.15,True,ACCELERATION_DECAY
2026-06-03T11:54:07.935917,NFLX,False,81.56,0,0,-7.2,1.25,True,LOST_20_SMA
2026-06-03T11:54:08.275662,NOC,False,530.28,0,0,-5.07,0.29,True,LOST_20_SMA
2026-06-03T11:54:08.633092,NOW,False,120.33,0,0,30.78,-8.02,True,ACCELERATION_DECAY
2026-06-03T11:54:08.990279,NUE,False,257.9,0,0,11.13,-3.33,True,ACCELERATION_DECAY
2026-06-03T11:54:09.408098,NVDA,False,215.79,0,0,9.82,-2.45,True,LOST_20_SMA
2026-06-03T11:54:09.795571,ODFL,False,233.58,0,0,19.12,-0.08,True,ACCELERATION_DECAY
2026-06-03T11:54:10.163976,ORCL,False,232.09,0,0,25.22,-10.44,True,ACCELERATION_DECAY
2026-06-03T11:54:10.515803,PANW,False,280.5,0,0,52.46,-8.56,True,ACCELERATION_DECAY
2026-06-03T11:54:10.864975,PH,False,855.24,0,0,-2.0,1.62,True,LOST_20_SMA
2026-06-03T11:54:11.206881,PLTR,False,142.94,0,0,5.17,0.97,False,ACCELERATION_DECAY
2026-06-03T11:54:11.633742,PWR,False,717.64,0,0,-6.99,-0.22,True,LOST_20_SMA
2026-06-03T11:54:11.997916,PYPL,False,42.66,0,0,-8.24,3.39,True,LOST_20_SMA
2026-06-03T11:54:12.361449,QCOM,False,249.89,0,0,33.95,-9.08,True,ACCELERATION_DECAY
2026-06-03T11:54:12.764977,RBLX,False,43.81,0,0,-0.52,4.88,True,LOST_20_SMA
2026-06-03T11:54:13.098191,REGN,False,620.62,0,0,-11.63,3.36,True,LOST_20_SMA
2026-06-03T11:54:13.468527,RKLB,False,115.63,0,0,46.81,-6.74,True,LOST_20_SMA
2026-06-03T11:54:13.816367,RTX,False,174.47,0,0,0.93,0.14,True,LOST_20_SMA
2026-06-03T11:54:14.160417,SCHW,False,87.41,0,0,-5.4,-1.17,True,LOST_20_SMA
2026-06-03T11:54:14.504294,SHOP,False,113.86,0,0,5.79,14.05,False,ACCELERATION_DECAY
2026-06-03T11:54:14.863971,SLB,False,56.45,0,0,0.8,-0.87,True,ACCELERATION_DECAY
2026-06-03T11:54:15.215353,SNOW,False,245.33,0,0,73.12,-7.96,False,ACCELERATION_DECAY
2026-06-03T11:54:15.565838,SNPS,False,499.4,0,0,-0.62,-2.8,True,LOST_20_SMA
2026-06-03T11:54:15.906562,SOFI,False,16.87,0,0,5.31,-4.2,True,ACCELERATION_DECAY
2026-06-03T11:54:16.246786,SPGI,False,412.45,0,0,-2.69,-0.98,True,LOST_20_SMA
2026-06-03T11:54:16.635015,SYK,False,294.17,0,0,-0.37,-1.2,True,LOST_20_SMA
2026-06-03T11:54:16.988304,TMO,False,475.01,0,0,1.77,-2.44,True,ACCELERATION_DECAY
2026-06-03T11:54:17.343736,TSLA,False,423.86,0,0,8.86,0.9,False,ACCELERATION_DECAY
2026-06-03T11:54:17.749508,TT,False,465.54,0,0,-2.49,3.17,True,MOMENTUM_FAILURE
2026-06-03T11:54:18.092190,TTWO,False,216.78,0,0,-2.84,-1.59,True,LOST_20_SMA
2026-06-03T11:54:18.446603,UBER,False,71.28,0,0,-2.29,0.84,True,LOST_20_SMA
2026-06-03T11:54:18.825210,UNH,False,381.31,0,0,4.79,2.86,False,ACCELERATION_DECAY
2026-06-03T11:54:19.182299,URI,False,1050.0,0,0,12.43,4.9,False,ACCELERATION_DECAY
2026-06-03T11:54:19.518574,V,False,314.36,0,0,-2.38,0.53,True,LOST_20_SMA
2026-06-03T11:54:19.898162,VLO,False,261.76,0,0,3.28,0.64,False,ACCELERATION_DECAY
2026-06-03T11:54:20.342869,VRSN,False,295.88,0,0,7.29,-1.19,True,ACCELERATION_DECAY
2026-06-03T11:54:20.780471,VRTX,False,427.84,0,0,0.82,1.93,True,LOST_20_SMA
2026-06-03T11:54:21.407284,WMT,False,116.83,0,0,-10.67,2.58,True,LOST_20_SMA
2026-06-03T11:54:21.879616,XOM,False,153.03,0,0,-1.19,1.49,True,MOMENTUM_FAILURE
2026-06-03T11:54:22.295560,ZS,False,135.02,0,0,-4.49,-5.86,True,LOST_20_SMA
2026-06-03T11:59:22.755531,AAPL,False,309.58,0,0,8.94,-4.92,True,ACCELERATION_DECAY
2026-06-03T11:59:23.107618,ABBV,False,218.55,0,0,6.04,2.56,False,ACCELERATION_DECAY
2026-06-03T11:59:23.446410,ABNB,False,134.22,0,0,-3.94,-0.7,True,MOMENTUM_FAILURE
2026-06-03T11:59:23.793834,ADBE,False,256.46,0,0,0.33,-2.88,False,ACCELERATION_DECAY
2026-06-03T11:59:24.141357,ADSK,False,231.51,0,0,-7.18,-2.79,True,LOST_20_SMA
2026-06-03T11:59:24.824922,AMD,False,542.51,0,0,52.71,0.01,False,ACCELERATION_DECAY
2026-06-03T11:59:25.162198,AMZN,False,248.44,0,0,-9.18,-3.47,True,LOST_20_SMA
2026-06-03T11:59:25.528371,ANET,False,176.29,0,0,3.57,2.0,False,ACCELERATION_DECAY
2026-06-03T11:59:25.873989,APO,False,124.34,0,0,-4.57,-4.24,True,LOST_20_SMA
2026-06-03T11:59:26.196879,APP,False,569.46,0,0,19.11,-8.39,True,ACCELERATION_DECAY
2026-06-03T11:59:26.589100,ARES,False,122.51,0,0,-0.37,-7.28,True,LOST_20_SMA
2026-06-03T11:59:27.321208,ASML,False,1733.94,0,0,20.17,-2.86,True,ACCELERATION_DECAY
2026-06-03T11:59:27.635803,AXP,False,303.19,0,0,-4.04,-1.46,True,LOST_20_SMA
2026-06-03T11:59:28.008861,BA,False,212.59,0,0,-5.25,-3.63,True,LOST_20_SMA
2026-06-03T11:59:28.702872,BKNG,False,165.14,0,0,-1.49,-2.47,True,MOMENTUM_FAILURE
2026-06-03T11:59:29.092061,BLK,False,989.66,0,0,-5.65,-2.49,True,LOST_20_SMA
2026-06-03T11:59:29.436836,BSX,False,47.85,0,0,-14.52,1.61,True,LOST_20_SMA
2026-06-03T11:59:29.788616,BX,False,108.98,0,0,-11.2,-4.55,True,LOST_20_SMA
2026-06-03T11:59:30.129840,CAT,False,925.49,0,0,2.31,-1.69,True,ACCELERATION_DECAY
2026-06-03T11:59:30.477780,CAVA,False,70.86,0,0,-21.56,-2.78,True,LOST_20_SMA
2026-06-03T11:59:30.822280,CDNS,False,405.58,0,0,14.69,-4.44,True,ACCELERATION_DECAY
2026-06-03T11:59:31.183562,CELH,False,30.14,0,0,-10.08,-1.06,True,LOST_20_SMA
2026-06-03T11:59:31.602288,CME,False,253.89,0,0,-11.48,2.22,True,LOST_20_SMA
2026-06-03T11:59:31.950273,CMG,False,28.96,0,0,-10.37,-1.86,True,LOST_20_SMA
2026-06-03T11:59:32.291184,COIN,False,165.71,0,0,-16.2,-1.92,True,LOST_20_SMA
2026-06-03T11:59:32.641584,COP,False,118.69,0,0,-3.75,2.68,True,MOMENTUM_FAILURE
2026-06-03T11:59:33.006284,COST,False,960.67,0,0,-5.48,0.29,True,LOST_20_SMA
2026-06-03T11:59:33.345428,CRM,False,191.06,0,0,2.18,-6.1,True,ACCELERATION_DECAY
2026-06-03T11:59:33.684282,CRWD,False,751.31,0,0,57.66,-6.21,True,ACCELERATION_DECAY
2026-06-03T11:59:34.024759,CVX,False,189.74,0,0,-1.51,0.95,True,MOMENTUM_FAILURE
2026-06-03T11:59:34.369410,DDOG,False,248.27,0,0,70.36,-13.11,True,ACCELERATION_DECAY
2026-06-03T11:59:34.711423,DE,False,588.67,0,0,2.24,2.09,False,ACCELERATION_DECAY
2026-06-03T11:59:35.058536,DELL,False,420.46,0,0,94.37,-11.31,True,ACCELERATION_DECAY
2026-06-03T11:59:35.400384,DHR,False,177.48,0,0,1.63,0.44,False,ACCELERATION_DECAY
2026-06-03T11:59:35.736499,DUOL,False,105.96,0,0,1.86,2.11,True,LOST_20_SMA
2026-06-03T11:59:36.129793,EOG,False,141.93,0,0,0.79,2.93,False,ACCELERATION_DECAY
2026-06-03T11:59:36.534200,ETN,False,420.63,0,0,2.38,3.52,False,ACCELERATION_DECAY
2026-06-03T11:59:37.243301,FICO,False,1169.51,0,0,9.68,-8.4,True,ACCELERATION_DECAY
2026-06-03T11:59:37.577003,FTNT,False,146.45,0,0,62.87,-3.94,True,ACCELERATION_DECAY
2026-06-03T11:59:37.930617,GD,False,339.38,0,0,-2.8,0.48,True,MOMENTUM_FAILURE
2026-06-03T11:59:38.302275,GE,False,317.69,0,0,10.82,-2.44,True,ACCELERATION_DECAY
2026-06-03T11:59:38.674815,GOOG,False,356.62,0,0,-7.2,-1.6,True,LOST_20_SMA
2026-06-03T11:59:39.036043,GOOGL,False,360.27,0,0,-7.25,-1.67,True,LOST_20_SMA
2026-06-03T11:59:39.376840,GS,False,1048.82,0,0,14.14,-3.72,True,ACCELERATION_DECAY
2026-06-03T11:59:39.719876,HD,False,312.06,0,0,-1.07,-0.78,True,MOMENTUM_FAILURE
2026-06-03T11:59:40.062987,HIMS,False,27.76,0,0,5.43,4.55,False,ACCELERATION_DECAY
2026-06-03T11:59:40.408340,HON,False,229.16,0,0,9.61,-2.62,True,ACCELERATION_DECAY
2026-06-03T11:59:40.757156,HOOD,False,83.87,0,0,8.88,-6.29,True,ACCELERATION_DECAY
2026-06-03T11:59:41.100251,ICE,False,138.86,0,0,-10.57,-1.59,True,LOST_20_SMA
2026-06-03T11:59:41.480605,INTC,False,112.46,0,0,3.99,-8.7,True,LOST_20_SMA
2026-06-03T11:59:41.860201,INTU,False,312.36,0,0,-21.58,-0.73,True,LOST_20_SMA
2026-06-03T11:59:42.235171,ISRG,False,405.06,0,0,-10.26,0.8,True,LOST_20_SMA
2026-06-03T11:59:42.576997,JPM,False,301.75,0,0,-2.47,-0.3,True,MOMENTUM_FAILURE
2026-06-03T11:59:42.934863,KKR,False,90.17,0,0,-11.6,-3.0,True,LOST_20_SMA
2026-06-03T11:59:43.270583,KLAC,False,2125.14,0,0,22.63,3.26,False,ACCELERATION_DECAY
2026-06-03T11:59:43.625797,LIN,False,507.5,0,0,1.44,0.96,False,ACCELERATION_DECAY
2026-06-03T11:59:43.964464,LLY,False,1088.95,0,0,10.12,0.18,False,ACCELERATION_DECAY
2026-06-03T11:59:44.308589,LMT,False,516.33,0,0,1.45,2.36,True,LOST_20_SMA
2026-06-03T11:59:44.662545,LRCX,False,343.15,0,0,24.42,-4.91,True,ACCELERATION_DECAY
2026-06-03T11:59:45.062359,LULU,False,125.87,0,0,-3.33,-1.39,True,MOMENTUM_FAILURE
2026-06-03T11:59:45.402144,MA,False,473.15,0,0,-4.81,0.55,True,LOST_20_SMA
2026-06-03T11:59:45.751750,MCD,False,274.61,0,0,-3.7,-0.98,True,LOST_20_SMA
2026-06-03T11:59:46.108381,MCO,False,448.66,0,0,-1.3,-2.19,True,MOMENTUM_FAILURE
2026-06-03T11:59:46.583890,MDB,False,370.98,0,0,39.11,-11.43,True,ACCELERATION_DECAY
2026-06-03T11:59:46.929746,META,False,622.64,0,0,2.92,5.02,False,ACCELERATION_DECAY
2026-06-03T11:59:47.272593,MPC,False,269.61,0,0,3.49,-0.67,True,ACCELERATION_DECAY
2026-06-03T11:59:47.619908,MS,False,211.33,0,0,11.67,-2.68,True,ACCELERATION_DECAY
2026-06-03T11:59:47.975840,MSFT,False,428.54,0,0,4.17,-2.52,True,ACCELERATION_DECAY
2026-06-03T11:59:48.316639,MU,False,1070.59,0,0,67.23,-17.37,True,ACCELERATION_DECAY
2026-06-03T11:59:48.684370,NET,False,265.51,0,0,8.62,-13.01,True,ACCELERATION_DECAY
2026-06-03T11:59:49.019917,NFLX,False,81.51,0,0,-7.26,1.19,True,LOST_20_SMA
2026-06-03T11:59:49.353771,NOC,False,529.59,0,0,-5.19,0.17,True,LOST_20_SMA
2026-06-03T11:59:49.703927,NOW,False,119.97,0,0,30.39,-8.41,True,ACCELERATION_DECAY
2026-06-03T11:59:50.051295,NUE,False,258.18,0,0,11.25,-3.21,True,ACCELERATION_DECAY
2026-06-03T11:59:50.407685,NVDA,False,215.75,0,0,9.8,-2.47,True,LOST_20_SMA
2026-06-03T11:59:50.746283,ODFL,False,233.44,0,0,19.05,-0.15,True,ACCELERATION_DECAY
2026-06-03T11:59:51.160374,ORCL,False,232.16,0,0,25.25,-10.4,True,ACCELERATION_DECAY
2026-06-03T11:59:51.530886,PANW,False,280.16,0,0,52.28,-8.74,True,ACCELERATION_DECAY
2026-06-03T11:59:51.877192,PH,False,856.95,0,0,-1.8,1.82,True,MOMENTUM_FAILURE
2026-06-03T11:59:52.226043,PLTR,False,142.86,0,0,5.11,0.91,False,ACCELERATION_DECAY
2026-06-03T11:59:52.571273,PWR,False,718.19,0,0,-6.92,-0.15,True,LOST_20_SMA
2026-06-03T11:59:52.908206,PYPL,False,42.59,0,0,-8.39,3.24,True,LOST_20_SMA
2026-06-03T11:59:53.246510,QCOM,False,250.52,0,0,34.29,-8.74,True,ACCELERATION_DECAY
2026-06-03T11:59:53.609776,RBLX,False,43.72,0,0,-0.73,4.68,True,LOST_20_SMA
2026-06-03T11:59:54.036135,REGN,False,619.63,0,0,-11.77,3.22,True,LOST_20_SMA
2026-06-03T11:59:54.388665,RKLB,False,115.67,0,0,46.86,-6.69,True,LOST_20_SMA
2026-06-03T11:59:54.737433,RTX,False,174.33,0,0,0.84,0.06,True,LOST_20_SMA
2026-06-03T11:59:55.082795,SCHW,False,87.44,0,0,-5.37,-1.14,True,LOST_20_SMA
2026-06-03T11:59:55.427026,SHOP,False,113.37,0,0,5.33,13.6,False,ACCELERATION_DECAY
2026-06-03T11:59:55.777489,SLB,False,56.48,0,0,0.86,-0.81,True,ACCELERATION_DECAY
2026-06-03T11:59:56.124220,SNOW,False,245.44,0,0,73.2,-7.88,False,ACCELERATION_DECAY
2026-06-03T11:59:56.529882,SNPS,False,499.7,0,0,-0.56,-2.74,True,LOST_20_SMA
2026-06-03T11:59:56.920628,SOFI,False,16.84,0,0,5.12,-4.39,True,ACCELERATION_DECAY
2026-06-03T11:59:57.271196,SPGI,False,412.49,0,0,-2.68,-0.97,True,LOST_20_SMA
2026-06-03T11:59:57.650982,SYK,False,294.19,0,0,-0.36,-1.19,True,LOST_20_SMA
2026-06-03T11:59:57.987639,TMO,False,474.57,0,0,1.67,-2.54,True,ACCELERATION_DECAY
2026-06-03T11:59:58.326318,TSLA,False,423.3,0,0,8.71,0.76,False,ACCELERATION_DECAY
2026-06-03T11:59:58.700323,TT,False,465.61,0,0,-2.48,3.19,True,MOMENTUM_FAILURE
2026-06-03T11:59:59.062165,TTWO,False,216.73,0,0,-2.86,-1.62,True,LOST_20_SMA
2026-06-03T11:59:59.400374,UBER,False,71.25,0,0,-2.33,0.79,True,LOST_20_SMA
2026-06-03T11:59:59.740697,UNH,False,381.38,0,0,4.81,2.88,False,ACCELERATION_DECAY
2026-06-03T12:00:00.085339,URI,False,1051.53,0,0,12.59,5.07,False,ACCELERATION_DECAY
2026-06-03T12:00:00.427740,V,False,314.29,0,0,-2.4,0.51,True,LOST_20_SMA
2026-06-03T12:00:00.767909,VLO,False,261.89,0,0,3.33,0.7,False,ACCELERATION_DECAY
2026-06-03T12:00:01.118255,VRSN,False,295.88,0,0,7.29,-1.19,True,ACCELERATION_DECAY
2026-06-03T12:00:01.448324,VRTX,False,427.73,0,0,0.79,1.9,True,LOST_20_SMA
2026-06-03T12:00:01.960231,WMT,False,116.98,0,0,-10.56,2.69,True,LOST_20_SMA
2026-06-03T12:00:02.303438,XOM,False,153.22,0,0,-1.07,1.62,True,MOMENTUM_FAILURE
2026-06-03T12:00:02.631627,ZS,False,135.12,0,0,-4.41,-5.79,True,LOST_20_SMA
2026-06-03T12:05:03.103945,AAPL,False,309.69,0,0,8.98,-4.88,True,ACCELERATION_DECAY
2026-06-03T12:05:03.444579,ABBV,False,218.54,0,0,6.03,2.55,False,ACCELERATION_DECAY
2026-06-03T12:05:03.785580,ABNB,False,134.06,0,0,-4.06,-0.81,True,MOMENTUM_FAILURE
2026-06-03T12:05:04.129647,ADBE,False,256.01,0,0,0.15,-3.06,True,ACCELERATION_DECAY
2026-06-03T12:05:04.526761,ADSK,False,230.72,0,0,-7.5,-3.11,True,LOST_20_SMA
2026-06-03T12:05:05.340875,AMD,False,542.79,0,0,52.79,0.08,False,ACCELERATION_DECAY
2026-06-03T12:05:05.682299,AMZN,False,248.76,0,0,-9.06,-3.35,True,LOST_20_SMA
2026-06-03T12:05:06.032149,ANET,False,176.06,0,0,3.43,1.86,False,ACCELERATION_DECAY
2026-06-03T12:05:06.391143,APO,False,124.0,0,0,-4.83,-4.5,True,LOST_20_SMA
2026-06-03T12:05:06.733922,APP,False,568.67,0,0,18.94,-8.56,True,ACCELERATION_DECAY
2026-06-03T12:05:07.085249,ARES,False,122.37,0,0,-0.48,-7.4,True,LOST_20_SMA
2026-06-03T12:05:07.838011,ASML,False,1732.72,0,0,20.08,-2.94,True,ACCELERATION_DECAY
2026-06-03T12:05:08.169207,AXP,False,302.72,0,0,-4.19,-1.61,True,LOST_20_SMA
2026-06-03T12:05:08.515037,BA,False,212.11,0,0,-5.47,-3.84,True,LOST_20_SMA
2026-06-03T12:05:09.224346,BKNG,False,164.99,0,0,-1.57,-2.56,True,MOMENTUM_FAILURE
2026-06-03T12:05:09.690975,BLK,False,989.53,0,0,-5.66,-2.5,True,LOST_20_SMA
2026-06-03T12:05:10.077103,BSX,False,47.85,0,0,-14.52,1.61,True,LOST_20_SMA
2026-06-03T12:05:10.414340,BX,False,108.91,0,0,-11.25,-4.61,True,LOST_20_SMA
2026-06-03T12:05:10.766232,CAT,False,924.55,0,0,2.21,-1.8,True,ACCELERATION_DECAY
2026-06-03T12:05:11.094530,CAVA,False,70.64,0,0,-21.81,-3.03,True,LOST_20_SMA
2026-06-03T12:05:11.424911,CDNS,False,405.61,0,0,14.7,-4.44,True,ACCELERATION_DECAY
2026-06-03T12:05:11.759777,CELH,False,30.13,0,0,-10.11,-1.09,True,LOST_20_SMA
2026-06-03T12:05:12.107149,CME,False,253.86,0,0,-11.49,2.21,True,LOST_20_SMA
2026-06-03T12:05:12.443111,CMG,False,28.93,0,0,-10.46,-1.96,True,LOST_20_SMA
2026-06-03T12:05:12.781977,COIN,False,165.4,0,0,-16.36,-2.07,True,LOST_20_SMA
2026-06-03T12:05:13.127742,COP,False,118.62,0,0,-3.81,2.63,True,MOMENTUM_FAILURE
2026-06-03T12:05:13.470725,COST,False,959.88,0,0,-5.56,0.22,True,LOST_20_SMA
2026-06-03T12:05:13.807793,CRM,False,190.69,0,0,1.98,-6.3,True,ACCELERATION_DECAY
2026-06-03T12:05:14.139464,CRWD,False,751.22,0,0,57.64,-6.23,True,ACCELERATION_DECAY
2026-06-03T12:05:14.576090,CVX,False,189.45,0,0,-1.66,0.8,True,MOMENTUM_FAILURE
2026-06-03T12:05:15.045400,DDOG,False,248.32,0,0,70.4,-13.07,True,ACCELERATION_DECAY
2026-06-03T12:05:15.387317,DE,False,588.27,0,0,2.17,2.02,False,ACCELERATION_DECAY
2026-06-03T12:05:15.725363,DELL,False,424.71,0,0,96.33,-9.35,True,ACCELERATION_DECAY
2026-06-03T12:05:16.067311,DHR,False,177.49,0,0,1.64,0.45,False,ACCELERATION_DECAY
2026-06-03T12:05:16.411504,DUOL,False,105.88,0,0,1.78,2.03,True,LOST_20_SMA
2026-06-03T12:05:16.752051,EOG,False,141.8,0,0,0.7,2.84,False,ACCELERATION_DECAY
2026-06-03T12:05:17.129447,ETN,False,420.42,0,0,2.33,3.47,False,ACCELERATION_DECAY
2026-06-03T12:05:17.892373,FICO,False,1168.87,0,0,9.62,-8.46,True,ACCELERATION_DECAY
2026-06-03T12:05:18.228098,FTNT,False,146.47,0,0,62.89,-3.92,True,ACCELERATION_DECAY
2026-06-03T12:05:18.563231,GD,False,339.41,0,0,-2.79,0.49,True,MOMENTUM_FAILURE
2026-06-03T12:05:18.903886,GE,False,316.7,0,0,10.47,-2.79,True,ACCELERATION_DECAY
2026-06-03T12:05:19.239920,GOOG,False,357.01,0,0,-7.09,-1.5,True,LOST_20_SMA
2026-06-03T12:05:19.642104,GOOGL,False,360.66,0,0,-7.15,-1.57,True,LOST_20_SMA
2026-06-03T12:05:19.998112,GS,False,1048.08,0,0,14.06,-3.8,True,ACCELERATION_DECAY
2026-06-03T12:05:20.388628,HD,False,311.9,0,0,-1.12,-0.83,True,MOMENTUM_FAILURE
2026-06-03T12:05:20.733523,HIMS,False,27.68,0,0,5.13,4.25,False,ACCELERATION_DECAY
2026-06-03T12:05:21.086785,HON,False,228.86,0,0,9.47,-2.76,True,ACCELERATION_DECAY
2026-06-03T12:05:21.435422,HOOD,False,83.45,0,0,8.33,-6.83,True,ACCELERATION_DECAY
2026-06-03T12:05:21.778554,ICE,False,138.56,0,0,-10.77,-1.78,True,LOST_20_SMA
2026-06-03T12:05:22.128084,INTC,False,112.55,0,0,4.07,-8.62,True,LOST_20_SMA
2026-06-03T12:05:22.473120,INTU,False,312.17,0,0,-21.63,-0.78,True,LOST_20_SMA
2026-06-03T12:05:22.813734,ISRG,False,405.81,0,0,-10.1,0.97,True,LOST_20_SMA
2026-06-03T12:05:23.156841,JPM,False,301.59,0,0,-2.52,-0.35,True,MOMENTUM_FAILURE
2026-06-03T12:05:23.513041,KKR,False,90.05,0,0,-11.72,-3.12,True,LOST_20_SMA
2026-06-03T12:05:23.849773,KLAC,False,2123.8,0,0,22.56,3.19,False,ACCELERATION_DECAY
2026-06-03T12:05:24.206584,LIN,False,507.61,0,0,1.46,0.98,False,ACCELERATION_DECAY
2026-06-03T12:05:24.589860,LLY,False,1090.31,0,0,10.26,0.32,False,ACCELERATION_DECAY
2026-06-03T12:05:24.927486,LMT,False,515.64,0,0,1.32,2.23,True,LOST_20_SMA
2026-06-03T12:05:25.398604,LRCX,False,343.56,0,0,24.57,-4.76,True,ACCELERATION_DECAY
2026-06-03T12:05:25.807604,LULU,False,125.84,0,0,-3.36,-1.41,True,MOMENTUM_FAILURE
2026-06-03T12:05:26.188488,MA,False,473.57,0,0,-4.73,0.63,True,LOST_20_SMA
2026-06-03T12:05:26.535475,MCD,False,274.94,0,0,-3.59,-0.86,True,LOST_20_SMA
2026-06-03T12:05:26.883071,MCO,False,448.33,0,0,-1.37,-2.27,True,MOMENTUM_FAILURE
2026-06-03T12:05:27.223219,MDB,False,371.72,0,0,39.39,-11.15,True,ACCELERATION_DECAY
2026-06-03T12:05:27.566728,META,False,622.19,0,0,2.85,4.94,False,ACCELERATION_DECAY
2026-06-03T12:05:27.968526,MPC,False,269.23,0,0,3.35,-0.82,True,ACCELERATION_DECAY
2026-06-03T12:05:28.313923,MS,False,211.22,0,0,11.61,-2.74,True,ACCELERATION_DECAY
2026-06-03T12:05:28.659390,MSFT,False,428.27,0,0,4.11,-2.59,True,ACCELERATION_DECAY
2026-06-03T12:05:29.002170,MU,False,1070.0,0,0,67.14,-17.46,True,ACCELERATION_DECAY
2026-06-03T12:05:29.342195,NET,False,265.8,0,0,8.74,-12.89,True,ACCELERATION_DECAY
2026-06-03T12:05:29.864399,NFLX,False,81.39,0,0,-7.4,1.05,True,LOST_20_SMA
2026-06-03T12:05:30.251733,NOC,False,528.79,0,0,-5.34,0.03,True,LOST_20_SMA
2026-06-03T12:05:30.589207,NOW,False,119.78,0,0,30.18,-8.61,True,ACCELERATION_DECAY
2026-06-03T12:05:30.934398,NUE,False,258.35,0,0,11.32,-3.13,True,ACCELERATION_DECAY
2026-06-03T12:05:31.273695,NVDA,False,215.93,0,0,9.89,-2.38,True,LOST_20_SMA
2026-06-03T12:05:31.618461,ODFL,False,233.2,0,0,18.93,-0.27,True,ACCELERATION_DECAY
2026-06-03T12:05:31.958835,ORCL,False,231.77,0,0,25.04,-10.61,True,ACCELERATION_DECAY
2026-06-03T12:05:32.296276,PANW,False,279.59,0,0,51.97,-9.05,True,ACCELERATION_DECAY
2026-06-03T12:05:32.646416,PH,False,856.2,0,0,-1.89,1.73,True,MOMENTUM_FAILURE
2026-06-03T12:05:32.983780,PLTR,False,142.53,0,0,4.87,0.67,False,ACCELERATION_DECAY
2026-06-03T12:05:33.326303,PWR,False,716.94,0,0,-7.09,-0.31,True,LOST_20_SMA
2026-06-03T12:05:33.668956,PYPL,False,42.55,0,0,-8.47,3.15,True,LOST_20_SMA
2026-06-03T12:05:34.003262,QCOM,False,250.61,0,0,34.34,-8.69,True,ACCELERATION_DECAY
2026-06-03T12:05:34.330781,RBLX,False,43.61,0,0,-0.98,4.43,True,LOST_20_SMA
2026-06-03T12:05:34.697418,REGN,False,619.87,0,0,-11.73,3.25,True,LOST_20_SMA
2026-06-03T12:05:35.088436,RKLB,False,115.12,0,0,46.17,-7.39,True,LOST_20_SMA
2026-06-03T12:05:35.457111,RTX,False,173.88,0,0,0.58,-0.2,True,LOST_20_SMA
2026-06-03T12:05:35.823105,SCHW,False,87.36,0,0,-5.45,-1.22,True,LOST_20_SMA
2026-06-03T12:05:36.166909,SHOP,False,113.1,0,0,5.08,13.35,False,ACCELERATION_DECAY
2026-06-03T12:05:36.509398,SLB,False,56.46,0,0,0.82,-0.85,True,ACCELERATION_DECAY
2026-06-03T12:05:36.836459,SNOW,False,245.27,0,0,73.08,-8.0,False,ACCELERATION_DECAY
2026-06-03T12:05:37.171765,SNPS,False,498.9,0,0,-0.72,-2.9,True,LOST_20_SMA
2026-06-03T12:05:37.511303,SOFI,False,16.75,0,0,4.56,-4.95,True,ACCELERATION_DECAY
2026-06-03T12:05:37.927947,SPGI,False,411.87,0,0,-2.83,-1.11,True,LOST_20_SMA
2026-06-03T12:05:38.268467,SYK,False,294.69,0,0,-0.19,-1.02,True,LOST_20_SMA
2026-06-03T12:05:38.609007,TMO,False,474.19,0,0,1.59,-2.62,True,ACCELERATION_DECAY
2026-06-03T12:05:38.947681,TSLA,False,423.01,0,0,8.64,0.68,False,ACCELERATION_DECAY
2026-06-03T12:05:39.311057,TT,False,465.65,0,0,-2.47,3.2,True,MOMENTUM_FAILURE
2026-06-03T12:05:39.661553,TTWO,False,216.32,0,0,-3.04,-1.8,True,LOST_20_SMA
2026-06-03T12:05:40.081160,UBER,False,71.17,0,0,-2.44,0.68,True,LOST_20_SMA
2026-06-03T12:05:40.445310,UNH,False,381.39,0,0,4.81,2.88,False,ACCELERATION_DECAY
2026-06-03T12:05:40.789971,URI,False,1051.73,0,0,12.61,5.09,False,ACCELERATION_DECAY
2026-06-03T12:05:41.137773,V,False,314.49,0,0,-2.34,0.57,True,LOST_20_SMA
2026-06-03T12:05:41.496900,VLO,False,262.03,0,0,3.39,0.75,False,ACCELERATION_DECAY
2026-06-03T12:05:41.832913,VRSN,False,296.25,0,0,7.43,-1.06,True,ACCELERATION_DECAY
2026-06-03T12:05:42.171759,VRTX,False,427.68,0,0,0.78,1.89,True,LOST_20_SMA
2026-06-03T12:05:42.601128,WMT,False,116.88,0,0,-10.64,2.62,True,LOST_20_SMA
2026-06-03T12:05:42.939673,XOM,False,153.07,0,0,-1.17,1.52,True,MOMENTUM_FAILURE
2026-06-03T12:05:43.287554,ZS,False,135.01,0,0,-4.49,-5.86,True,LOST_20_SMA
2026-06-03T12:10:43.821272,AAPL,False,309.73,0,0,8.99,-4.87,True,ACCELERATION_DECAY
2026-06-03T12:10:44.153312,ABBV,False,218.59,0,0,6.06,2.58,False,ACCELERATION_DECAY
2026-06-03T12:10:44.485314,ABNB,False,133.87,0,0,-4.19,-0.95,True,MOMENTUM_FAILURE
2026-06-03T12:10:44.825337,ADBE,False,255.64,0,0,0.01,-3.2,True,ACCELERATION_DECAY
2026-06-03T12:10:45.164457,ADSK,False,230.69,0,0,-7.51,-3.12,True,LOST_20_SMA
2026-06-03T12:10:45.843239,AMD,False,542.44,0,0,52.69,-0.01,True,ACCELERATION_DECAY
2026-06-03T12:10:46.184840,AMZN,False,248.67,0,0,-9.1,-3.39,True,LOST_20_SMA
2026-06-03T12:10:46.551194,ANET,False,175.65,0,0,3.19,1.62,False,ACCELERATION_DECAY
2026-06-03T12:10:46.903549,APO,False,123.97,0,0,-4.86,-4.53,True,LOST_20_SMA
2026-06-03T12:10:47.257555,APP,False,567.76,0,0,18.75,-8.75,True,ACCELERATION_DECAY
2026-06-03T12:10:47.630720,ARES,False,122.49,0,0,-0.38,-7.3,True,LOST_20_SMA
2026-06-03T12:10:48.376506,ASML,False,1733.74,0,0,20.15,-2.87,True,ACCELERATION_DECAY
2026-06-03T12:10:48.720451,AXP,False,302.37,0,0,-4.3,-1.72,True,LOST_20_SMA
2026-06-03T12:10:49.064521,BA,False,212.31,0,0,-5.38,-3.75,True,LOST_20_SMA
2026-06-03T12:10:49.756195,BKNG,False,164.82,0,0,-1.68,-2.66,True,MOMENTUM_FAILURE
2026-06-03T12:10:50.101720,BLK,False,990.53,0,0,-5.57,-2.4,True,LOST_20_SMA
2026-06-03T12:10:50.455549,BSX,False,47.79,0,0,-14.63,1.5,True,LOST_20_SMA
2026-06-03T12:10:50.804881,BX,False,108.95,0,0,-11.22,-4.58,True,LOST_20_SMA
2026-06-03T12:10:51.152006,CAT,False,925.48,0,0,2.31,-1.7,True,ACCELERATION_DECAY
2026-06-03T12:10:51.499376,CAVA,False,70.83,0,0,-21.6,-2.82,True,LOST_20_SMA
2026-06-03T12:10:51.835829,CDNS,False,405.6,0,0,14.7,-4.44,True,ACCELERATION_DECAY
2026-06-03T12:10:52.184371,CELH,False,30.09,0,0,-10.23,-1.21,True,LOST_20_SMA
2026-06-03T12:10:52.532631,CME,False,253.72,0,0,-11.54,2.16,True,LOST_20_SMA
2026-06-03T12:10:52.878945,CMG,False,28.96,0,0,-10.37,-1.86,True,LOST_20_SMA
2026-06-03T12:10:53.255253,COIN,False,165.15,0,0,-16.49,-2.2,True,LOST_20_SMA
2026-06-03T12:10:53.625559,COP,False,118.73,0,0,-3.72,2.71,True,MOMENTUM_FAILURE
2026-06-03T12:10:53.964568,COST,False,959.67,0,0,-5.58,0.19,True,LOST_20_SMA
2026-06-03T12:10:54.301097,CRM,False,190.16,0,0,1.7,-6.59,True,ACCELERATION_DECAY
2026-06-03T12:10:54.638981,CRWD,False,752.19,0,0,57.85,-6.02,True,ACCELERATION_DECAY
2026-06-03T12:10:54.988467,CVX,False,189.69,0,0,-1.53,0.93,True,MOMENTUM_FAILURE
2026-06-03T12:10:55.342733,DDOG,False,248.13,0,0,70.27,-13.2,True,ACCELERATION_DECAY
2026-06-03T12:10:55.686295,DE,False,588.83,0,0,2.26,2.12,False,ACCELERATION_DECAY
2026-06-03T12:10:56.035093,DELL,False,425.29,0,0,96.6,-9.08,True,ACCELERATION_DECAY
2026-06-03T12:10:56.373695,DHR,False,177.45,0,0,1.61,0.43,False,ACCELERATION_DECAY
2026-06-03T12:10:56.728760,DUOL,False,105.32,0,0,1.24,1.49,True,LOST_20_SMA
2026-06-03T12:10:57.080075,EOG,False,141.94,0,0,0.8,2.94,False,ACCELERATION_DECAY
2026-06-03T12:10:57.419778,ETN,False,421.03,0,0,2.48,3.62,False,ACCELERATION_DECAY
2026-06-03T12:10:58.124019,FICO,False,1166.63,0,0,9.41,-8.67,True,LOST_20_SMA
2026-06-03T12:10:58.500750,FTNT,False,146.72,0,0,63.17,-3.64,True,ACCELERATION_DECAY
2026-06-03T12:10:58.986061,GD,False,339.43,0,0,-2.79,0.5,True,MOMENTUM_FAILURE
2026-06-03T12:10:59.328449,GE,False,316.21,0,0,10.3,-2.96,True,ACCELERATION_DECAY
2026-06-03T12:10:59.666414,GOOG,False,357.79,0,0,-6.89,-1.29,True,LOST_20_SMA
2026-06-03T12:11:00.007240,GOOGL,False,361.36,0,0,-6.97,-1.39,True,LOST_20_SMA
2026-06-03T12:11:00.358200,GS,False,1048.32,0,0,14.09,-3.77,True,ACCELERATION_DECAY
2026-06-03T12:11:00.695561,HD,False,312.28,0,0,-1.0,-0.71,True,MOMENTUM_FAILURE
2026-06-03T12:11:01.045051,HIMS,False,27.48,0,0,4.37,3.49,False,ACCELERATION_DECAY
2026-06-03T12:11:01.386669,HON,False,226.29,0,0,8.24,-3.99,True,ACCELERATION_DECAY
2026-06-03T12:11:01.726406,HOOD,False,83.04,0,0,7.8,-7.36,True,ACCELERATION_DECAY
2026-06-03T12:11:02.076120,ICE,False,138.48,0,0,-10.82,-1.83,True,LOST_20_SMA
2026-06-03T12:11:02.418414,INTC,False,112.32,0,0,3.86,-8.83,True,LOST_20_SMA
2026-06-03T12:11:02.753226,INTU,False,311.92,0,0,-21.69,-0.84,True,LOST_20_SMA
2026-06-03T12:11:03.116902,ISRG,False,405.42,0,0,-10.18,0.88,True,LOST_20_SMA
2026-06-03T12:11:03.516751,JPM,False,301.49,0,0,-2.56,-0.38,True,MOMENTUM_FAILURE
2026-06-03T12:11:03.939011,KKR,False,89.99,0,0,-11.77,-3.18,True,LOST_20_SMA
2026-06-03T12:11:04.289424,KLAC,False,2124.21,0,0,22.58,3.21,False,ACCELERATION_DECAY
2026-06-03T12:11:04.643449,LIN,False,508.01,0,0,1.54,1.06,False,ACCELERATION_DECAY
2026-06-03T12:11:04.976025,LLY,False,1090.64,0,0,10.29,0.35,False,ACCELERATION_DECAY
2026-06-03T12:11:05.312040,LMT,False,515.39,0,0,1.27,2.18,True,LOST_20_SMA
2026-06-03T12:11:05.656347,LRCX,False,343.47,0,0,24.54,-4.79,True,ACCELERATION_DECAY
2026-06-03T12:11:06.003369,LULU,False,125.52,0,0,-3.6,-1.66,True,MOMENTUM_FAILURE
2026-06-03T12:11:06.356478,MA,False,473.42,0,0,-4.76,0.6,True,LOST_20_SMA
2026-06-03T12:11:06.722608,MCD,False,274.54,0,0,-3.73,-1.0,True,LOST_20_SMA
2026-06-03T12:11:07.061099,MCO,False,447.4,0,0,-1.57,-2.47,True,MOMENTUM_FAILURE
2026-06-03T12:11:07.396909,MDB,False,371.3,0,0,39.23,-11.31,True,ACCELERATION_DECAY
2026-06-03T12:11:07.738130,META,False,622.28,0,0,2.86,4.96,False,ACCELERATION_DECAY
2026-06-03T12:11:08.080703,MPC,False,269.23,0,0,3.35,-0.82,True,ACCELERATION_DECAY
2026-06-03T12:11:08.419163,MS,False,211.21,0,0,11.6,-2.74,True,ACCELERATION_DECAY
2026-06-03T12:11:08.792097,MSFT,False,427.88,0,0,4.01,-2.68,True,ACCELERATION_DECAY
2026-06-03T12:11:09.169865,MU,False,1070.8,0,0,67.26,-17.34,True,ACCELERATION_DECAY
2026-06-03T12:11:09.544215,NET,False,265.32,0,0,8.55,-13.08,True,ACCELERATION_DECAY
2026-06-03T12:11:09.893711,NFLX,False,81.45,0,0,-7.33,1.12,True,LOST_20_SMA
2026-06-03T12:11:10.231972,NOC,False,528.26,0,0,-5.43,-0.07,True,LOST_20_SMA
2026-06-03T12:11:10.570726,NOW,False,119.4,0,0,29.77,-9.03,True,ACCELERATION_DECAY
2026-06-03T12:11:10.918581,NUE,False,258.48,0,0,11.38,-3.08,True,ACCELERATION_DECAY
2026-06-03T12:11:11.279946,NVDA,False,215.74,0,0,9.79,-2.47,True,LOST_20_SMA
2026-06-03T12:11:11.619537,ODFL,False,232.65,0,0,18.65,-0.55,True,ACCELERATION_DECAY
2026-06-03T12:11:11.972873,ORCL,False,231.56,0,0,24.93,-10.73,True,ACCELERATION_DECAY
2026-06-03T12:11:12.303359,PANW,False,280.11,0,0,52.25,-8.77,True,ACCELERATION_DECAY
2026-06-03T12:11:12.735205,PH,False,856.98,0,0,-1.8,1.82,True,MOMENTUM_FAILURE
2026-06-03T12:11:13.074146,PLTR,False,142.2,0,0,4.63,0.42,False,ACCELERATION_DECAY
2026-06-03T12:11:13.480930,PWR,False,718.06,0,0,-6.94,-0.17,True,LOST_20_SMA
2026-06-03T12:11:13.909214,PYPL,False,42.49,0,0,-8.6,3.03,True,LOST_20_SMA
2026-06-03T12:11:14.262447,QCOM,False,250.31,0,0,34.18,-8.86,True,ACCELERATION_DECAY
2026-06-03T12:11:14.613693,RBLX,False,43.61,0,0,-0.98,4.43,True,LOST_20_SMA
2026-06-03T12:11:14.976880,REGN,False,620.38,0,0,-11.66,3.33,True,LOST_20_SMA
2026-06-03T12:11:15.319701,RKLB,False,115.06,0,0,46.09,-7.47,True,LOST_20_SMA
2026-06-03T12:11:15.665003,RTX,False,173.73,0,0,0.5,-0.29,True,LOST_20_SMA
2026-06-03T12:11:16.006303,SCHW,False,87.28,0,0,-5.54,-1.31,True,LOST_20_SMA
2026-06-03T12:11:16.345235,SHOP,False,112.88,0,0,4.88,13.14,False,ACCELERATION_DECAY
2026-06-03T12:11:16.691298,SLB,False,56.49,0,0,0.88,-0.8,True,ACCELERATION_DECAY
2026-06-03T12:11:17.034183,SNOW,False,245.0,0,0,72.89,-8.19,False,ACCELERATION_DECAY
2026-06-03T12:11:17.373385,SNPS,False,498.95,0,0,-0.71,-2.89,True,LOST_20_SMA
2026-06-03T12:11:17.724852,SOFI,False,16.7,0,0,4.24,-5.26,True,ACCELERATION_DECAY
2026-06-03T12:11:18.060825,SPGI,False,411.87,0,0,-2.83,-1.11,True,LOST_20_SMA
2026-06-03T12:11:18.408991,SYK,False,294.51,0,0,-0.25,-1.08,True,LOST_20_SMA
2026-06-03T12:11:18.900195,TMO,False,473.88,0,0,1.53,-2.69,True,ACCELERATION_DECAY
2026-06-03T12:11:19.239413,TSLA,False,423.13,0,0,8.67,0.71,False,ACCELERATION_DECAY
2026-06-03T12:11:19.578300,TT,False,465.53,0,0,-2.5,3.17,True,MOMENTUM_FAILURE
2026-06-03T12:11:19.915545,TTWO,False,216.33,0,0,-3.04,-1.8,True,LOST_20_SMA
2026-06-03T12:11:20.251025,UBER,False,71.09,0,0,-2.55,0.57,True,LOST_20_SMA
2026-06-03T12:11:20.584599,UNH,False,381.47,0,0,4.84,2.9,False,ACCELERATION_DECAY
2026-06-03T12:11:20.930810,URI,False,1052.16,0,0,12.66,5.13,False,ACCELERATION_DECAY
2026-06-03T12:11:21.273460,V,False,314.7,0,0,-2.28,0.64,True,LOST_20_SMA
2026-06-03T12:11:21.622058,VLO,False,261.87,0,0,3.32,0.69,False,ACCELERATION_DECAY
2026-06-03T12:11:21.973648,VRSN,False,296.33,0,0,7.46,-1.03,True,ACCELERATION_DECAY
2026-06-03T12:11:22.320750,VRTX,False,428.35,0,0,0.94,2.05,True,LOST_20_SMA
2026-06-03T12:11:22.738039,WMT,False,116.89,0,0,-10.63,2.62,True,LOST_20_SMA
2026-06-03T12:11:23.086034,XOM,False,153.17,0,0,-1.1,1.58,True,MOMENTUM_FAILURE
2026-06-03T12:11:23.452626,ZS,False,135.42,0,0,-4.2,-5.57,True,LOST_20_SMA
2026-06-03T12:16:24.276099,AAPL,False,309.86,0,0,9.04,-4.82,True,ACCELERATION_DECAY
2026-06-03T12:16:24.638104,ABBV,False,218.64,0,0,6.08,2.6,False,ACCELERATION_DECAY
2026-06-03T12:16:24.984767,ABNB,False,133.57,0,0,-4.41,-1.16,True,LOST_20_SMA
2026-06-03T12:16:25.324774,ADBE,False,255.48,0,0,-0.05,-3.26,True,MOMENTUM_FAILURE
2026-06-03T12:16:25.675112,ADSK,False,230.43,0,0,-7.62,-3.22,True,LOST_20_SMA
2026-06-03T12:16:26.473156,AMD,False,541.15,0,0,52.33,-0.38,True,ACCELERATION_DECAY
2026-06-03T12:16:26.866138,AMZN,False,248.58,0,0,-9.13,-3.42,True,LOST_20_SMA
2026-06-03T12:16:27.215690,ANET,False,175.34,0,0,3.01,1.44,False,ACCELERATION_DECAY
2026-06-03T12:16:27.556851,APO,False,123.91,0,0,-4.9,-4.57,True,LOST_20_SMA
2026-06-03T12:16:27.889742,APP,False,568.56,0,0,18.92,-8.58,True,ACCELERATION_DECAY
2026-06-03T12:16:28.232085,ARES,False,122.38,0,0,-0.47,-7.39,True,LOST_20_SMA
2026-06-03T12:16:28.916294,ASML,False,1732.64,0,0,20.08,-2.95,True,ACCELERATION_DECAY
2026-06-03T12:16:29.290340,AXP,False,302.02,0,0,-4.41,-1.83,True,LOST_20_SMA
2026-06-03T12:16:29.632504,BA,False,211.9,0,0,-5.56,-3.94,True,LOST_20_SMA
2026-06-03T12:16:30.331169,BKNG,False,164.87,0,0,-1.65,-2.63,True,MOMENTUM_FAILURE
2026-06-03T12:16:30.669005,BLK,False,990.01,0,0,-5.62,-2.45,True,LOST_20_SMA
2026-06-03T12:16:31.000632,BSX,False,47.82,0,0,-14.58,1.55,True,LOST_20_SMA
2026-06-03T12:16:31.343257,BX,False,108.91,0,0,-11.25,-4.61,True,LOST_20_SMA
2026-06-03T12:16:31.740585,CAT,False,926.06,0,0,2.37,-1.63,True,ACCELERATION_DECAY
2026-06-03T12:16:32.112424,CAVA,False,70.5,0,0,-21.96,-3.18,True,LOST_20_SMA
2026-06-03T12:16:32.444126,CDNS,False,405.8,0,0,14.75,-4.38,True,ACCELERATION_DECAY
2026-06-03T12:16:32.774536,CELH,False,30.06,0,0,-10.32,-1.3,True,LOST_20_SMA
2026-06-03T12:16:33.123050,CME,False,253.36,0,0,-11.67,2.03,True,LOST_20_SMA
2026-06-03T12:16:33.473869,CMG,False,28.86,0,0,-10.68,-2.17,True,LOST_20_SMA
2026-06-03T12:16:33.809758,COIN,False,164.71,0,0,-16.71,-2.42,True,LOST_20_SMA
2026-06-03T12:16:34.151244,COP,False,118.73,0,0,-3.72,2.71,True,MOMENTUM_FAILURE
2026-06-03T12:16:34.487238,COST,False,960.62,0,0,-5.49,0.29,True,LOST_20_SMA
2026-06-03T12:16:34.820605,CRM,False,190.04,0,0,1.63,-6.65,True,ACCELERATION_DECAY
2026-06-03T12:16:35.160687,CRWD,False,752.66,0,0,57.95,-5.93,True,ACCELERATION_DECAY
2026-06-03T12:16:35.501201,CVX,False,189.57,0,0,-1.59,0.87,True,MOMENTUM_FAILURE
2026-06-03T12:16:35.833824,DDOG,False,247.49,0,0,69.83,-13.64,True,ACCELERATION_DECAY
2026-06-03T12:16:36.179414,DE,False,589.48,0,0,2.38,2.23,False,ACCELERATION_DECAY
2026-06-03T12:16:36.510590,DELL,False,424.86,0,0,96.4,-9.28,True,ACCELERATION_DECAY
2026-06-03T12:16:36.904111,DHR,False,177.37,0,0,1.57,0.38,False,ACCELERATION_DECAY
2026-06-03T12:16:37.334913,DUOL,False,105.37,0,0,1.29,1.54,True,LOST_20_SMA
2026-06-03T12:16:37.681322,EOG,False,141.85,0,0,0.73,2.87,False,ACCELERATION_DECAY
2026-06-03T12:16:38.084018,ETN,False,420.95,0,0,2.46,3.6,False,ACCELERATION_DECAY
2026-06-03T12:16:38.763715,FICO,False,1163.27,0,0,9.1,-8.98,True,LOST_20_SMA
2026-06-03T12:16:39.104919,FTNT,False,146.59,0,0,63.02,-3.79,True,ACCELERATION_DECAY
2026-06-03T12:16:39.449292,GD,False,339.32,0,0,-2.82,0.47,True,MOMENTUM_FAILURE
2026-06-03T12:16:39.861419,GE,False,316.31,0,0,10.34,-2.93,True,ACCELERATION_DECAY
2026-06-03T12:16:40.198423,GOOG,False,356.94,0,0,-7.11,-1.51,True,LOST_20_SMA
2026-06-03T12:16:40.707640,GOOGL,False,360.56,0,0,-7.18,-1.59,True,LOST_20_SMA
2026-06-03T12:16:41.048725,GS,False,1047.97,0,0,14.05,-3.81,True,ACCELERATION_DECAY
2026-06-03T12:16:41.385681,HD,False,312.2,0,0,-1.02,-0.73,True,MOMENTUM_FAILURE
2026-06-03T12:16:41.730154,HIMS,False,27.53,0,0,4.56,3.68,False,ACCELERATION_DECAY
2026-06-03T12:16:42.139866,HON,False,226.27,0,0,8.23,-4.0,True,ACCELERATION_DECAY
2026-06-03T12:16:42.494231,HOOD,False,83.04,0,0,7.8,-7.36,True,ACCELERATION_DECAY
2026-06-03T12:16:42.841279,ICE,False,138.07,0,0,-11.08,-2.1,True,LOST_20_SMA
2026-06-03T12:16:43.182009,INTC,False,112.09,0,0,3.64,-9.04,True,LOST_20_SMA
2026-06-03T12:16:43.519960,INTU,False,311.4,0,0,-21.82,-0.97,True,LOST_20_SMA
2026-06-03T12:16:43.859750,ISRG,False,405.37,0,0,-10.19,0.87,True,LOST_20_SMA
2026-06-03T12:16:44.198902,JPM,False,301.54,0,0,-2.54,-0.37,True,MOMENTUM_FAILURE
2026-06-03T12:16:44.532982,KKR,False,90.05,0,0,-11.72,-3.12,True,LOST_20_SMA
2026-06-03T12:16:44.871955,KLAC,False,2125.47,0,0,22.65,3.28,False,ACCELERATION_DECAY
2026-06-03T12:16:45.221913,LIN,False,507.94,0,0,1.53,1.05,False,ACCELERATION_DECAY
2026-06-03T12:16:45.557657,LLY,False,1089.38,0,0,10.16,0.22,False,ACCELERATION_DECAY
2026-06-03T12:16:45.904623,LMT,False,515.6,0,0,1.31,2.22,True,LOST_20_SMA
2026-06-03T12:16:46.209659,LRCX,False,343.76,0,0,24.64,-4.69,True,ACCELERATION_DECAY
2026-06-03T12:16:46.540583,LULU,False,125.25,0,0,-3.81,-1.86,True,LOST_20_SMA
2026-06-03T12:16:46.943835,MA,False,473.04,0,0,-4.84,0.52,True,LOST_20_SMA
2026-06-03T12:16:47.363183,MCD,False,274.26,0,0,-3.83,-1.1,True,LOST_20_SMA
2026-06-03T12:16:47.714802,MCO,False,447.08,0,0,-1.64,-2.54,True,MOMENTUM_FAILURE
2026-06-03T12:16:48.113186,MDB,False,371.07,0,0,39.14,-11.39,True,ACCELERATION_DECAY
2026-06-03T12:16:48.455902,META,False,621.83,0,0,2.79,4.88,False,ACCELERATION_DECAY
2026-06-03T12:16:48.796573,MPC,False,268.77,0,0,3.17,-0.99,True,ACCELERATION_DECAY
2026-06-03T12:16:49.134051,MS,False,211.39,0,0,11.7,-2.65,True,ACCELERATION_DECAY
2026-06-03T12:16:49.473307,MSFT,False,427.94,0,0,4.03,-2.67,True,ACCELERATION_DECAY
2026-06-03T12:16:49.826647,MU,False,1070.28,0,0,67.18,-17.42,True,ACCELERATION_DECAY
2026-06-03T12:16:50.165333,NET,False,265.23,0,0,8.51,-13.12,True,ACCELERATION_DECAY
2026-06-03T12:16:50.506076,NFLX,False,81.47,0,0,-7.3,1.14,True,LOST_20_SMA
2026-06-03T12:16:50.843702,NOC,False,528.2,0,0,-5.44,-0.08,True,LOST_20_SMA
2026-06-03T12:16:51.198587,NOW,False,119.17,0,0,29.52,-9.28,True,ACCELERATION_DECAY
2026-06-03T12:16:51.537769,NUE,False,258.55,0,0,11.41,-3.05,True,ACCELERATION_DECAY
2026-06-03T12:16:51.977386,NVDA,False,215.9,0,0,9.87,-2.39,True,LOST_20_SMA
2026-06-03T12:16:52.434833,ODFL,False,232.99,0,0,18.82,-0.38,True,ACCELERATION_DECAY
2026-06-03T12:16:52.768538,ORCL,False,231.88,0,0,25.1,-10.56,True,ACCELERATION_DECAY
2026-06-03T12:16:53.113885,PANW,False,280.18,0,0,52.29,-8.73,True,ACCELERATION_DECAY
2026-06-03T12:16:53.456776,PH,False,856.69,0,0,-1.83,1.79,True,MOMENTUM_FAILURE
2026-06-03T12:16:53.787143,PLTR,False,142.25,0,0,4.66,0.46,False,ACCELERATION_DECAY
2026-06-03T12:16:54.155705,PWR,False,719.0,0,0,-6.82,-0.05,True,LOST_20_SMA
2026-06-03T12:16:54.508770,PYPL,False,42.41,0,0,-8.78,2.85,True,LOST_20_SMA
2026-06-03T12:16:54.857089,QCOM,False,250.15,0,0,34.09,-8.94,True,ACCELERATION_DECAY
2026-06-03T12:16:55.189388,RBLX,False,43.64,0,0,-0.91,4.49,True,LOST_20_SMA
2026-06-03T12:16:55.521394,REGN,False,620.84,0,0,-11.6,3.39,True,LOST_20_SMA
2026-06-03T12:16:55.856431,RKLB,False,114.9,0,0,45.89,-7.67,True,LOST_20_SMA
2026-06-03T12:16:56.194041,RTX,False,173.81,0,0,0.54,-0.24,True,LOST_20_SMA
2026-06-03T12:16:56.578670,SCHW,False,87.33,0,0,-5.49,-1.26,True,LOST_20_SMA
2026-06-03T12:16:56.959359,SHOP,False,112.86,0,0,4.86,13.12,False,ACCELERATION_DECAY
2026-06-03T12:16:57.325597,SLB,False,56.55,0,0,0.98,-0.69,True,ACCELERATION_DECAY
2026-06-03T12:16:57.663484,SNOW,False,244.56,0,0,72.58,-8.51,False,ACCELERATION_DECAY
2026-06-03T12:16:58.067782,SNPS,False,498.57,0,0,-0.78,-2.96,True,LOST_20_SMA
2026-06-03T12:16:58.410964,SOFI,False,16.68,0,0,4.12,-5.39,True,ACCELERATION_DECAY
2026-06-03T12:16:58.780037,SPGI,False,411.79,0,0,-2.85,-1.13,True,LOST_20_SMA
2026-06-03T12:16:59.118846,SYK,False,294.51,0,0,-0.25,-1.08,True,LOST_20_SMA
2026-06-03T12:16:59.455273,TMO,False,474.2,0,0,1.59,-2.62,True,ACCELERATION_DECAY
2026-06-03T12:16:59.791964,TSLA,False,421.71,0,0,8.31,0.35,False,ACCELERATION_DECAY
2026-06-03T12:17:00.132241,TT,False,465.07,0,0,-2.59,3.08,True,MOMENTUM_FAILURE
2026-06-03T12:17:00.470422,TTWO,False,216.19,0,0,-3.1,-1.86,True,LOST_20_SMA
2026-06-03T12:17:00.814109,UBER,False,71.06,0,0,-2.59,0.53,True,LOST_20_SMA
2026-06-03T12:17:01.160069,UNH,False,381.33,0,0,4.8,2.86,False,ACCELERATION_DECAY
2026-06-03T12:17:01.511892,URI,False,1048.95,0,0,12.31,4.79,False,ACCELERATION_DECAY
2026-06-03T12:17:01.880918,V,False,314.48,0,0,-2.34,0.57,True,LOST_20_SMA
2026-06-03T12:17:02.276860,VLO,False,262.0,0,0,3.37,0.74,False,ACCELERATION_DECAY
2026-06-03T12:17:02.612813,VRSN,False,296.21,0,0,7.41,-1.07,True,ACCELERATION_DECAY
2026-06-03T12:17:02.957318,VRTX,False,428.39,0,0,0.95,2.06,True,LOST_20_SMA
2026-06-03T12:17:03.385801,WMT,False,116.89,0,0,-10.63,2.62,True,LOST_20_SMA
2026-06-03T12:17:03.723911,XOM,False,153.17,0,0,-1.1,1.58,True,MOMENTUM_FAILURE
2026-06-03T12:17:04.059549,ZS,False,135.22,0,0,-4.34,-5.71,True,LOST_20_SMA
2026-06-03T12:22:04.530855,AAPL,False,309.88,0,0,9.04,-4.82,True,ACCELERATION_DECAY
2026-06-03T12:22:04.867790,ABBV,False,218.36,0,0,5.94,2.47,False,ACCELERATION_DECAY
2026-06-03T12:22:05.209504,ABNB,False,133.53,0,0,-4.44,-1.19,True,LOST_20_SMA
2026-06-03T12:22:05.556100,ADBE,False,255.31,0,0,-0.12,-3.33,True,MOMENTUM_FAILURE
2026-06-03T12:22:05.919688,ADSK,False,230.72,0,0,-7.5,-3.11,True,LOST_20_SMA
2026-06-03T12:22:06.597746,AMD,False,542.17,0,0,52.61,-0.09,True,ACCELERATION_DECAY
2026-06-03T12:22:06.961507,AMZN,False,248.2,0,0,-9.27,-3.56,True,LOST_20_SMA
2026-06-03T12:22:07.324629,ANET,False,176.05,0,0,3.42,1.86,False,ACCELERATION_DECAY
2026-06-03T12:22:07.712882,APO,False,123.93,0,0,-4.89,-4.56,True,LOST_20_SMA
2026-06-03T12:22:08.127320,APP,False,567.28,0,0,18.65,-8.85,True,ACCELERATION_DECAY
2026-06-03T12:22:08.468920,ARES,False,122.56,0,0,-0.33,-7.24,True,LOST_20_SMA
2026-06-03T12:22:09.153757,ASML,False,1734.02,0,0,20.17,-2.85,True,ACCELERATION_DECAY
2026-06-03T12:22:09.490875,AXP,False,301.98,0,0,-4.42,-1.84,True,LOST_20_SMA
2026-06-03T12:22:09.832776,BA,False,211.81,0,0,-5.6,-3.98,True,LOST_20_SMA
2026-06-03T12:22:10.575591,BKNG,False,164.45,0,0,-1.9,-2.88,True,MOMENTUM_FAILURE
2026-06-03T12:22:10.917670,BLK,False,990.02,0,0,-5.61,-2.45,True,LOST_20_SMA
2026-06-03T12:22:11.252552,BSX,False,47.76,0,0,-14.68,1.45,True,LOST_20_SMA
2026-06-03T12:22:11.603940,BX,False,108.95,0,0,-11.22,-4.58,True,LOST_20_SMA
2026-06-03T12:22:11.944638,CAT,False,926.53,0,0,2.43,-1.58,True,ACCELERATION_DECAY
2026-06-03T12:22:12.303494,CAVA,False,70.38,0,0,-22.09,-3.31,True,LOST_20_SMA
2026-06-03T12:22:12.644522,CDNS,False,405.37,0,0,14.63,-4.5,True,ACCELERATION_DECAY
2026-06-03T12:22:12.987377,CELH,False,30.04,0,0,-10.38,-1.36,True,LOST_20_SMA
2026-06-03T12:22:13.331248,CME,False,253.43,0,0,-11.64,2.06,True,LOST_20_SMA
2026-06-03T12:22:13.677445,CMG,False,28.84,0,0,-10.74,-2.23,True,LOST_20_SMA
2026-06-03T12:22:14.018480,COIN,False,164.59,0,0,-16.77,-2.48,True,LOST_20_SMA
2026-06-03T12:22:14.362060,COP,False,118.75,0,0,-3.71,2.73,True,MOMENTUM_FAILURE
2026-06-03T12:22:14.707994,COST,False,960.35,0,0,-5.52,0.26,True,LOST_20_SMA
2026-06-03T12:22:15.060436,CRM,False,189.95,0,0,1.58,-6.7,True,ACCELERATION_DECAY
2026-06-03T12:22:15.401669,CRWD,False,753.04,0,0,58.03,-5.85,True,ACCELERATION_DECAY
2026-06-03T12:22:15.737117,CVX,False,189.76,0,0,-1.5,0.96,True,MOMENTUM_FAILURE
2026-06-03T12:22:16.074824,DDOG,False,247.6,0,0,69.9,-13.57,True,ACCELERATION_DECAY
2026-06-03T12:22:16.466230,DE,False,589.3,0,0,2.35,2.2,False,ACCELERATION_DECAY
2026-06-03T12:22:16.809283,DELL,False,424.53,0,0,96.25,-9.43,True,ACCELERATION_DECAY
2026-06-03T12:22:17.164890,DHR,False,177.15,0,0,1.44,0.25,False,ACCELERATION_DECAY
2026-06-03T12:22:17.528001,DUOL,False,105.87,0,0,1.77,2.02,True,LOST_20_SMA
2026-06-03T12:22:17.907456,EOG,False,141.89,0,0,0.76,2.9,False,ACCELERATION_DECAY
2026-06-03T12:22:18.244780,ETN,False,421.25,0,0,2.53,3.67,False,ACCELERATION_DECAY
2026-06-03T12:22:18.942947,FICO,False,1164.16,0,0,9.18,-8.9,True,LOST_20_SMA
2026-06-03T12:22:19.282284,FTNT,False,146.65,0,0,63.09,-3.72,True,ACCELERATION_DECAY
2026-06-03T12:22:19.612583,GD,False,339.11,0,0,-2.88,0.41,True,LOST_20_SMA
2026-06-03T12:22:19.963534,GE,False,315.53,0,0,10.06,-3.2,True,ACCELERATION_DECAY
2026-06-03T12:22:20.302882,GOOG,False,356.04,0,0,-7.35,-1.75,True,LOST_20_SMA
2026-06-03T12:22:20.666174,GOOGL,False,359.68,0,0,-7.4,-1.82,True,LOST_20_SMA
2026-06-03T12:22:21.007414,GS,False,1047.19,0,0,13.96,-3.9,True,ACCELERATION_DECAY
2026-06-03T12:22:21.351699,HD,False,311.62,0,0,-1.2,-0.92,True,MOMENTUM_FAILURE
2026-06-03T12:22:21.703389,HIMS,False,27.54,0,0,4.6,3.72,False,ACCELERATION_DECAY
2026-06-03T12:22:22.066868,HON,False,227.18,0,0,8.67,-3.57,True,ACCELERATION_DECAY
2026-06-03T12:22:22.402674,HOOD,False,82.82,0,0,7.52,-7.65,True,ACCELERATION_DECAY
2026-06-03T12:22:22.737603,ICE,False,138.01,0,0,-11.12,-2.13,True,LOST_20_SMA
2026-06-03T12:22:23.076841,INTC,False,112.65,0,0,4.16,-8.52,True,LOST_20_SMA
2026-06-03T12:22:23.414311,INTU,False,311.32,0,0,-21.84,-0.99,True,LOST_20_SMA
2026-06-03T12:22:23.743500,ISRG,False,405.09,0,0,-10.26,0.81,True,LOST_20_SMA
2026-06-03T12:22:24.082890,JPM,False,301.38,0,0,-2.59,-0.42,True,MOMENTUM_FAILURE
2026-06-03T12:22:24.426715,KKR,False,90.03,0,0,-11.74,-3.14,True,LOST_20_SMA
2026-06-03T12:22:24.763660,KLAC,False,2128.18,0,0,22.81,3.44,False,ACCELERATION_DECAY
2026-06-03T12:22:25.099340,LIN,False,507.89,0,0,1.52,1.04,False,ACCELERATION_DECAY
2026-06-03T12:22:25.459005,LLY,False,1090.18,0,0,10.25,0.3,False,ACCELERATION_DECAY
2026-06-03T12:22:25.796657,LMT,False,515.04,0,0,1.2,2.11,True,LOST_20_SMA
2026-06-03T12:22:26.127730,LRCX,False,344.31,0,0,24.84,-4.49,True,ACCELERATION_DECAY
2026-06-03T12:22:26.464336,LULU,False,125.41,0,0,-3.69,-1.74,True,MOMENTUM_FAILURE
2026-06-03T12:22:26.807029,MA,False,473.21,0,0,-4.8,0.56,True,LOST_20_SMA
2026-06-03T12:22:27.146831,MCD,False,274.29,0,0,-3.82,-1.09,True,LOST_20_SMA
2026-06-03T12:22:27.485149,MCO,False,446.6,0,0,-1.75,-2.65,True,MOMENTUM_FAILURE
2026-06-03T12:22:27.830499,MDB,False,370.6,0,0,38.97,-11.57,True,ACCELERATION_DECAY
2026-06-03T12:22:28.246869,META,False,620.71,0,0,2.6,4.7,False,ACCELERATION_DECAY
2026-06-03T12:22:28.582944,MPC,False,268.8,0,0,3.18,-0.98,True,ACCELERATION_DECAY
2026-06-03T12:22:28.922253,MS,False,211.34,0,0,11.67,-2.67,True,ACCELERATION_DECAY
2026-06-03T12:22:29.261278,MSFT,False,427.79,0,0,3.99,-2.71,True,ACCELERATION_DECAY
2026-06-03T12:22:29.600980,MU,False,1073.44,0,0,67.67,-16.92,True,ACCELERATION_DECAY
2026-06-03T12:22:29.936242,NET,False,265.73,0,0,8.71,-12.92,True,ACCELERATION_DECAY
2026-06-03T12:22:30.268893,NFLX,False,81.34,0,0,-7.45,1.0,True,LOST_20_SMA
2026-06-03T12:22:30.614572,NOC,False,527.28,0,0,-5.61,-0.24,True,LOST_20_SMA
2026-06-03T12:22:30.955418,NOW,False,118.7,0,0,29.01,-9.79,True,ACCELERATION_DECAY
2026-06-03T12:22:31.296809,NUE,False,258.89,0,0,11.56,-2.9,True,ACCELERATION_DECAY
2026-06-03T12:22:31.637373,NVDA,False,215.9,0,0,9.87,-2.39,True,LOST_20_SMA
2026-06-03T12:22:31.981055,ODFL,False,232.38,0,0,18.51,-0.69,True,ACCELERATION_DECAY
2026-06-03T12:22:32.324097,ORCL,False,231.33,0,0,24.81,-10.85,True,ACCELERATION_DECAY
2026-06-03T12:22:32.663981,PANW,False,280.01,0,0,52.2,-8.82,True,ACCELERATION_DECAY
2026-06-03T12:22:32.999009,PH,False,856.2,0,0,-1.89,1.73,True,MOMENTUM_FAILURE
2026-06-03T12:22:33.337161,PLTR,False,141.98,0,0,4.47,0.26,False,ACCELERATION_DECAY
2026-06-03T12:22:33.684554,PWR,False,719.88,0,0,-6.7,0.07,True,LOST_20_SMA
2026-06-03T12:22:34.061827,PYPL,False,42.42,0,0,-8.75,2.87,True,LOST_20_SMA
2026-06-03T12:22:34.400441,QCOM,False,250.59,0,0,34.33,-8.71,True,ACCELERATION_DECAY
2026-06-03T12:22:34.739452,RBLX,False,43.62,0,0,-0.95,4.45,True,LOST_20_SMA
2026-06-03T12:22:35.073564,REGN,False,621.18,0,0,-11.55,3.44,True,LOST_20_SMA
2026-06-03T12:22:35.412497,RKLB,False,114.73,0,0,45.67,-7.88,True,LOST_20_SMA
2026-06-03T12:22:35.746006,RTX,False,173.76,0,0,0.51,-0.27,True,LOST_20_SMA
2026-06-03T12:22:36.202649,SCHW,False,87.35,0,0,-5.47,-1.23,True,LOST_20_SMA
2026-06-03T12:22:36.551065,SHOP,False,112.59,0,0,4.61,12.87,False,ACCELERATION_DECAY
2026-06-03T12:22:36.884696,SLB,False,56.64,0,0,1.14,-0.53,True,ACCELERATION_DECAY
2026-06-03T12:22:37.219433,SNOW,False,244.23,0,0,72.34,-8.74,False,ACCELERATION_DECAY
2026-06-03T12:22:37.556194,SNPS,False,497.7,0,0,-0.96,-3.14,True,LOST_20_SMA
2026-06-03T12:22:37.892506,SOFI,False,16.66,0,0,4.0,-5.51,True,ACCELERATION_DECAY
2026-06-03T12:22:38.287120,SPGI,False,411.42,0,0,-2.94,-1.22,True,LOST_20_SMA
2026-06-03T12:22:38.633926,SYK,False,294.67,0,0,-0.2,-1.03,True,LOST_20_SMA
2026-06-03T12:22:38.973561,TMO,False,472.73,0,0,1.28,-2.93,True,ACCELERATION_DECAY
2026-06-03T12:22:39.311059,TSLA,False,421.78,0,0,8.32,0.37,False,ACCELERATION_DECAY
2026-06-03T12:22:39.655606,TT,False,465.42,0,0,-2.52,3.15,True,MOMENTUM_FAILURE
2026-06-03T12:22:39.989212,TTWO,False,215.72,0,0,-3.31,-2.07,True,LOST_20_SMA
2026-06-03T12:22:40.325852,UBER,False,71.06,0,0,-2.59,0.53,True,LOST_20_SMA
2026-06-03T12:22:40.682761,UNH,False,381.25,0,0,4.78,2.84,False,ACCELERATION_DECAY
2026-06-03T12:22:41.044572,URI,False,1051.25,0,0,12.56,5.04,False,ACCELERATION_DECAY
2026-06-03T12:22:41.390850,V,False,314.32,0,0,-2.39,0.52,True,LOST_20_SMA
2026-06-03T12:22:41.752314,VLO,False,262.24,0,0,3.47,0.83,False,ACCELERATION_DECAY
2026-06-03T12:22:42.090229,VRSN,False,296.08,0,0,7.36,-1.12,True,ACCELERATION_DECAY
2026-06-03T12:22:42.440387,VRTX,False,428.19,0,0,0.9,2.01,True,LOST_20_SMA
2026-06-03T12:22:42.859454,WMT,False,116.91,0,0,-10.61,2.64,True,LOST_20_SMA
2026-06-03T12:22:43.198055,XOM,False,153.21,0,0,-1.08,1.61,True,MOMENTUM_FAILURE
2026-06-03T12:22:43.535000,ZS,False,134.93,0,0,-4.55,-5.92,True,LOST_20_SMA
2026-06-03T12:27:43.995739,AAPL,False,309.56,0,0,8.93,-4.93,True,ACCELERATION_DECAY
2026-06-03T12:27:44.329327,ABBV,False,218.24,0,0,5.89,2.41,False,ACCELERATION_DECAY
2026-06-03T12:27:44.661631,ABNB,False,133.58,0,0,-4.4,-1.15,True,LOST_20_SMA
2026-06-03T12:27:45.013331,ADBE,False,255.5,0,0,-0.05,-3.26,True,MOMENTUM_FAILURE
2026-06-03T12:27:45.357311,ADSK,False,230.67,0,0,-7.52,-3.13,True,LOST_20_SMA
2026-06-03T12:27:46.032505,AMD,False,539.74,0,0,51.93,-0.77,True,ACCELERATION_DECAY
2026-06-03T12:27:46.363747,AMZN,False,248.17,0,0,-9.28,-3.57,True,LOST_20_SMA
2026-06-03T12:27:46.715339,ANET,False,176.29,0,0,3.57,2.0,False,ACCELERATION_DECAY
2026-06-03T12:27:47.053910,APO,False,123.93,0,0,-4.89,-4.56,True,LOST_20_SMA
2026-06-03T12:27:47.394266,APP,False,568.1,0,0,18.82,-8.68,True,ACCELERATION_DECAY
2026-06-03T12:27:47.729205,ARES,False,122.59,0,0,-0.3,-7.22,True,LOST_20_SMA
2026-06-03T12:27:48.415824,ASML,False,1732.48,0,0,20.07,-2.96,True,ACCELERATION_DECAY
2026-06-03T12:27:48.770801,AXP,False,301.89,0,0,-4.45,-1.87,True,LOST_20_SMA
2026-06-03T12:27:49.106541,BA,False,212.1,0,0,-5.47,-3.85,True,LOST_20_SMA
2026-06-03T12:27:49.784568,BKNG,False,164.66,0,0,-1.77,-2.76,True,MOMENTUM_FAILURE
2026-06-03T12:27:50.126426,BLK,False,989.81,0,0,-5.63,-2.47,True,LOST_20_SMA
2026-06-03T12:27:50.477332,BSX,False,47.72,0,0,-14.76,1.37,True,LOST_20_SMA
2026-06-03T12:27:50.816480,BX,False,108.94,0,0,-11.23,-4.58,True,LOST_20_SMA
2026-06-03T12:27:51.155389,CAT,False,926.27,0,0,2.4,-1.61,True,ACCELERATION_DECAY
2026-06-03T12:27:51.496335,CAVA,False,70.38,0,0,-22.09,-3.31,True,LOST_20_SMA
2026-06-03T12:27:51.837807,CDNS,False,405.32,0,0,14.62,-4.52,True,ACCELERATION_DECAY
2026-06-03T12:27:52.197936,CELH,False,30.03,0,0,-10.41,-1.39,True,LOST_20_SMA
2026-06-03T12:27:52.557624,CME,False,253.38,0,0,-11.66,2.04,True,LOST_20_SMA
2026-06-03T12:27:52.918345,CMG,False,28.84,0,0,-10.74,-2.23,True,LOST_20_SMA
2026-06-03T12:27:53.254386,COIN,False,164.47,0,0,-16.83,-2.54,True,LOST_20_SMA
2026-06-03T12:27:53.590042,COP,False,118.86,0,0,-3.62,2.82,True,MOMENTUM_FAILURE
2026-06-03T12:27:53.927739,COST,False,960.34,0,0,-5.52,0.26,True,LOST_20_SMA
2026-06-03T12:27:54.269546,CRM,False,190.34,0,0,1.79,-6.49,True,ACCELERATION_DECAY
2026-06-03T12:27:54.597124,CRWD,False,753.21,0,0,58.06,-5.81,True,ACCELERATION_DECAY
2026-06-03T12:27:54.941077,CVX,False,189.86,0,0,-1.44,1.02,True,MOMENTUM_FAILURE
2026-06-03T12:27:55.280402,DDOG,False,247.61,0,0,69.91,-13.56,True,ACCELERATION_DECAY
2026-06-03T12:27:55.610482,DE,False,589.58,0,0,2.39,2.25,False,ACCELERATION_DECAY
2026-06-03T12:27:55.943073,DELL,False,423.11,0,0,95.59,-10.09,True,ACCELERATION_DECAY
2026-06-03T12:27:56.299579,DHR,False,177.39,0,0,1.58,0.39,False,ACCELERATION_DECAY
2026-06-03T12:27:56.634423,DUOL,False,106.01,0,0,1.9,2.16,True,LOST_20_SMA
2026-06-03T12:27:56.976447,EOG,False,142.05,0,0,0.87,3.01,False,ACCELERATION_DECAY
2026-06-03T12:27:57.311045,ETN,False,420.61,0,0,2.37,3.51,False,ACCELERATION_DECAY
2026-06-03T12:27:57.996885,FICO,False,1166.85,0,0,9.43,-8.65,True,LOST_20_SMA
2026-06-03T12:27:58.405672,FTNT,False,146.35,0,0,62.76,-4.05,True,ACCELERATION_DECAY
2026-06-03T12:27:58.752466,GD,False,338.75,0,0,-2.98,0.3,True,LOST_20_SMA
2026-06-03T12:27:59.093556,GE,False,315.69,0,0,10.12,-3.14,True,ACCELERATION_DECAY
2026-06-03T12:27:59.429124,GOOG,False,356.36,0,0,-7.26,-1.67,True,LOST_20_SMA
2026-06-03T12:27:59.772325,GOOGL,False,360.0,0,0,-7.32,-1.74,True,LOST_20_SMA
2026-06-03T12:28:00.111069,GS,False,1045.85,0,0,13.82,-4.04,True,ACCELERATION_DECAY
2026-06-03T12:28:00.457538,HD,False,311.36,0,0,-1.29,-1.0,True,MOMENTUM_FAILURE
2026-06-03T12:28:00.798473,HIMS,False,27.51,0,0,4.48,3.6,False,ACCELERATION_DECAY
2026-06-03T12:28:01.139030,HON,False,227.26,0,0,8.71,-3.53,True,ACCELERATION_DECAY
2026-06-03T12:28:01.495611,HOOD,False,82.82,0,0,7.52,-7.65,True,ACCELERATION_DECAY
2026-06-03T12:28:01.845584,ICE,False,138.16,0,0,-11.03,-2.04,True,LOST_20_SMA
2026-06-03T12:28:02.198483,INTC,False,111.98,0,0,3.54,-9.14,True,LOST_20_SMA
2026-06-03T12:28:02.564391,INTU,False,311.25,0,0,-21.86,-1.01,True,LOST_20_SMA
2026-06-03T12:28:02.906176,ISRG,False,405.57,0,0,-10.15,0.92,True,LOST_20_SMA
2026-06-03T12:28:03.255147,JPM,False,301.37,0,0,-2.6,-0.42,True,MOMENTUM_FAILURE
2026-06-03T12:28:03.634525,KKR,False,90.19,0,0,-11.58,-2.98,True,LOST_20_SMA
2026-06-03T12:28:03.977917,KLAC,False,2125.07,0,0,22.63,3.26,False,ACCELERATION_DECAY
2026-06-03T12:28:04.331337,LIN,False,507.76,0,0,1.49,1.01,False,ACCELERATION_DECAY
2026-06-03T12:28:04.678692,LLY,False,1088.48,0,0,10.07,0.13,False,ACCELERATION_DECAY
2026-06-03T12:28:05.018669,LMT,False,515.33,0,0,1.26,2.17,True,LOST_20_SMA
2026-06-03T12:28:05.350721,LRCX,False,343.31,0,0,24.48,-4.85,True,ACCELERATION_DECAY
2026-06-03T12:28:05.698467,LULU,False,125.32,0,0,-3.76,-1.81,True,LOST_20_SMA
2026-06-03T12:28:06.149542,MA,False,473.44,0,0,-4.76,0.61,True,LOST_20_SMA
2026-06-03T12:28:06.490714,MCD,False,274.31,0,0,-3.81,-1.08,True,LOST_20_SMA
2026-06-03T12:28:06.826351,MCO,False,446.43,0,0,-1.79,-2.69,True,MOMENTUM_FAILURE
2026-06-03T12:28:07.176177,MDB,False,368.9,0,0,38.33,-12.21,True,ACCELERATION_DECAY
2026-06-03T12:28:07.525354,META,False,621.08,0,0,2.66,4.76,False,ACCELERATION_DECAY
2026-06-03T12:28:07.879443,MPC,False,269.24,0,0,3.35,-0.81,True,ACCELERATION_DECAY
2026-06-03T12:28:08.221039,MS,False,211.26,0,0,11.63,-2.71,True,ACCELERATION_DECAY
2026-06-03T12:28:08.567366,MSFT,False,427.72,0,0,3.97,-2.72,True,ACCELERATION_DECAY
2026-06-03T12:28:08.909713,MU,False,1070.86,0,0,67.27,-17.33,True,ACCELERATION_DECAY
2026-06-03T12:28:09.238694,NET,False,266.16,0,0,8.89,-12.74,True,ACCELERATION_DECAY
2026-06-03T12:28:09.576453,NFLX,False,81.48,0,0,-7.29,1.16,True,LOST_20_SMA
2026-06-03T12:28:09.928619,NOC,False,528.36,0,0,-5.41,-0.05,True,LOST_20_SMA
2026-06-03T12:28:10.266083,NOW,False,118.66,0,0,28.96,-9.83,True,ACCELERATION_DECAY
2026-06-03T12:28:10.599859,NUE,False,258.49,0,0,11.38,-3.07,True,ACCELERATION_DECAY
2026-06-03T12:28:10.947832,NVDA,False,215.7,0,0,9.77,-2.49,True,LOST_20_SMA
2026-06-03T12:28:11.310905,ODFL,False,232.24,0,0,18.44,-0.76,True,ACCELERATION_DECAY
2026-06-03T12:28:11.672816,ORCL,False,231.18,0,0,24.73,-10.93,True,ACCELERATION_DECAY
2026-06-03T12:28:12.026390,PANW,False,280.01,0,0,52.2,-8.82,True,ACCELERATION_DECAY
2026-06-03T12:28:12.388977,PH,False,854.21,0,0,-2.12,1.5,True,LOST_20_SMA
2026-06-03T12:28:12.727032,PLTR,False,141.93,0,0,4.43,0.22,False,ACCELERATION_DECAY
2026-06-03T12:28:13.065896,PWR,False,718.87,0,0,-6.84,-0.06,True,LOST_20_SMA
2026-06-03T12:28:13.408980,PYPL,False,42.48,0,0,-8.63,3.0,True,LOST_20_SMA
2026-06-03T12:28:13.764958,QCOM,False,249.27,0,0,33.62,-9.41,True,ACCELERATION_DECAY
2026-06-03T12:28:14.104008,RBLX,False,43.64,0,0,-0.91,4.49,True,LOST_20_SMA
2026-06-03T12:28:14.444406,REGN,False,620.76,0,0,-11.61,3.38,True,LOST_20_SMA
2026-06-03T12:28:14.773935,RKLB,False,114.86,0,0,45.84,-7.72,True,LOST_20_SMA
2026-06-03T12:28:15.124959,RTX,False,173.62,0,0,0.43,-0.35,True,LOST_20_SMA
2026-06-03T12:28:15.459996,SCHW,False,87.25,0,0,-5.57,-1.34,True,LOST_20_SMA
2026-06-03T12:28:15.793337,SHOP,False,113.01,0,0,5.0,13.26,False,ACCELERATION_DECAY
2026-06-03T12:28:16.161666,SLB,False,56.69,0,0,1.23,-0.44,True,ACCELERATION_DECAY
2026-06-03T12:28:16.505158,SNOW,False,243.9,0,0,72.11,-8.97,True,ACCELERATION_DECAY
2026-06-03T12:28:16.845834,SNPS,False,498.24,0,0,-0.85,-3.03,True,LOST_20_SMA
2026-06-03T12:28:17.193023,SOFI,False,16.67,0,0,4.06,-5.45,True,ACCELERATION_DECAY
2026-06-03T12:28:17.525401,SPGI,False,411.4,0,0,-2.94,-1.23,True,LOST_20_SMA
2026-06-03T12:28:17.868045,SYK,False,294.73,0,0,-0.18,-1.01,True,LOST_20_SMA
2026-06-03T12:28:18.213283,TMO,False,472.93,0,0,1.32,-2.89,True,ACCELERATION_DECAY
2026-06-03T12:28:18.555550,TSLA,False,421.9,0,0,8.35,0.4,False,ACCELERATION_DECAY
2026-06-03T12:28:18.907606,TT,False,464.92,0,0,-2.62,3.04,True,MOMENTUM_FAILURE
2026-06-03T12:28:19.254771,TTWO,False,216.0,0,0,-3.19,-1.94,True,LOST_20_SMA
2026-06-03T12:28:19.596387,UBER,False,71.19,0,0,-2.41,0.71,True,LOST_20_SMA
2026-06-03T12:28:19.934664,UNH,False,381.5,0,0,4.85,2.91,False,ACCELERATION_DECAY
2026-06-03T12:28:20.265560,URI,False,1050.31,0,0,12.46,4.94,False,ACCELERATION_DECAY
2026-06-03T12:28:20.607226,V,False,314.5,0,0,-2.34,0.58,True,LOST_20_SMA
2026-06-03T12:28:20.949234,VLO,False,262.83,0,0,3.7,1.07,False,ACCELERATION_DECAY
2026-06-03T12:28:21.294227,VRSN,False,295.7,0,0,7.23,-1.26,True,ACCELERATION_DECAY
2026-06-03T12:28:21.626286,VRTX,False,427.83,0,0,0.82,1.93,True,LOST_20_SMA
2026-06-03T12:28:22.046496,WMT,False,116.88,0,0,-10.64,2.62,True,LOST_20_SMA
2026-06-03T12:28:22.395847,XOM,False,153.28,0,0,-1.03,1.65,True,MOMENTUM_FAILURE
2026-06-03T12:28:22.746973,ZS,False,134.58,0,0,-4.8,-6.17,True,LOST_20_SMA
2026-06-03T12:33:23.538088,AAPL,False,310.1,0,0,9.12,-4.74,True,ACCELERATION_DECAY
2026-06-03T12:33:23.870196,ABBV,False,217.99,0,0,5.76,2.29,False,ACCELERATION_DECAY
2026-06-03T12:33:24.208484,ABNB,False,133.75,0,0,-4.28,-1.03,True,MOMENTUM_FAILURE
2026-06-03T12:33:24.543087,ADBE,False,255.95,0,0,0.13,-3.08,True,ACCELERATION_DECAY
2026-06-03T12:33:24.883132,ADSK,False,231.05,0,0,-7.37,-2.97,True,LOST_20_SMA
2026-06-03T12:33:25.564087,AMD,False,539.33,0,0,51.81,-0.89,True,ACCELERATION_DECAY
2026-06-03T12:33:25.919185,AMZN,False,248.45,0,0,-9.18,-3.47,True,LOST_20_SMA
2026-06-03T12:33:26.281338,ANET,False,176.25,0,0,3.54,1.97,False,ACCELERATION_DECAY
2026-06-03T12:33:26.622323,APO,False,123.82,0,0,-4.97,-4.64,True,LOST_20_SMA
2026-06-03T12:33:26.963893,APP,False,569.82,0,0,19.18,-8.32,True,ACCELERATION_DECAY
2026-06-03T12:33:27.297546,ARES,False,121.69,0,0,-1.03,-7.95,True,LOST_20_SMA
2026-06-03T12:33:27.977471,ASML,False,1733.19,0,0,20.12,-2.91,True,ACCELERATION_DECAY
2026-06-03T12:33:28.309778,AXP,False,302.11,0,0,-4.38,-1.8,True,LOST_20_SMA
2026-06-03T12:33:28.662420,BA,False,212.01,0,0,-5.51,-3.89,True,LOST_20_SMA
2026-06-03T12:33:29.348740,BKNG,False,165.01,0,0,-1.56,-2.55,True,MOMENTUM_FAILURE
2026-06-03T12:33:29.695999,BLK,False,990.04,0,0,-5.61,-2.45,True,LOST_20_SMA
2026-06-03T12:33:30.039353,BSX,False,47.73,0,0,-14.74,1.39,True,LOST_20_SMA
2026-06-03T12:33:30.380544,BX,False,108.96,0,0,-11.21,-4.57,True,LOST_20_SMA
2026-06-03T12:33:30.718436,CAT,False,925.4,0,0,2.3,-1.7,True,ACCELERATION_DECAY
2026-06-03T12:33:31.049678,CAVA,False,70.34,0,0,-22.14,-3.36,True,LOST_20_SMA
2026-06-03T12:33:31.379630,CDNS,False,405.56,0,0,14.68,-4.45,True,ACCELERATION_DECAY
2026-06-03T12:33:31.719895,CELH,False,29.94,0,0,-10.68,-1.65,True,LOST_20_SMA
2026-06-03T12:33:32.054787,CME,False,253.26,0,0,-11.7,2.0,True,LOST_20_SMA
2026-06-03T12:33:32.395129,CMG,False,28.78,0,0,-10.93,-2.42,True,LOST_20_SMA
2026-06-03T12:33:32.735176,COIN,False,164.84,0,0,-16.64,-2.36,True,LOST_20_SMA
2026-06-03T12:33:33.078347,COP,False,118.87,0,0,-3.61,2.83,True,MOMENTUM_FAILURE
2026-06-03T12:33:33.423507,COST,False,961.5,0,0,-5.4,0.37,True,LOST_20_SMA
2026-06-03T12:33:33.775277,CRM,False,190.79,0,0,2.03,-6.25,True,ACCELERATION_DECAY
2026-06-03T12:33:34.106606,CRWD,False,758.28,0,0,59.13,-4.75,True,ACCELERATION_DECAY
2026-06-03T12:33:34.444643,CVX,False,189.8,0,0,-1.47,0.99,True,MOMENTUM_FAILURE
2026-06-03T12:33:34.795428,DDOG,False,248.38,0,0,70.44,-13.03,True,ACCELERATION_DECAY
2026-06-03T12:33:35.138315,DE,False,588.31,0,0,2.17,2.03,False,ACCELERATION_DECAY
2026-06-03T12:33:35.481977,DELL,False,423.61,0,0,95.83,-9.86,True,ACCELERATION_DECAY
2026-06-03T12:33:35.826673,DHR,False,177.56,0,0,1.68,0.49,False,ACCELERATION_DECAY
2026-06-03T12:33:36.169119,DUOL,False,106.02,0,0,1.91,2.17,True,LOST_20_SMA
2026-06-03T12:33:36.530030,EOG,False,141.88,0,0,0.75,2.89,False,ACCELERATION_DECAY
2026-06-03T12:33:36.873053,ETN,False,420.61,0,0,2.37,3.51,False,ACCELERATION_DECAY
2026-06-03T12:33:37.558631,FICO,False,1169.0,0,0,9.63,-8.44,True,ACCELERATION_DECAY
2026-06-03T12:33:37.906130,FTNT,False,146.64,0,0,63.08,-3.73,True,ACCELERATION_DECAY
2026-06-03T12:33:38.249037,GD,False,338.57,0,0,-3.03,0.25,True,LOST_20_SMA
2026-06-03T12:33:38.589654,GE,False,315.81,0,0,10.16,-3.1,True,ACCELERATION_DECAY
2026-06-03T12:33:38.933661,GOOG,False,356.65,0,0,-7.19,-1.59,True,LOST_20_SMA
2026-06-03T12:33:39.268101,GOOGL,False,360.2,0,0,-7.27,-1.68,True,LOST_20_SMA
2026-06-03T12:33:39.602359,GS,False,1047.17,0,0,13.96,-3.9,True,ACCELERATION_DECAY
2026-06-03T12:33:39.963257,HD,False,311.62,0,0,-1.2,-0.92,True,MOMENTUM_FAILURE
2026-06-03T12:33:40.373903,HIMS,False,27.51,0,0,4.48,3.6,False,ACCELERATION_DECAY
2026-06-03T12:33:40.722653,HON,False,225.09,0,0,7.67,-4.57,True,ACCELERATION_DECAY
2026-06-03T12:33:41.061408,HOOD,False,83.06,0,0,7.83,-7.34,True,ACCELERATION_DECAY
2026-06-03T12:33:41.409701,ICE,False,137.4,0,0,-11.51,-2.53,True,LOST_20_SMA
2026-06-03T12:33:41.744329,INTC,False,112.06,0,0,3.62,-9.07,True,LOST_20_SMA
2026-06-03T12:33:42.093356,INTU,False,311.61,0,0,-21.77,-0.92,True,LOST_20_SMA
2026-06-03T12:33:42.429735,ISRG,False,405.33,0,0,-10.2,0.86,True,LOST_20_SMA
2026-06-03T12:33:42.762959,JPM,False,301.41,0,0,-2.58,-0.41,True,MOMENTUM_FAILURE
2026-06-03T12:33:43.098520,KKR,False,90.03,0,0,-11.74,-3.14,True,LOST_20_SMA
2026-06-03T12:33:43.452472,KLAC,False,2130.03,0,0,22.92,3.55,False,ACCELERATION_DECAY
2026-06-03T12:33:43.812848,LIN,False,507.73,0,0,1.49,1.01,False,ACCELERATION_DECAY
2026-06-03T12:33:44.153963,LLY,False,1087.09,0,0,9.93,-0.01,False,ACCELERATION_DECAY
2026-06-03T12:33:44.522250,LMT,False,514.61,0,0,1.12,2.03,True,LOST_20_SMA
2026-06-03T12:33:44.909427,LRCX,False,343.93,0,0,24.7,-4.63,True,ACCELERATION_DECAY
2026-06-03T12:33:45.242343,LULU,False,125.17,0,0,-3.87,-1.92,True,LOST_20_SMA
2026-06-03T12:33:45.592811,MA,False,473.03,0,0,-4.84,0.52,True,LOST_20_SMA
2026-06-03T12:33:45.939965,MCD,False,274.33,0,0,-3.8,-1.08,True,LOST_20_SMA
2026-06-03T12:33:46.287524,MCO,False,446.96,0,0,-1.67,-2.57,True,MOMENTUM_FAILURE
2026-06-03T12:33:46.629731,MDB,False,369.44,0,0,38.53,-12.01,True,ACCELERATION_DECAY
2026-06-03T12:33:46.973973,META,False,621.09,0,0,2.67,4.76,False,ACCELERATION_DECAY
2026-06-03T12:33:47.328666,MPC,False,268.98,0,0,3.25,-0.91,True,ACCELERATION_DECAY
2026-06-03T12:33:47.672999,MS,False,211.27,0,0,11.64,-2.71,True,ACCELERATION_DECAY
2026-06-03T12:33:48.018319,MSFT,False,428.78,0,0,4.23,-2.46,True,ACCELERATION_DECAY
2026-06-03T12:33:48.457324,MU,False,1072.31,0,0,67.5,-17.1,True,ACCELERATION_DECAY
2026-06-03T12:33:48.811012,NET,False,266.65,0,0,9.09,-12.54,True,ACCELERATION_DECAY
2026-06-03T12:33:49.157693,NFLX,False,81.53,0,0,-7.24,1.21,True,LOST_20_SMA
2026-06-03T12:33:49.500986,NOC,False,527.45,0,0,-5.58,-0.21,True,LOST_20_SMA
2026-06-03T12:33:49.836518,NOW,False,118.63,0,0,28.93,-9.86,True,ACCELERATION_DECAY
2026-06-03T12:33:50.183273,NUE,False,258.84,0,0,11.54,-2.92,True,ACCELERATION_DECAY
2026-06-03T12:33:50.536275,NVDA,False,216.0,0,0,9.92,-2.34,True,LOST_20_SMA
2026-06-03T12:33:50.873211,ODFL,False,233.09,0,0,18.87,-0.33,True,ACCELERATION_DECAY
2026-06-03T12:33:51.211765,ORCL,False,231.42,0,0,24.86,-10.8,True,ACCELERATION_DECAY
2026-06-03T12:33:51.547844,PANW,False,280.62,0,0,52.53,-8.49,True,ACCELERATION_DECAY
2026-06-03T12:33:51.884231,PH,False,854.87,0,0,-2.04,1.58,True,LOST_20_SMA
2026-06-03T12:33:52.219708,PLTR,False,142.14,0,0,4.58,0.38,False,ACCELERATION_DECAY
2026-06-03T12:33:52.562266,PWR,False,719.46,0,0,-6.76,0.01,True,LOST_20_SMA
2026-06-03T12:33:52.894104,PYPL,False,42.55,0,0,-8.47,3.15,True,LOST_20_SMA
2026-06-03T12:33:53.246233,QCOM,False,249.86,0,0,33.94,-9.1,True,ACCELERATION_DECAY
2026-06-03T12:33:53.587587,RBLX,False,43.56,0,0,-1.09,4.31,True,LOST_20_SMA
2026-06-03T12:33:53.927588,REGN,False,620.7,0,0,-11.62,3.37,True,LOST_20_SMA
2026-06-03T12:33:54.263123,RKLB,False,114.91,0,0,45.9,-7.66,True,LOST_20_SMA
2026-06-03T12:33:54.607512,RTX,False,173.62,0,0,0.43,-0.35,True,LOST_20_SMA
2026-06-03T12:33:54.953044,SCHW,False,87.17,0,0,-5.66,-1.43,True,LOST_20_SMA
2026-06-03T12:33:55.294373,SHOP,False,113.23,0,0,5.2,13.47,False,ACCELERATION_DECAY
2026-06-03T12:33:55.640604,SLB,False,56.65,0,0,1.16,-0.51,True,ACCELERATION_DECAY
2026-06-03T12:33:55.970953,SNOW,False,243.61,0,0,71.91,-9.18,True,ACCELERATION_DECAY
2026-06-03T12:33:56.308354,SNPS,False,497.93,0,0,-0.91,-3.09,True,LOST_20_SMA
2026-06-03T12:33:56.647077,SOFI,False,16.69,0,0,4.18,-5.32,True,ACCELERATION_DECAY
2026-06-03T12:33:56.983091,SPGI,False,411.8,0,0,-2.85,-1.13,True,LOST_20_SMA
2026-06-03T12:33:57.333808,SYK,False,294.71,0,0,-0.18,-1.01,True,LOST_20_SMA
2026-06-03T12:33:57.677348,TMO,False,472.98,0,0,1.33,-2.88,True,ACCELERATION_DECAY
2026-06-03T12:33:58.019854,TSLA,False,423.49,0,0,8.76,0.81,False,ACCELERATION_DECAY
2026-06-03T12:33:58.470994,TT,False,465.66,0,0,-2.47,3.2,True,MOMENTUM_FAILURE
2026-06-03T12:33:58.803091,TTWO,False,216.38,0,0,-3.02,-1.77,True,LOST_20_SMA
2026-06-03T12:33:59.138085,UBER,False,71.24,0,0,-2.34,0.78,True,LOST_20_SMA
2026-06-03T12:33:59.483049,UNH,False,381.36,0,0,4.81,2.87,False,ACCELERATION_DECAY
2026-06-03T12:33:59.826125,URI,False,1055.85,0,0,13.05,5.53,False,ACCELERATION_DECAY
2026-06-03T12:34:00.171352,V,False,314.52,0,0,-2.33,0.58,True,LOST_20_SMA
2026-06-03T12:34:00.506872,VLO,False,262.42,0,0,3.54,0.9,False,ACCELERATION_DECAY
2026-06-03T12:34:00.841151,VRSN,False,295.94,0,0,7.31,-1.17,True,ACCELERATION_DECAY
2026-06-03T12:34:01.178803,VRTX,False,428.02,0,0,0.86,1.97,True,LOST_20_SMA
2026-06-03T12:34:01.605015,WMT,False,116.8,0,0,-10.7,2.55,True,LOST_20_SMA
2026-06-03T12:34:01.947852,XOM,False,153.25,0,0,-1.05,1.63,True,MOMENTUM_FAILURE
2026-06-03T12:34:02.282094,ZS,False,134.61,0,0,-4.78,-6.15,True,LOST_20_SMA
2026-06-03T12:39:02.762382,AAPL,False,310.17,0,0,9.15,-4.71,True,ACCELERATION_DECAY
2026-06-03T12:39:03.104205,ABBV,False,218.01,0,0,5.77,2.3,False,ACCELERATION_DECAY
2026-06-03T12:39:03.442615,ABNB,False,133.67,0,0,-4.34,-1.09,True,MOMENTUM_FAILURE
2026-06-03T12:39:03.783977,ADBE,False,256.17,0,0,0.22,-2.99,False,ACCELERATION_DECAY
2026-06-03T12:39:04.146532,ADSK,False,230.76,0,0,-7.49,-3.09,True,LOST_20_SMA
2026-06-03T12:39:04.822372,AMD,False,536.95,0,0,51.14,-1.56,True,ACCELERATION_DECAY
2026-06-03T12:39:05.157379,AMZN,False,248.32,0,0,-9.22,-3.51,True,LOST_20_SMA
2026-06-03T12:39:05.492933,ANET,False,176.24,0,0,3.54,1.97,False,ACCELERATION_DECAY
2026-06-03T12:39:05.830268,APO,False,123.71,0,0,-5.06,-4.72,True,LOST_20_SMA
2026-06-03T12:39:06.171144,APP,False,568.35,0,0,18.87,-8.63,True,ACCELERATION_DECAY
2026-06-03T12:39:06.513210,ARES,False,121.98,0,0,-0.8,-7.71,True,LOST_20_SMA
2026-06-03T12:39:07.183644,ASML,False,1734.81,0,0,20.23,-2.79,True,ACCELERATION_DECAY
2026-06-03T12:39:07.516115,AXP,False,301.92,0,0,-4.44,-1.86,True,LOST_20_SMA
2026-06-03T12:39:07.855883,BA,False,211.73,0,0,-5.64,-4.01,True,LOST_20_SMA
2026-06-03T12:39:08.669270,BKNG,False,165.02,0,0,-1.56,-2.54,True,MOMENTUM_FAILURE
2026-06-03T12:39:09.153547,BLK,False,988.89,0,0,-5.72,-2.56,True,LOST_20_SMA
2026-06-03T12:39:09.598987,BSX,False,47.64,0,0,-14.9,1.23,True,LOST_20_SMA
2026-06-03T12:39:10.010573,BX,False,109.09,0,0,-11.11,-4.46,True,LOST_20_SMA
2026-06-03T12:39:10.423810,CAT,False,925.7,0,0,2.33,-1.67,True,ACCELERATION_DECAY
2026-06-03T12:39:10.757802,CAVA,False,70.27,0,0,-22.22,-3.44,True,LOST_20_SMA
2026-06-03T12:39:11.089795,CDNS,False,405.93,0,0,14.79,-4.35,True,ACCELERATION_DECAY
2026-06-03T12:39:11.448693,CELH,False,29.94,0,0,-10.68,-1.65,True,LOST_20_SMA
2026-06-03T12:39:11.787557,CME,False,252.91,0,0,-11.82,1.87,True,LOST_20_SMA
2026-06-03T12:39:12.120140,CMG,False,28.78,0,0,-10.93,-2.42,True,LOST_20_SMA
2026-06-03T12:39:12.468419,COIN,False,163.67,0,0,-17.23,-2.95,True,LOST_20_SMA
2026-06-03T12:39:12.824757,COP,False,119.04,0,0,-3.47,2.97,True,MOMENTUM_FAILURE
2026-06-03T12:39:13.163842,COST,False,961.4,0,0,-5.41,0.36,True,LOST_20_SMA
2026-06-03T12:39:13.511069,CRM,False,190.84,0,0,2.06,-6.22,True,ACCELERATION_DECAY
2026-06-03T12:39:13.854553,CRWD,False,756.7,0,0,58.79,-5.08,True,ACCELERATION_DECAY
2026-06-03T12:39:14.197331,CVX,False,189.96,0,0,-1.39,1.07,True,MOMENTUM_FAILURE
2026-06-03T12:39:14.544160,DDOG,False,248.83,0,0,70.75,-12.72,True,ACCELERATION_DECAY
2026-06-03T12:39:14.893813,DE,False,588.01,0,0,2.12,1.97,False,ACCELERATION_DECAY
2026-06-03T12:39:15.233137,DELL,False,420.79,0,0,94.52,-11.16,True,ACCELERATION_DECAY
2026-06-03T12:39:15.581861,DHR,False,177.88,0,0,1.86,0.67,False,ACCELERATION_DECAY
2026-06-03T12:39:15.916438,DUOL,False,106.33,0,0,2.21,2.46,True,LOST_20_SMA
2026-06-03T12:39:16.267136,EOG,False,142.03,0,0,0.86,3.0,False,ACCELERATION_DECAY
2026-06-03T12:39:16.616974,ETN,False,420.46,0,0,2.34,3.48,False,ACCELERATION_DECAY
2026-06-03T12:39:17.286306,FICO,False,1169.32,0,0,9.66,-8.41,True,ACCELERATION_DECAY
2026-06-03T12:39:17.644544,FTNT,False,146.66,0,0,63.1,-3.71,True,ACCELERATION_DECAY
2026-06-03T12:39:17.987642,GD,False,338.95,0,0,-2.92,0.36,True,LOST_20_SMA
2026-06-03T12:39:18.330864,GE,False,315.83,0,0,10.17,-3.09,True,ACCELERATION_DECAY
2026-06-03T12:39:18.738444,GOOG,False,356.16,0,0,-7.32,-1.72,True,LOST_20_SMA
2026-06-03T12:39:19.085915,GOOGL,False,359.68,0,0,-7.4,-1.82,True,LOST_20_SMA
2026-06-03T12:39:19.432646,GS,False,1046.89,0,0,13.93,-3.93,True,ACCELERATION_DECAY
2026-06-03T12:39:19.772822,HD,False,311.81,0,0,-1.14,-0.86,True,MOMENTUM_FAILURE
2026-06-03T12:39:20.109260,HIMS,False,27.35,0,0,3.87,2.99,False,ACCELERATION_DECAY
2026-06-03T12:39:20.455100,HON,False,224.22,0,0,7.25,-4.98,True,ACCELERATION_DECAY
2026-06-03T12:39:20.797149,HOOD,False,82.67,0,0,7.32,-7.84,True,ACCELERATION_DECAY
2026-06-03T12:39:21.146965,ICE,False,137.02,0,0,-11.76,-2.77,True,LOST_20_SMA
2026-06-03T12:39:21.497257,INTC,False,111.63,0,0,3.22,-9.47,True,LOST_20_SMA
2026-06-03T12:39:21.853135,INTU,False,311.4,0,0,-21.82,-0.97,True,LOST_20_SMA
2026-06-03T12:39:22.196026,ISRG,False,405.42,0,0,-10.18,0.88,True,LOST_20_SMA
2026-06-03T12:39:22.532002,JPM,False,301.59,0,0,-2.52,-0.35,True,MOMENTUM_FAILURE
2026-06-03T12:39:22.874166,KKR,False,89.97,0,0,-11.79,-3.2,True,LOST_20_SMA
2026-06-03T12:39:23.212738,KLAC,False,2128.29,0,0,22.82,3.45,False,ACCELERATION_DECAY
2026-06-03T12:39:23.555774,LIN,False,507.68,0,0,1.48,1.0,False,ACCELERATION_DECAY
2026-06-03T12:39:23.902142,LLY,False,1086.53,0,0,9.88,-0.06,False,ACCELERATION_DECAY
2026-06-03T12:39:24.235634,LMT,False,514.88,0,0,1.17,2.08,True,LOST_20_SMA
2026-06-03T12:39:24.587134,LRCX,False,343.57,0,0,24.57,-4.76,True,ACCELERATION_DECAY
2026-06-03T12:39:24.921076,LULU,False,125.67,0,0,-3.49,-1.54,True,MOMENTUM_FAILURE
2026-06-03T12:39:25.272476,MA,False,472.88,0,0,-4.87,0.49,True,LOST_20_SMA
2026-06-03T12:39:25.616150,MCD,False,274.32,0,0,-3.8,-1.08,True,LOST_20_SMA
2026-06-03T12:39:26.024441,MCO,False,447.1,0,0,-1.64,-2.54,True,MOMENTUM_FAILURE
2026-06-03T12:39:26.367725,MDB,False,367.88,0,0,37.95,-12.59,True,ACCELERATION_DECAY
2026-06-03T12:39:26.705313,META,False,622.4,0,0,2.88,4.98,False,ACCELERATION_DECAY
2026-06-03T12:39:27.041469,MPC,False,269.16,0,0,3.32,-0.85,True,ACCELERATION_DECAY
2026-06-03T12:39:27.393131,MS,False,211.24,0,0,11.62,-2.73,True,ACCELERATION_DECAY
2026-06-03T12:39:27.726548,MSFT,False,427.99,0,0,4.04,-2.66,True,ACCELERATION_DECAY
2026-06-03T12:39:28.057749,MU,False,1071.33,0,0,67.34,-17.25,True,ACCELERATION_DECAY
2026-06-03T12:39:28.396419,NET,False,266.88,0,0,9.18,-12.45,True,ACCELERATION_DECAY
2026-06-03T12:39:28.754185,NFLX,False,81.59,0,0,-7.17,1.28,True,LOST_20_SMA
2026-06-03T12:39:29.093525,NOC,False,527.49,0,0,-5.57,-0.21,True,LOST_20_SMA
2026-06-03T12:39:29.431242,NOW,False,118.37,0,0,28.65,-10.15,True,ACCELERATION_DECAY
2026-06-03T12:39:29.780388,NUE,False,258.79,0,0,11.51,-2.95,True,ACCELERATION_DECAY
2026-06-03T12:39:30.117681,NVDA,False,215.84,0,0,9.84,-2.42,True,LOST_20_SMA
2026-06-03T12:39:30.445430,ODFL,False,232.42,0,0,18.53,-0.67,True,ACCELERATION_DECAY
2026-06-03T12:39:30.783351,ORCL,False,231.37,0,0,24.83,-10.83,True,ACCELERATION_DECAY
2026-06-03T12:39:31.118689,PANW,False,280.32,0,0,52.36,-8.66,True,ACCELERATION_DECAY
2026-06-03T12:39:31.457327,PH,False,853.29,0,0,-2.22,1.4,True,LOST_20_SMA
2026-06-03T12:39:31.794928,PLTR,False,141.68,0,0,4.25,0.04,False,ACCELERATION_DECAY
2026-06-03T12:39:32.140498,PWR,False,720.54,0,0,-6.62,0.15,True,LOST_20_SMA
2026-06-03T12:39:32.478847,PYPL,False,42.45,0,0,-8.69,2.94,True,LOST_20_SMA
2026-06-03T12:39:32.819000,QCOM,False,249.62,0,0,33.81,-9.22,True,ACCELERATION_DECAY
2026-06-03T12:39:33.164478,RBLX,False,43.34,0,0,-1.59,3.81,True,LOST_20_SMA
2026-06-03T12:39:33.505424,REGN,False,621.47,0,0,-11.51,3.48,True,LOST_20_SMA
2026-06-03T12:39:33.842652,RKLB,False,114.5,0,0,45.38,-8.18,True,LOST_20_SMA
2026-06-03T12:39:34.187476,RTX,False,173.66,0,0,0.46,-0.33,True,LOST_20_SMA
2026-06-03T12:39:34.523463,SCHW,False,87.11,0,0,-5.73,-1.49,True,LOST_20_SMA
2026-06-03T12:39:34.859110,SHOP,False,112.95,0,0,4.94,13.21,False,ACCELERATION_DECAY
2026-06-03T12:39:35.199716,SLB,False,56.74,0,0,1.32,-0.35,True,ACCELERATION_DECAY
2026-06-03T12:39:35.533591,SNOW,False,243.09,0,0,71.54,-9.54,True,ACCELERATION_DECAY
2026-06-03T12:39:36.157148,SNPS,False,497.61,0,0,-0.98,-3.16,True,LOST_20_SMA
2026-06-03T12:39:36.586561,SOFI,False,16.65,0,0,3.93,-5.57,True,ACCELERATION_DECAY
2026-06-03T12:39:37.002077,SPGI,False,412.01,0,0,-2.8,-1.08,True,LOST_20_SMA
2026-06-03T12:39:37.348284,SYK,False,294.66,0,0,-0.2,-1.03,True,LOST_20_SMA
2026-06-03T12:39:37.685674,TMO,False,473.49,0,0,1.44,-2.77,True,ACCELERATION_DECAY
2026-06-03T12:39:38.023485,TSLA,False,422.87,0,0,8.6,0.65,False,ACCELERATION_DECAY
2026-06-03T12:39:38.363141,TT,False,465.83,0,0,-2.43,3.24,True,MOMENTUM_FAILURE
2026-06-03T12:39:38.739844,TTWO,False,216.2,0,0,-3.1,-1.85,True,LOST_20_SMA
2026-06-03T12:39:39.092047,UBER,False,71.16,0,0,-2.45,0.67,True,LOST_20_SMA
2026-06-03T12:39:39.432724,UNH,False,381.15,0,0,4.75,2.82,False,ACCELERATION_DECAY
2026-06-03T12:39:39.803912,URI,False,1058.92,0,0,13.38,5.86,False,ACCELERATION_DECAY
2026-06-03T12:39:40.146909,V,False,314.39,0,0,-2.37,0.54,True,LOST_20_SMA
2026-06-03T12:39:40.517900,VLO,False,262.5,0,0,3.57,0.94,False,ACCELERATION_DECAY
2026-06-03T12:39:40.854741,VRSN,False,295.83,0,0,7.27,-1.21,True,ACCELERATION_DECAY
2026-06-03T12:39:41.198350,VRTX,False,427.96,0,0,0.85,1.96,True,LOST_20_SMA
2026-06-03T12:39:41.617045,WMT,False,116.9,0,0,-10.62,2.63,True,LOST_20_SMA
2026-06-03T12:39:41.973007,XOM,False,153.44,0,0,-0.93,1.76,True,MOMENTUM_FAILURE
2026-06-03T12:39:42.326863,ZS,False,134.31,0,0,-4.99,-6.36,True,LOST_20_SMA
2026-06-03T12:44:42.803378,AAPL,False,310.49,0,0,9.26,-4.6,True,ACCELERATION_DECAY
2026-06-03T12:44:43.142766,ABBV,False,217.68,0,0,5.61,2.14,False,ACCELERATION_DECAY
2026-06-03T12:44:43.473665,ABNB,False,133.38,0,0,-4.54,-1.3,True,LOST_20_SMA
2026-06-03T12:44:43.804150,ADBE,False,255.91,0,0,0.11,-3.1,True,ACCELERATION_DECAY
2026-06-03T12:44:44.143894,ADSK,False,230.54,0,0,-7.57,-3.18,True,LOST_20_SMA
2026-06-03T12:44:44.481475,AMAT,False,500.33,0,0,21.79,-3.42,True,ACCELERATION_DECAY
2026-06-03T12:44:44.809968,AMD,False,538.91,0,0,51.69,-1.01,True,ACCELERATION_DECAY
2026-06-03T12:44:45.138507,AMZN,False,248.57,0,0,-9.13,-3.42,True,LOST_20_SMA
2026-06-03T12:44:45.477190,ANET,False,175.89,0,0,3.33,1.76,False,ACCELERATION_DECAY
2026-06-03T12:44:45.814680,APO,False,123.51,0,0,-5.21,-4.88,True,LOST_20_SMA
2026-06-03T12:44:46.155656,APP,False,566.1,0,0,18.4,-9.1,True,ACCELERATION_DECAY
2026-06-03T12:44:46.510327,ARES,False,121.75,0,0,-0.98,-7.9,True,LOST_20_SMA
2026-06-03T12:44:46.839988,ARM,False,410.43,0,0,96.53,-1.6,True,ACCELERATION_DECAY
2026-06-03T12:44:47.185588,ASML,False,1737.6,0,0,20.42,-2.6,True,ACCELERATION_DECAY
2026-06-03T12:44:47.528188,AXP,False,301.72,0,0,-4.5,-1.92,True,LOST_20_SMA
2026-06-03T12:44:47.865528,BA,False,211.55,0,0,-5.72,-4.09,True,LOST_20_SMA
2026-06-03T12:44:48.193221,BKNG,False,164.73,0,0,-1.73,-2.71,True,MOMENTUM_FAILURE
2026-06-03T12:44:48.500017,BLK,False,989.25,0,0,-5.69,-2.52,True,LOST_20_SMA
2026-06-03T12:44:48.831542,BSX,False,47.71,0,0,-14.77,1.36,True,LOST_20_SMA
2026-06-03T12:44:49.174722,BX,False,109.01,0,0,-11.17,-4.53,True,LOST_20_SMA
2026-06-03T12:44:49.521356,CAT,False,926.0,0,0,2.37,-1.64,True,ACCELERATION_DECAY
2026-06-03T12:44:49.864844,CAVA,False,70.31,0,0,-22.17,-3.39,True,LOST_20_SMA
2026-06-03T12:44:50.214590,CDNS,False,406.62,0,0,14.98,-4.15,True,ACCELERATION_DECAY
2026-06-03T12:44:50.555799,CELH,False,29.89,0,0,-10.83,-1.8,True,LOST_20_SMA
2026-06-03T12:44:50.915494,CME,False,252.94,0,0,-11.81,1.88,True,LOST_20_SMA
2026-06-03T12:44:51.256792,CMG,False,28.75,0,0,-11.02,-2.51,True,LOST_20_SMA
2026-06-03T12:44:51.587179,COIN,False,163.05,0,0,-17.55,-3.26,True,LOST_20_SMA
2026-06-03T12:44:51.931320,COP,False,119.2,0,0,-3.34,3.1,True,MOMENTUM_FAILURE
2026-06-03T12:44:52.270256,COST,False,962.18,0,0,-5.34,0.44,True,LOST_20_SMA
2026-06-03T12:44:52.608101,CRM,False,190.54,0,0,1.9,-6.38,True,ACCELERATION_DECAY
2026-06-03T12:44:52.942918,CRWD,False,755.69,0,0,58.58,-5.29,True,ACCELERATION_DECAY
2026-06-03T12:44:53.280293,CVX,False,190.09,0,0,-1.32,1.14,True,MOMENTUM_FAILURE
2026-06-03T12:44:53.611424,DDOG,False,249.01,0,0,70.87,-12.6,True,ACCELERATION_DECAY
2026-06-03T12:44:53.944594,DE,False,588.33,0,0,2.18,2.03,False,ACCELERATION_DECAY
2026-06-03T12:44:54.290714,DELL,False,421.3,0,0,94.76,-10.93,True,ACCELERATION_DECAY
2026-06-03T12:44:54.631605,DHR,False,177.85,0,0,1.84,0.65,False,ACCELERATION_DECAY
2026-06-03T12:44:54.962126,DUOL,False,105.62,0,0,1.53,1.78,True,LOST_20_SMA
2026-06-03T12:44:55.307900,EOG,False,142.12,0,0,0.92,3.06,False,ACCELERATION_DECAY
2026-06-03T12:44:55.649223,ETN,False,420.4,0,0,2.32,3.46,False,ACCELERATION_DECAY
2026-06-03T12:44:55.981727,FCX,False,71.2,0,0,23.44,-5.62,True,ACCELERATION_DECAY
2026-06-03T12:44:56.326949,FICO,False,1165.36,0,0,9.29,-8.79,True,LOST_20_SMA
2026-06-03T12:44:56.661425,FTNT,False,146.58,0,0,63.01,-3.8,True,ACCELERATION_DECAY
2026-06-03T12:44:57.002095,GD,False,338.72,0,0,-2.99,0.3,True,LOST_20_SMA
2026-06-03T12:44:57.343747,GE,False,315.86,0,0,10.18,-3.08,True,ACCELERATION_DECAY
2026-06-03T12:44:57.674504,GOOG,False,356.72,0,0,-7.17,-1.57,True,LOST_20_SMA
2026-06-03T12:44:58.006887,GOOGL,False,360.26,0,0,-7.25,-1.67,True,LOST_20_SMA
2026-06-03T12:44:58.348002,GS,False,1046.63,0,0,13.9,-3.96,True,ACCELERATION_DECAY
2026-06-03T12:44:58.744867,HD,False,311.77,0,0,-1.16,-0.87,True,MOMENTUM_FAILURE
2026-06-03T12:44:59.076775,HIMS,False,27.42,0,0,4.14,3.26,False,ACCELERATION_DECAY
2026-06-03T12:44:59.414411,HON,False,222.95,0,0,6.64,-5.59,True,ACCELERATION_DECAY
2026-06-03T12:44:59.747644,HOOD,False,82.56,0,0,7.18,-7.99,True,ACCELERATION_DECAY
2026-06-03T12:45:00.081389,ICE,False,137.13,0,0,-11.69,-2.7,True,LOST_20_SMA
2026-06-03T12:45:00.422181,INTC,False,111.77,0,0,3.35,-9.34,True,LOST_20_SMA
2026-06-03T12:45:00.748862,INTU,False,311.38,0,0,-21.83,-0.98,True,LOST_20_SMA
2026-06-03T12:45:01.089687,ISRG,False,405.2,0,0,-10.23,0.83,True,LOST_20_SMA
2026-06-03T12:45:01.428188,JPM,False,301.31,0,0,-2.61,-0.44,True,MOMENTUM_FAILURE
2026-06-03T12:45:01.771046,KKR,False,90.0,0,0,-11.76,-3.17,True,LOST_20_SMA
2026-06-03T12:45:02.127375,KLAC,False,2134.56,0,0,23.18,3.81,False,ACCELERATION_DECAY
2026-06-03T12:45:02.468146,LIN,False,507.73,0,0,1.49,1.01,False,ACCELERATION_DECAY
2026-06-03T12:45:02.806463,LLY,False,1086.85,0,0,9.91,-0.03,False,ACCELERATION_DECAY
2026-06-03T12:45:03.160017,LMT,False,514.77,0,0,1.15,2.06,True,LOST_20_SMA
2026-06-03T12:45:03.490155,LRCX,False,344.04,0,0,24.74,-4.59,True,ACCELERATION_DECAY
2026-06-03T12:45:03.828002,LULU,False,125.53,0,0,-3.59,-1.65,True,MOMENTUM_FAILURE
2026-06-03T12:45:04.165752,MA,False,472.18,0,0,-5.01,0.35,True,LOST_20_SMA
2026-06-03T12:45:04.504908,MCD,False,274.11,0,0,-3.88,-1.15,True,LOST_20_SMA
2026-06-03T12:45:04.841648,MCO,False,446.93,0,0,-1.68,-2.58,True,MOMENTUM_FAILURE
2026-06-03T12:45:05.167955,MDB,False,367.1,0,0,37.66,-12.88,True,ACCELERATION_DECAY
2026-06-03T12:45:05.509444,META,False,621.03,0,0,2.66,4.75,False,ACCELERATION_DECAY
2026-06-03T12:45:05.848590,MPC,False,268.86,0,0,3.21,-0.96,True,ACCELERATION_DECAY
2026-06-03T12:45:06.195015,MS,False,211.02,0,0,11.5,-2.84,True,ACCELERATION_DECAY
2026-06-03T12:45:06.606259,MSFT,False,427.84,0,0,4.0,-2.69,True,ACCELERATION_DECAY
2026-06-03T12:45:06.964237,MU,False,1074.4,0,0,67.82,-16.77,True,ACCELERATION_DECAY
2026-06-03T12:45:07.326577,NET,False,267.62,0,0,9.49,-12.14,True,ACCELERATION_DECAY
2026-06-03T12:45:07.665812,NFLX,False,81.56,0,0,-7.2,1.25,True,LOST_20_SMA
2026-06-03T12:45:07.999419,NOC,False,527.17,0,0,-5.63,-0.26,True,LOST_20_SMA
2026-06-03T12:45:08.343910,NOW,False,118.17,0,0,28.43,-10.36,True,ACCELERATION_DECAY
2026-06-03T12:45:08.740576,NUE,False,258.95,0,0,11.58,-2.88,True,ACCELERATION_DECAY
2026-06-03T12:45:09.081970,NVDA,False,215.29,0,0,9.56,-2.7,True,LOST_20_SMA
2026-06-03T12:45:09.577187,ODFL,False,233.44,0,0,19.05,-0.15,True,ACCELERATION_DECAY
2026-06-03T12:45:09.924752,ORCL,False,230.97,0,0,24.61,-11.05,True,ACCELERATION_DECAY
2026-06-03T12:45:10.252756,PANW,False,280.68,0,0,52.56,-8.46,True,ACCELERATION_DECAY
2026-06-03T12:45:10.592999,PH,False,852.89,0,0,-2.27,1.35,True,LOST_20_SMA
2026-06-03T12:45:10.936677,PLTR,False,141.39,0,0,4.03,-0.17,False,ACCELERATION_DECAY
2026-06-03T12:45:11.276195,PWR,False,719.45,0,0,-6.76,0.01,True,LOST_20_SMA
2026-06-03T12:45:11.606165,PYPL,False,42.4,0,0,-8.8,2.83,True,LOST_20_SMA
2026-06-03T12:45:11.956461,QCOM,False,250.18,0,0,34.11,-8.92,True,ACCELERATION_DECAY
2026-06-03T12:45:12.296745,RBLX,False,43.28,0,0,-1.73,3.68,True,LOST_20_SMA
2026-06-03T12:45:12.626496,REGN,False,621.96,0,0,-11.44,3.55,True,LOST_20_SMA
2026-06-03T12:45:12.960792,RKLB,False,114.68,0,0,45.61,-7.95,True,LOST_20_SMA
2026-06-03T12:45:13.301307,RTX,False,173.46,0,0,0.34,-0.45,True,LOST_20_SMA
2026-06-03T12:45:13.638566,SCHW,False,87.08,0,0,-5.76,-1.53,True,LOST_20_SMA
2026-06-03T12:45:13.965057,SHOP,False,112.97,0,0,4.96,13.22,False,ACCELERATION_DECAY
2026-06-03T12:45:14.314025,SLB,False,56.83,0,0,1.48,-0.19,True,ACCELERATION_DECAY
2026-06-03T12:45:14.655319,SNOW,False,243.22,0,0,71.63,-9.45,True,ACCELERATION_DECAY
2026-06-03T12:45:14.988925,SNPS,False,497.8,0,0,-0.94,-3.12,True,LOST_20_SMA
2026-06-03T12:45:15.327715,SOFI,False,16.65,0,0,3.93,-5.57,True,ACCELERATION_DECAY
2026-06-03T12:45:15.671094,SPGI,False,411.5,0,0,-2.92,-1.2,True,LOST_20_SMA
2026-06-03T12:45:16.005851,SYK,False,294.81,0,0,-0.15,-0.98,True,LOST_20_SMA
2026-06-03T12:45:16.344146,TMO,False,473.81,0,0,1.51,-2.7,True,ACCELERATION_DECAY
2026-06-03T12:45:16.669861,TSLA,False,422.83,0,0,8.59,0.64,False,ACCELERATION_DECAY
2026-06-03T12:45:17.128126,TT,False,466.3,0,0,-2.34,3.33,True,MOMENTUM_FAILURE
2026-06-03T12:45:17.469739,TTWO,False,215.81,0,0,-3.27,-2.03,True,LOST_20_SMA
2026-06-03T12:45:17.803704,UBER,False,71.08,0,0,-2.56,0.56,True,LOST_20_SMA
2026-06-03T12:45:18.136705,UNH,False,380.62,0,0,4.6,2.67,False,ACCELERATION_DECAY
2026-06-03T12:45:18.469497,URI,False,1060.14,0,0,13.51,5.99,False,ACCELERATION_DECAY
2026-06-03T12:45:18.810393,V,False,314.24,0,0,-2.42,0.5,True,LOST_20_SMA
2026-06-03T12:45:19.145474,VLO,False,262.62,0,0,3.62,0.98,False,ACCELERATION_DECAY
2026-06-03T12:45:19.478792,VRSN,False,295.99,0,0,7.33,-1.15,True,ACCELERATION_DECAY
2026-06-03T12:45:19.810071,VRTX,False,427.79,0,0,0.81,1.92,True,LOST_20_SMA
2026-06-03T12:45:20.227364,WMT,False,117.0,0,0,-10.54,2.71,True,LOST_20_SMA
2026-06-03T12:45:20.567963,XOM,False,153.61,0,0,-0.82,1.87,True,MOMENTUM_FAILURE
2026-06-03T12:45:20.907201,ZS,False,134.23,0,0,-5.04,-6.42,True,LOST_20_SMA
2026-06-03T12:50:21.382423,AAPL,False,310.61,0,0,9.3,-4.56,True,ACCELERATION_DECAY
2026-06-03T12:50:21.721604,ABBV,False,217.45,0,0,5.5,2.02,False,ACCELERATION_DECAY
2026-06-03T12:50:22.062818,ABNB,False,133.3,0,0,-4.6,-1.35,True,LOST_20_SMA
2026-06-03T12:50:22.390282,ADBE,False,255.69,0,0,0.03,-3.18,True,ACCELERATION_DECAY
2026-06-03T12:50:22.732397,ADSK,False,229.81,0,0,-7.87,-3.47,True,LOST_20_SMA
2026-06-03T12:50:23.071758,AMAT,False,501.81,0,0,22.15,-3.06,True,ACCELERATION_DECAY
2026-06-03T12:50:23.407649,AMD,False,540.63,0,0,52.18,-0.52,True,ACCELERATION_DECAY
2026-06-03T12:50:23.746145,AMZN,False,248.68,0,0,-9.09,-3.38,True,LOST_20_SMA
2026-06-03T12:50:24.090774,ANET,False,175.75,0,0,3.25,1.68,False,ACCELERATION_DECAY
2026-06-03T12:50:24.432336,APO,False,123.57,0,0,-5.17,-4.83,True,LOST_20_SMA
2026-06-03T12:50:24.775419,APP,False,566.11,0,0,18.41,-9.1,True,ACCELERATION_DECAY
2026-06-03T12:50:25.114112,ARES,False,122.1,0,0,-0.7,-7.62,True,LOST_20_SMA
2026-06-03T12:50:25.450976,ARM,False,410.49,0,0,96.56,-1.57,True,ACCELERATION_DECAY
2026-06-03T12:50:25.786904,ASML,False,1739.77,0,0,20.57,-2.45,True,ACCELERATION_DECAY
2026-06-03T12:50:26.126163,AXP,False,301.26,0,0,-4.65,-2.07,True,LOST_20_SMA
2026-06-03T12:50:26.464330,BA,False,211.55,0,0,-5.72,-4.09,True,LOST_20_SMA
2026-06-03T12:50:26.801051,BKNG,False,164.71,0,0,-1.74,-2.73,True,MOMENTUM_FAILURE
2026-06-03T12:50:27.131542,BLK,False,987.63,0,0,-5.84,-2.68,True,LOST_20_SMA
2026-06-03T12:50:27.464131,BSX,False,47.58,0,0,-15.01,1.12,True,LOST_20_SMA
2026-06-03T12:50:27.797956,BX,False,109.43,0,0,-10.83,-4.18,True,LOST_20_SMA
2026-06-03T12:50:28.134733,CAT,False,926.8,0,0,2.46,-1.55,True,ACCELERATION_DECAY
2026-06-03T12:50:28.471378,CAVA,False,70.15,0,0,-22.35,-3.57,True,LOST_20_SMA
2026-06-03T12:50:28.814905,CDNS,False,406.73,0,0,15.02,-4.12,True,ACCELERATION_DECAY
2026-06-03T12:50:29.162703,CELH,False,29.84,0,0,-10.98,-1.95,True,LOST_20_SMA
2026-06-03T12:50:29.508892,CME,False,252.45,0,0,-11.98,1.71,True,LOST_20_SMA
2026-06-03T12:50:29.847988,CMG,False,28.68,0,0,-11.23,-2.73,True,LOST_20_SMA
2026-06-03T12:50:30.200373,COIN,False,162.95,0,0,-17.6,-3.31,True,LOST_20_SMA
2026-06-03T12:50:30.535716,COP,False,119.21,0,0,-3.33,3.1,True,MOMENTUM_FAILURE
2026-06-03T12:50:30.877508,COST,False,961.71,0,0,-5.38,0.4,True,LOST_20_SMA
2026-06-03T12:50:31.207295,CRM,False,190.49,0,0,1.87,-6.41,True,ACCELERATION_DECAY
2026-06-03T12:50:31.566364,CRWD,False,753.0,0,0,58.02,-5.85,True,ACCELERATION_DECAY
2026-06-03T12:50:31.907215,CVX,False,190.29,0,0,-1.22,1.24,True,MOMENTUM_FAILURE
2026-06-03T12:50:32.248110,DDOG,False,248.97,0,0,70.84,-12.63,True,ACCELERATION_DECAY
2026-06-03T12:50:32.719579,DE,False,586.45,0,0,1.85,1.7,False,ACCELERATION_DECAY
2026-06-03T12:50:33.062614,DELL,False,420.56,0,0,94.42,-11.27,True,ACCELERATION_DECAY
2026-06-03T12:50:33.403369,DHR,False,178.08,0,0,1.98,0.79,False,ACCELERATION_DECAY
2026-06-03T12:50:33.736169,DUOL,False,105.61,0,0,1.52,1.77,True,LOST_20_SMA
2026-06-03T12:50:34.074049,EOG,False,142.07,0,0,0.89,3.03,False,ACCELERATION_DECAY
2026-06-03T12:50:34.413669,ETN,False,420.94,0,0,2.45,3.59,False,ACCELERATION_DECAY
2026-06-03T12:50:34.749021,FCX,False,71.16,0,0,23.37,-5.69,True,ACCELERATION_DECAY
2026-06-03T12:50:35.094394,FICO,False,1165.1,0,0,9.27,-8.81,True,LOST_20_SMA
2026-06-03T12:50:35.429244,FTNT,False,146.49,0,0,62.91,-3.9,True,ACCELERATION_DECAY
2026-06-03T12:50:35.778417,GD,False,338.48,0,0,-3.06,0.23,True,LOST_20_SMA
2026-06-03T12:50:36.118625,GE,False,315.71,0,0,10.13,-3.13,True,ACCELERATION_DECAY
2026-06-03T12:50:36.459988,GOOG,False,356.12,0,0,-7.33,-1.73,True,LOST_20_SMA
2026-06-03T12:50:36.794264,GOOGL,False,359.66,0,0,-7.41,-1.82,True,LOST_20_SMA
2026-06-03T12:50:37.126992,GS,False,1045.88,0,0,13.82,-4.04,True,ACCELERATION_DECAY
2026-06-03T12:50:37.462102,HD,False,311.97,0,0,-1.09,-0.81,True,MOMENTUM_FAILURE
2026-06-03T12:50:37.801340,HIMS,False,27.39,0,0,4.03,3.15,False,ACCELERATION_DECAY
2026-06-03T12:50:38.139621,HON,False,223.57,0,0,6.94,-5.29,True,ACCELERATION_DECAY
2026-06-03T12:50:38.479137,HOOD,False,82.59,0,0,7.22,-7.95,True,ACCELERATION_DECAY
2026-06-03T12:50:38.825205,ICE,False,137.61,0,0,-11.38,-2.39,True,LOST_20_SMA
2026-06-03T12:50:39.159824,INTC,False,112.14,0,0,3.69,-9.0,True,LOST_20_SMA
2026-06-03T12:50:39.494751,INTU,False,310.94,0,0,-21.94,-1.09,True,LOST_20_SMA
2026-06-03T12:50:39.832980,ISRG,False,404.99,0,0,-10.28,0.79,True,LOST_20_SMA
2026-06-03T12:50:40.170162,JPM,False,300.77,0,0,-2.79,-0.61,True,MOMENTUM_FAILURE
2026-06-03T12:50:40.506554,KKR,False,89.87,0,0,-11.89,-3.3,True,LOST_20_SMA
2026-06-03T12:50:40.848608,KLAC,False,2139.22,0,0,23.45,4.08,False,ACCELERATION_DECAY
2026-06-03T12:50:41.190276,LIN,False,506.62,0,0,1.27,0.79,False,ACCELERATION_DECAY
2026-06-03T12:50:41.537071,LLY,False,1086.64,0,0,9.89,-0.05,False,ACCELERATION_DECAY
2026-06-03T12:50:41.888131,LMT,False,514.74,0,0,1.14,2.05,True,LOST_20_SMA
2026-06-03T12:50:42.224608,LRCX,False,344.94,0,0,25.07,-4.26,True,ACCELERATION_DECAY
2026-06-03T12:50:42.551557,LULU,False,125.5,0,0,-3.62,-1.67,True,MOMENTUM_FAILURE
2026-06-03T12:50:42.896668,MA,False,472.18,0,0,-5.01,0.35,True,LOST_20_SMA
2026-06-03T12:50:43.225897,MCD,False,273.63,0,0,-4.05,-1.32,True,LOST_20_SMA
2026-06-03T12:50:43.562174,MCO,False,447.08,0,0,-1.64,-2.54,True,MOMENTUM_FAILURE
2026-06-03T12:50:43.893129,MDB,False,365.99,0,0,37.24,-13.3,True,ACCELERATION_DECAY
2026-06-03T12:50:44.225514,META,False,620.89,0,0,2.63,4.73,False,ACCELERATION_DECAY
2026-06-03T12:50:44.720100,MPC,False,268.42,0,0,3.04,-1.13,True,ACCELERATION_DECAY
2026-06-03T12:50:45.067068,MS,False,210.55,0,0,11.25,-3.09,True,ACCELERATION_DECAY
2026-06-03T12:50:45.415993,MSFT,False,427.88,0,0,4.01,-2.68,True,ACCELERATION_DECAY
2026-06-03T12:50:45.752711,MU,False,1078.68,0,0,68.49,-16.1,True,ACCELERATION_DECAY
2026-06-03T12:50:46.092621,NET,False,267.16,0,0,9.3,-12.33,True,ACCELERATION_DECAY
2026-06-03T12:50:46.429324,NFLX,False,81.56,0,0,-7.2,1.25,True,LOST_20_SMA
2026-06-03T12:50:46.771497,NOC,False,525.93,0,0,-5.85,-0.49,True,LOST_20_SMA
2026-06-03T12:50:47.110374,NOW,False,117.86,0,0,28.09,-10.7,True,ACCELERATION_DECAY
2026-06-03T12:50:47.445566,NUE,False,258.87,0,0,11.55,-2.91,True,ACCELERATION_DECAY
2026-06-03T12:50:47.777912,NVDA,False,215.31,0,0,9.57,-2.69,True,LOST_20_SMA
2026-06-03T12:50:48.116421,ODFL,False,233.58,0,0,19.12,-0.08,True,ACCELERATION_DECAY
2026-06-03T12:50:48.453157,ORCL,False,231.3,0,0,24.79,-10.87,True,ACCELERATION_DECAY
2026-06-03T12:50:48.789879,PANW,False,280.25,0,0,52.33,-8.69,True,ACCELERATION_DECAY
2026-06-03T12:50:49.132309,PH,False,853.47,0,0,-2.2,1.42,True,LOST_20_SMA
2026-06-03T12:50:49.481268,PLTR,False,141.41,0,0,4.05,-0.16,False,ACCELERATION_DECAY
2026-06-03T12:50:49.819950,PWR,False,720.19,0,0,-6.66,0.11,True,LOST_20_SMA
2026-06-03T12:50:50.158979,PYPL,False,42.36,0,0,-8.88,2.75,True,LOST_20_SMA
2026-06-03T12:50:50.497642,QCOM,False,250.94,0,0,34.52,-8.52,True,ACCELERATION_DECAY
2026-06-03T12:50:50.832413,RBLX,False,43.58,0,0,-1.04,4.36,True,LOST_20_SMA
2026-06-03T12:50:51.164962,REGN,False,619.86,0,0,-11.73,3.25,True,LOST_20_SMA
2026-06-03T12:50:51.510606,RKLB,False,115.18,0,0,46.24,-7.31,True,LOST_20_SMA
2026-06-03T12:50:51.848630,RTX,False,173.19,0,0,0.19,-0.6,True,LOST_20_SMA
2026-06-03T12:50:52.185503,SCHW,False,86.95,0,0,-5.9,-1.67,True,LOST_20_SMA
2026-06-03T12:50:52.513495,SHOP,False,112.85,0,0,4.85,13.11,False,ACCELERATION_DECAY
2026-06-03T12:50:52.850528,SLB,False,56.85,0,0,1.52,-0.15,True,ACCELERATION_DECAY
2026-06-03T12:50:53.178329,SNOW,False,242.43,0,0,71.07,-10.01,True,ACCELERATION_DECAY
2026-06-03T12:50:53.523935,SNPS,False,497.76,0,0,-0.95,-3.13,True,LOST_20_SMA
2026-06-03T12:50:53.862389,SOFI,False,16.69,0,0,4.18,-5.32,True,ACCELERATION_DECAY
2026-06-03T12:50:54.205769,SPGI,False,412.05,0,0,-2.79,-1.07,True,LOST_20_SMA
2026-06-03T12:50:54.544502,SYK,False,294.86,0,0,-0.13,-0.96,True,LOST_20_SMA
2026-06-03T12:50:54.898291,TMO,False,474.31,0,0,1.62,-2.59,True,ACCELERATION_DECAY
2026-06-03T12:50:55.237349,TSLA,False,422.35,0,0,8.47,0.51,False,ACCELERATION_DECAY
2026-06-03T12:50:55.591974,TT,False,465.45,0,0,-2.51,3.16,True,MOMENTUM_FAILURE
2026-06-03T12:50:55.923456,TTWO,False,215.17,0,0,-3.56,-2.32,True,LOST_20_SMA
2026-06-03T12:50:56.260655,UBER,False,71.13,0,0,-2.49,0.63,True,LOST_20_SMA
2026-06-03T12:50:56.598731,UNH,False,379.82,0,0,4.38,2.45,True,LOST_20_SMA
2026-06-03T12:50:56.929237,URI,False,1061.49,0,0,13.66,6.13,False,ACCELERATION_DECAY
2026-06-03T12:50:57.271147,V,False,314.18,0,0,-2.44,0.48,True,LOST_20_SMA
2026-06-03T12:50:57.607233,VLO,False,262.56,0,0,3.59,0.96,False,ACCELERATION_DECAY
2026-06-03T12:50:57.942772,VRSN,False,296.29,0,0,7.44,-1.04,True,ACCELERATION_DECAY
2026-06-03T12:50:58.291081,VRTX,False,428.5,0,0,0.98,2.08,True,LOST_20_SMA
2026-06-03T12:50:58.786921,WMT,False,117.04,0,0,-10.51,2.74,True,LOST_20_SMA
2026-06-03T12:50:59.138579,XOM,False,153.74,0,0,-0.74,1.95,True,MOMENTUM_FAILURE
2026-06-03T12:50:59.556960,ZS,False,133.95,0,0,-5.24,-6.61,True,LOST_20_SMA
2026-06-03T12:56:00.072559,AAPL,False,310.97,0,0,9.43,-4.43,True,ACCELERATION_DECAY
2026-06-03T12:56:00.403215,ABBV,False,217.24,0,0,5.4,1.92,False,ACCELERATION_DECAY
2026-06-03T12:56:00.731759,ABNB,False,133.31,0,0,-4.59,-1.35,True,LOST_20_SMA
2026-06-03T12:56:01.070404,ADBE,False,255.56,0,0,-0.02,-3.23,True,MOMENTUM_FAILURE
2026-06-03T12:56:01.408129,ADSK,False,229.03,0,0,-8.18,-3.78,True,LOST_20_SMA
2026-06-03T12:56:01.743810,AMAT,False,503.53,0,0,22.57,-2.64,True,ACCELERATION_DECAY
2026-06-03T12:56:02.090776,AMD,False,543.43,0,0,52.97,0.26,False,ACCELERATION_DECAY
2026-06-03T12:56:02.425648,AMZN,False,249.01,0,0,-8.97,-3.26,True,LOST_20_SMA
2026-06-03T12:56:02.765340,ANET,False,176.16,0,0,3.49,1.92,False,ACCELERATION_DECAY
2026-06-03T12:56:03.101433,APO,False,124.14,0,0,-4.73,-4.39,True,LOST_20_SMA
2026-06-03T12:56:03.435056,APP,False,567.11,0,0,18.61,-8.89,True,ACCELERATION_DECAY
2026-06-03T12:56:03.775683,ARES,False,122.33,0,0,-0.51,-7.43,True,LOST_20_SMA
2026-06-03T12:56:04.106435,ARM,False,411.79,0,0,97.18,-0.95,True,ACCELERATION_DECAY
2026-06-03T12:56:04.442205,ASML,False,1741.45,0,0,20.69,-2.33,True,ACCELERATION_DECAY
2026-06-03T12:56:04.786532,AXP,False,301.23,0,0,-4.66,-2.08,True,LOST_20_SMA
2026-06-03T12:56:05.143163,BA,False,211.12,0,0,-5.91,-4.28,True,LOST_20_SMA
2026-06-03T12:56:05.477459,BKNG,False,164.87,0,0,-1.65,-2.63,True,MOMENTUM_FAILURE
2026-06-03T12:56:05.820581,BLK,False,990.47,0,0,-5.57,-2.41,True,LOST_20_SMA
2026-06-03T12:56:06.162737,BSX,False,47.59,0,0,-14.99,1.14,True,LOST_20_SMA
2026-06-03T12:56:06.501715,BX,False,109.57,0,0,-10.72,-4.07,True,LOST_20_SMA
2026-06-03T12:56:06.841719,CAT,False,928.41,0,0,2.63,-1.37,True,ACCELERATION_DECAY
2026-06-03T12:56:07.177520,CAVA,False,70.52,0,0,-21.94,-3.16,True,LOST_20_SMA
2026-06-03T12:56:07.511856,CDNS,False,406.99,0,0,15.09,-4.05,True,ACCELERATION_DECAY
2026-06-03T12:56:07.859090,CELH,False,29.88,0,0,-10.86,-1.83,True,LOST_20_SMA
2026-06-03T12:56:08.211162,CME,False,252.53,0,0,-11.96,1.74,True,LOST_20_SMA
2026-06-03T12:56:08.557261,CMG,False,28.74,0,0,-11.05,-2.54,True,LOST_20_SMA
2026-06-03T12:56:08.981332,COIN,False,163.45,0,0,-17.35,-3.06,True,LOST_20_SMA
2026-06-03T12:56:09.319539,COP,False,119.23,0,0,-3.32,3.12,True,MOMENTUM_FAILURE
2026-06-03T12:56:09.660775,COST,False,961.02,0,0,-5.45,0.33,True,LOST_20_SMA
2026-06-03T12:56:09.995866,CRM,False,190.83,0,0,2.05,-6.23,True,ACCELERATION_DECAY
2026-06-03T12:56:10.326731,CRWD,False,752.04,0,0,57.82,-6.06,True,ACCELERATION_DECAY
2026-06-03T12:56:10.660079,CVX,False,190.24,0,0,-1.25,1.21,True,MOMENTUM_FAILURE
2026-06-03T12:56:10.995991,DDOG,False,249.17,0,0,70.98,-12.49,True,ACCELERATION_DECAY
2026-06-03T12:56:11.333902,DE,False,588.25,0,0,2.16,2.02,False,ACCELERATION_DECAY
2026-06-03T12:56:11.676407,DELL,False,419.41,0,0,93.88,-11.8,True,ACCELERATION_DECAY
2026-06-03T12:56:12.017705,DHR,False,178.27,0,0,2.08,0.9,False,ACCELERATION_DECAY
2026-06-03T12:56:12.347827,DUOL,False,106.06,0,0,1.95,2.21,True,LOST_20_SMA
2026-06-03T12:56:12.770041,EOG,False,142.11,0,0,0.92,3.06,False,ACCELERATION_DECAY
2026-06-03T12:56:13.106632,ETN,False,422.41,0,0,2.81,3.95,False,ACCELERATION_DECAY
2026-06-03T12:56:13.448111,FCX,False,71.26,0,0,23.54,-5.52,True,ACCELERATION_DECAY
2026-06-03T12:56:13.782303,FICO,False,1169.19,0,0,9.65,-8.43,True,ACCELERATION_DECAY
2026-06-03T12:56:14.112550,FTNT,False,146.86,0,0,63.32,-3.49,True,ACCELERATION_DECAY
2026-06-03T12:56:14.448567,GD,False,338.35,0,0,-3.1,0.19,True,LOST_20_SMA
2026-06-03T12:56:14.825749,GE,False,316.4,0,0,10.37,-2.89,True,ACCELERATION_DECAY
2026-06-03T12:56:15.172703,GOOG,False,355.38,0,0,-7.52,-1.92,True,LOST_20_SMA
2026-06-03T12:56:15.517989,GOOGL,False,358.98,0,0,-7.58,-2.0,True,LOST_20_SMA
2026-06-03T12:56:15.854253,GS,False,1046.27,0,0,13.86,-4.0,True,ACCELERATION_DECAY
2026-06-03T12:56:16.189867,HD,False,312.21,0,0,-1.02,-0.73,True,MOMENTUM_FAILURE
2026-06-03T12:56:16.527537,HIMS,False,27.4,0,0,4.06,3.18,False,ACCELERATION_DECAY
2026-06-03T12:56:16.979886,HON,False,223.51,0,0,6.91,-5.32,True,ACCELERATION_DECAY
2026-06-03T12:56:17.314658,HOOD,False,82.99,0,0,7.74,-7.43,True,ACCELERATION_DECAY
2026-06-03T12:56:17.654349,ICE,False,137.39,0,0,-11.52,-2.53,True,LOST_20_SMA
2026-06-03T12:56:17.990701,INTC,False,112.72,0,0,4.23,-8.46,True,LOST_20_SMA
2026-06-03T12:56:18.332180,INTU,False,311.16,0,0,-21.88,-1.03,True,LOST_20_SMA
2026-06-03T12:56:18.670978,ISRG,False,405.17,0,0,-10.24,0.83,True,LOST_20_SMA
2026-06-03T12:56:19.079956,JPM,False,300.91,0,0,-2.74,-0.57,True,MOMENTUM_FAILURE
2026-06-03T12:56:19.421815,KKR,False,90.09,0,0,-11.68,-3.08,True,LOST_20_SMA
2026-06-03T12:56:19.756580,KLAC,False,2142.95,0,0,23.66,4.29,False,ACCELERATION_DECAY
2026-06-03T12:56:20.103451,LIN,False,507.0,0,0,1.34,0.86,False,ACCELERATION_DECAY
2026-06-03T12:56:20.449962,LLY,False,1085.07,0,0,9.73,-0.21,False,ACCELERATION_DECAY
2026-06-03T12:56:20.784613,LMT,False,514.65,0,0,1.12,2.03,True,LOST_20_SMA
2026-06-03T12:56:21.125321,LRCX,False,345.83,0,0,25.39,-3.94,True,ACCELERATION_DECAY
2026-06-03T12:56:21.458441,LULU,False,125.76,0,0,-3.42,-1.47,True,MOMENTUM_FAILURE
2026-06-03T12:56:21.797669,MA,False,472.3,0,0,-4.99,0.38,True,LOST_20_SMA
2026-06-03T12:56:22.137693,MCD,False,274.2,0,0,-3.85,-1.12,True,LOST_20_SMA
2026-06-03T12:56:22.481812,MCO,False,447.15,0,0,-1.63,-2.53,True,MOMENTUM_FAILURE
2026-06-03T12:56:22.817071,MDB,False,366.27,0,0,37.34,-13.19,True,ACCELERATION_DECAY
2026-06-03T12:56:23.151526,META,False,621.94,0,0,2.81,4.9,False,ACCELERATION_DECAY
2026-06-03T12:56:23.489144,MPC,False,268.62,0,0,3.11,-1.05,True,ACCELERATION_DECAY
2026-06-03T12:56:23.835134,MS,False,210.4,0,0,11.18,-3.17,True,ACCELERATION_DECAY
2026-06-03T12:56:24.169383,MSFT,False,427.92,0,0,4.02,-2.67,True,ACCELERATION_DECAY
2026-06-03T12:56:24.506677,MU,False,1086.12,0,0,69.65,-14.94,True,ACCELERATION_DECAY
2026-06-03T12:56:24.839234,NET,False,266.69,0,0,9.11,-12.52,True,ACCELERATION_DECAY
2026-06-03T12:56:25.182317,NFLX,False,81.55,0,0,-7.21,1.24,True,LOST_20_SMA
2026-06-03T12:56:25.520301,NOC,False,526.39,0,0,-5.77,-0.4,True,LOST_20_SMA
2026-06-03T12:56:25.853545,NOW,False,118.26,0,0,28.53,-10.27,True,ACCELERATION_DECAY
2026-06-03T12:56:26.193937,NUE,False,258.96,0,0,11.59,-2.87,True,ACCELERATION_DECAY
2026-06-03T12:56:26.531617,NVDA,False,215.81,0,0,9.83,-2.44,True,LOST_20_SMA
2026-06-03T12:56:26.862385,ODFL,False,234.65,0,0,19.67,0.47,False,ACCELERATION_DECAY
2026-06-03T12:56:27.205008,ORCL,False,231.67,0,0,24.99,-10.67,True,ACCELERATION_DECAY
2026-06-03T12:56:27.542734,PANW,False,280.52,0,0,52.47,-8.55,True,ACCELERATION_DECAY
2026-06-03T12:56:27.883769,PH,False,855.17,0,0,-2.01,1.61,True,LOST_20_SMA
2026-06-03T12:56:28.221619,PLTR,False,141.64,0,0,4.22,0.01,False,ACCELERATION_DECAY
2026-06-03T12:56:28.563915,PWR,False,721.3,0,0,-6.52,0.25,True,LOST_20_SMA
2026-06-03T12:56:28.990381,PYPL,False,42.45,0,0,-8.69,2.94,True,LOST_20_SMA
2026-06-03T12:56:29.333207,QCOM,False,251.9,0,0,35.03,-8.0,True,ACCELERATION_DECAY
2026-06-03T12:56:29.688213,RBLX,False,43.59,0,0,-1.02,4.38,True,LOST_20_SMA
2026-06-03T12:56:30.019860,REGN,False,618.63,0,0,-11.91,3.08,True,LOST_20_SMA
2026-06-03T12:56:30.355805,RKLB,False,115.45,0,0,46.58,-6.97,True,LOST_20_SMA
2026-06-03T12:56:30.690714,RTX,False,173.38,0,0,0.3,-0.49,True,LOST_20_SMA
2026-06-03T12:56:31.027932,SCHW,False,86.91,0,0,-5.94,-1.71,True,LOST_20_SMA
2026-06-03T12:56:31.832280,SHOP,False,112.99,0,0,4.98,13.24,False,ACCELERATION_DECAY
2026-06-03T12:56:32.728102,SLB,False,56.89,0,0,1.59,-0.08,True,ACCELERATION_DECAY
2026-06-03T12:56:33.141669,SNOW,False,242.45,0,0,71.09,-9.99,True,ACCELERATION_DECAY
2026-06-03T12:56:33.469284,SNPS,False,498.27,0,0,-0.84,-3.02,True,LOST_20_SMA
2026-06-03T12:56:33.800040,SOFI,False,16.73,0,0,4.43,-5.07,True,ACCELERATION_DECAY
2026-06-03T12:56:34.136232,SPGI,False,412.37,0,0,-2.71,-1.0,True,LOST_20_SMA
2026-06-03T12:56:34.480240,SYK,False,294.66,0,0,-0.2,-1.03,True,LOST_20_SMA
2026-06-03T12:56:34.826824,TMO,False,473.87,0,0,1.52,-2.69,True,ACCELERATION_DECAY
2026-06-03T12:56:35.160183,TSLA,False,423.44,0,0,8.75,0.79,False,ACCELERATION_DECAY
2026-06-03T12:56:35.500876,TT,False,466.0,0,0,-2.4,3.27,True,MOMENTUM_FAILURE
2026-06-03T12:56:35.834045,TTWO,False,215.49,0,0,-3.42,-2.17,True,LOST_20_SMA
2026-06-03T12:56:36.177063,UBER,False,71.54,0,0,-1.93,1.19,True,LOST_20_SMA
2026-06-03T12:56:36.531810,UNH,False,379.84,0,0,4.39,2.46,True,LOST_20_SMA
2026-06-03T12:56:36.863312,URI,False,1063.59,0,0,13.88,6.36,False,ACCELERATION_DECAY
2026-06-03T12:56:37.204596,V,False,314.04,0,0,-2.48,0.43,True,LOST_20_SMA
2026-06-03T12:56:37.572307,VLO,False,262.81,0,0,3.69,1.06,False,ACCELERATION_DECAY
2026-06-03T12:56:37.912066,VRSN,False,296.38,0,0,7.47,-1.01,True,ACCELERATION_DECAY
2026-06-03T12:56:38.245012,VRTX,False,428.08,0,0,0.88,1.98,True,LOST_20_SMA
2026-06-03T12:56:38.666903,WMT,False,116.91,0,0,-10.61,2.64,True,LOST_20_SMA
2026-06-03T12:56:39.037985,XOM,False,153.65,0,0,-0.79,1.89,True,MOMENTUM_FAILURE
2026-06-03T12:56:39.368513,ZS,False,134.22,0,0,-5.05,-6.42,True,LOST_20_SMA
2026-06-03T13:01:39.836308,AAPL,False,310.26,0,0,9.18,-4.68,True,ACCELERATION_DECAY
2026-06-03T13:01:40.170590,ABBV,False,216.98,0,0,5.27,1.8,False,ACCELERATION_DECAY
2026-06-03T13:01:40.532304,ABNB,False,133.59,0,0,-4.39,-1.15,True,LOST_20_SMA
2026-06-03T13:01:40.877342,ADBE,False,256.24,0,0,0.24,-2.97,False,ACCELERATION_DECAY
2026-06-03T13:01:41.214893,ADSK,False,229.6,0,0,-7.95,-3.55,True,LOST_20_SMA
2026-06-03T13:01:41.558732,AMAT,False,500.77,0,0,21.9,-3.32,True,ACCELERATION_DECAY
2026-06-03T13:01:41.900415,AMD,False,542.52,0,0,52.71,0.01,False,ACCELERATION_DECAY
2026-06-03T13:01:42.244710,AMZN,False,250.02,0,0,-8.6,-2.89,True,LOST_20_SMA
2026-06-03T13:01:42.593922,ANET,False,174.37,0,0,2.44,0.87,False,ACCELERATION_DECAY
2026-06-03T13:01:42.933815,APO,False,124.35,0,0,-4.57,-4.23,True,LOST_20_SMA
2026-06-03T13:01:43.261837,APP,False,570.83,0,0,19.39,-8.11,True,ACCELERATION_DECAY
2026-06-03T13:01:43.602710,ARES,False,122.12,0,0,-0.68,-7.6,True,LOST_20_SMA
2026-06-03T13:01:43.935342,ARM,False,411.83,0,0,97.2,-0.93,True,ACCELERATION_DECAY
2026-06-03T13:01:44.269058,ASML,False,1726.36,0,0,19.64,-3.38,True,ACCELERATION_DECAY
2026-06-03T13:01:44.633176,AXP,False,300.57,0,0,-4.87,-2.29,True,LOST_20_SMA
2026-06-03T13:01:44.978458,BA,False,210.58,0,0,-6.15,-4.52,True,LOST_20_SMA
2026-06-03T13:01:45.320202,BKNG,False,164.78,0,0,-1.7,-2.68,True,MOMENTUM_FAILURE
2026-06-03T13:01:45.662323,BLK,False,990.87,0,0,-5.53,-2.37,True,LOST_20_SMA
2026-06-03T13:01:45.997231,BSX,False,47.69,0,0,-14.81,1.32,True,LOST_20_SMA
2026-06-03T13:01:46.333681,BX,False,110.28,0,0,-10.14,-3.49,True,LOST_20_SMA
2026-06-03T13:01:46.664188,CAT,False,926.18,0,0,2.39,-1.62,True,ACCELERATION_DECAY
2026-06-03T13:01:46.999328,CAVA,False,71.33,0,0,-21.04,-2.26,True,LOST_20_SMA
2026-06-03T13:01:47.338206,CDNS,False,408.0,0,0,15.37,-3.76,True,ACCELERATION_DECAY
2026-06-03T13:01:47.685570,CELH,False,30.01,0,0,-10.47,-1.45,True,LOST_20_SMA
2026-06-03T13:01:48.028875,CME,False,252.64,0,0,-11.92,1.78,True,LOST_20_SMA
2026-06-03T13:01:48.364470,CMG,False,28.76,0,0,-10.99,-2.48,True,LOST_20_SMA
2026-06-03T13:01:48.710506,COIN,False,163.22,0,0,-17.46,-3.18,True,LOST_20_SMA
2026-06-03T13:01:49.109164,COP,False,119.05,0,0,-3.46,2.97,True,MOMENTUM_FAILURE
2026-06-03T13:01:49.453508,COST,False,961.83,0,0,-5.37,0.41,True,LOST_20_SMA
2026-06-03T13:01:49.792965,CRM,False,190.61,0,0,1.94,-6.35,True,ACCELERATION_DECAY
2026-06-03T13:01:50.126380,CRWD,False,747.61,0,0,56.89,-6.99,True,ACCELERATION_DECAY
2026-06-03T13:01:50.461249,CVX,False,190.42,0,0,-1.15,1.31,True,MOMENTUM_FAILURE
2026-06-03T13:01:50.802242,DDOG,False,250.33,0,0,71.78,-11.69,True,ACCELERATION_DECAY
2026-06-03T13:01:51.143437,DE,False,588.29,0,0,2.17,2.02,False,ACCELERATION_DECAY
2026-06-03T13:01:51.494617,DELL,False,419.09,0,0,93.74,-11.95,True,ACCELERATION_DECAY
2026-06-03T13:01:51.838297,DHR,False,178.08,0,0,1.98,0.79,False,ACCELERATION_DECAY
2026-06-03T13:01:52.169324,DUOL,False,107.4,0,0,3.24,3.49,True,LOST_20_SMA
2026-06-03T13:01:52.519752,EOG,False,141.5,0,0,0.48,2.62,False,ACCELERATION_DECAY
2026-06-03T13:01:52.855519,ETN,False,421.21,0,0,2.52,3.66,False,ACCELERATION_DECAY
2026-06-03T13:01:53.195780,FCX,False,70.64,0,0,22.47,-6.59,True,ACCELERATION_DECAY
2026-06-03T13:01:53.533725,FICO,False,1174.66,0,0,10.17,-7.91,True,ACCELERATION_DECAY
2026-06-03T13:01:53.874189,FTNT,False,146.48,0,0,62.9,-3.91,True,ACCELERATION_DECAY
2026-06-03T13:01:54.221024,GD,False,337.04,0,0,-3.47,-0.19,True,LOST_20_SMA
2026-06-03T13:01:54.571895,GE,False,314.64,0,0,9.75,-3.51,True,ACCELERATION_DECAY
2026-06-03T13:01:54.910760,GOOG,False,355.68,0,0,-7.44,-1.84,True,LOST_20_SMA
2026-06-03T13:01:55.252925,GOOGL,False,358.99,0,0,-7.58,-2.0,True,LOST_20_SMA
2026-06-03T13:01:55.596736,GS,False,1041.02,0,0,13.29,-4.57,True,ACCELERATION_DECAY
2026-06-03T13:01:55.936373,HD,False,312.97,0,0,-0.78,-0.49,True,MOMENTUM_FAILURE
2026-06-03T13:01:56.282234,HIMS,False,27.51,0,0,4.48,3.6,False,ACCELERATION_DECAY
2026-06-03T13:01:56.616032,HON,False,223.26,0,0,6.79,-5.44,True,ACCELERATION_DECAY
2026-06-03T13:01:56.949152,HOOD,False,82.85,0,0,7.56,-7.61,True,ACCELERATION_DECAY
2026-06-03T13:01:57.294337,ICE,False,138.45,0,0,-10.84,-1.85,True,LOST_20_SMA
2026-06-03T13:01:57.646397,INTC,False,112.71,0,0,4.22,-8.47,True,LOST_20_SMA
2026-06-03T13:01:57.996505,INTU,False,311.44,0,0,-21.81,-0.96,True,LOST_20_SMA
2026-06-03T13:01:58.335858,ISRG,False,407.29,0,0,-9.77,1.3,True,LOST_20_SMA
2026-06-03T13:01:58.671838,JPM,False,300.85,0,0,-2.76,-0.59,True,MOMENTUM_FAILURE
2026-06-03T13:01:59.068586,KKR,False,90.53,0,0,-11.25,-2.65,True,LOST_20_SMA
2026-06-03T13:01:59.403005,KLAC,False,2125.11,0,0,22.63,3.26,False,ACCELERATION_DECAY
2026-06-03T13:01:59.743178,LIN,False,507.57,0,0,1.46,0.98,False,ACCELERATION_DECAY
2026-06-03T13:02:00.076088,LLY,False,1081.38,0,0,9.36,-0.59,False,ACCELERATION_DECAY
2026-06-03T13:02:00.413991,LMT,False,512.03,0,0,0.61,1.52,True,LOST_20_SMA
2026-06-03T13:02:00.750259,LRCX,False,343.71,0,0,24.62,-4.71,True,ACCELERATION_DECAY
2026-06-03T13:02:01.084701,LULU,False,126.03,0,0,-3.21,-1.26,True,MOMENTUM_FAILURE
2026-06-03T13:02:01.423285,MA,False,471.55,0,0,-5.14,0.23,True,LOST_20_SMA
2026-06-03T13:02:01.763229,MCD,False,273.29,0,0,-4.17,-1.44,True,LOST_20_SMA
2026-06-03T13:02:02.114118,MCO,False,448.39,0,0,-1.36,-2.25,True,MOMENTUM_FAILURE
2026-06-03T13:02:02.475357,MDB,False,368.32,0,0,38.11,-12.43,True,ACCELERATION_DECAY
2026-06-03T13:02:02.817756,META,False,622.98,0,0,2.98,5.07,False,ACCELERATION_DECAY
2026-06-03T13:02:03.159711,MPC,False,267.21,0,0,2.57,-1.59,True,ACCELERATION_DECAY
2026-06-03T13:02:03.504129,MS,False,210.14,0,0,11.04,-3.31,True,ACCELERATION_DECAY
2026-06-03T13:02:03.835302,MSFT,False,427.34,0,0,3.88,-2.81,True,ACCELERATION_DECAY
2026-06-03T13:02:04.167140,MU,False,1079.57,0,0,68.63,-15.97,True,ACCELERATION_DECAY
2026-06-03T13:02:04.504265,NET,False,266.93,0,0,9.21,-12.43,True,ACCELERATION_DECAY
2026-06-03T13:02:04.841195,NFLX,False,81.52,0,0,-7.25,1.2,True,LOST_20_SMA
2026-06-03T13:02:05.176759,NOC,False,526.06,0,0,-5.83,-0.46,True,LOST_20_SMA
2026-06-03T13:02:05.510395,NOW,False,117.9,0,0,28.14,-10.66,True,ACCELERATION_DECAY
2026-06-03T13:02:05.845199,NUE,False,257.73,0,0,11.06,-3.4,True,ACCELERATION_DECAY
2026-06-03T13:02:06.181907,NVDA,False,214.75,0,0,9.29,-2.98,True,LOST_20_SMA
2026-06-03T13:02:06.518339,ODFL,False,236.06,0,0,20.39,1.19,False,ACCELERATION_DECAY
2026-06-03T13:02:06.878076,ORCL,False,231.9,0,0,25.11,-10.54,True,ACCELERATION_DECAY
2026-06-03T13:02:07.213476,PANW,False,280.43,0,0,52.42,-8.6,True,ACCELERATION_DECAY
2026-06-03T13:02:07.551712,PH,False,850.76,0,0,-2.51,1.11,True,LOST_20_SMA
2026-06-03T13:02:07.898827,PLTR,False,142.2,0,0,4.63,0.42,False,ACCELERATION_DECAY
2026-06-03T13:02:08.239484,PWR,False,715.67,0,0,-7.25,-0.48,True,LOST_20_SMA
2026-06-03T13:02:08.579193,PYPL,False,42.61,0,0,-8.35,3.28,True,LOST_20_SMA
2026-06-03T13:02:09.035533,QCOM,False,250.01,0,0,34.02,-9.02,True,ACCELERATION_DECAY
2026-06-03T13:02:09.368101,RBLX,False,43.68,0,0,-0.82,4.59,True,LOST_20_SMA
2026-06-03T13:02:09.702512,REGN,False,618.95,0,0,-11.86,3.12,True,LOST_20_SMA
2026-06-03T13:02:10.051477,RKLB,False,114.7,0,0,45.63,-7.92,True,LOST_20_SMA
2026-06-03T13:02:10.388607,RTX,False,172.55,0,0,-0.19,-0.97,True,LOST_20_SMA
2026-06-03T13:02:10.729013,SCHW,False,86.59,0,0,-6.29,-2.06,True,LOST_20_SMA
2026-06-03T13:02:11.067115,SHOP,False,112.94,0,0,4.93,13.2,False,ACCELERATION_DECAY
2026-06-03T13:02:11.403733,SLB,False,56.85,0,0,1.52,-0.15,True,ACCELERATION_DECAY
2026-06-03T13:02:11.753214,SNOW,False,241.28,0,0,70.26,-10.82,True,ACCELERATION_DECAY
2026-06-03T13:02:12.088615,SNPS,False,498.02,0,0,-0.89,-3.07,True,LOST_20_SMA
2026-06-03T13:02:12.428424,SOFI,False,16.68,0,0,4.12,-5.39,True,ACCELERATION_DECAY
2026-06-03T13:02:12.824143,SPGI,False,412.29,0,0,-2.73,-1.02,True,LOST_20_SMA
2026-06-03T13:02:13.183549,SYK,False,295.0,0,0,-0.08,-0.92,True,LOST_20_SMA
2026-06-03T13:02:13.530153,TMO,False,473.95,0,0,1.54,-2.67,True,ACCELERATION_DECAY
2026-06-03T13:02:13.874594,TSLA,False,423.7,0,0,8.82,0.86,False,ACCELERATION_DECAY
2026-06-03T13:02:14.213063,TT,False,465.84,0,0,-2.43,3.24,True,MOMENTUM_FAILURE
2026-06-03T13:02:14.546742,TTWO,False,215.8,0,0,-3.28,-2.03,True,LOST_20_SMA
2026-06-03T13:02:14.887534,UBER,False,71.69,0,0,-1.73,1.4,True,LOST_20_SMA
2026-06-03T13:02:15.233067,UNH,False,377.0,0,0,3.61,1.67,True,LOST_20_SMA
2026-06-03T13:02:15.570210,URI,False,1056.58,0,0,13.13,5.61,False,ACCELERATION_DECAY
2026-06-03T13:02:15.914973,V,False,312.4,0,0,-2.99,-0.07,True,LOST_20_SMA
2026-06-03T13:02:16.257843,VLO,False,261.45,0,0,3.16,0.52,False,ACCELERATION_DECAY
2026-06-03T13:02:16.597346,VRSN,False,297.08,0,0,7.73,-0.76,True,ACCELERATION_DECAY
2026-06-03T13:02:16.930560,VRTX,False,428.34,0,0,0.94,2.05,True,LOST_20_SMA
2026-06-03T13:02:17.366630,WMT,False,116.89,0,0,-10.63,2.62,True,LOST_20_SMA
2026-06-03T13:02:17.713158,XOM,False,153.68,0,0,-0.77,1.91,True,MOMENTUM_FAILURE
2026-06-03T13:02:18.055973,ZS,False,134.37,0,0,-4.94,-6.32,True,LOST_20_SMA
2026-06-03T13:07:18.516624,AAPL,False,310.26,0,0,9.18,-4.68,True,ACCELERATION_DECAY
2026-06-03T13:07:18.855090,ABBV,False,217.13,0,0,5.35,1.87,False,ACCELERATION_DECAY
2026-06-03T13:07:19.190091,ABNB,False,133.59,0,0,-4.39,-1.15,True,LOST_20_SMA
2026-06-03T13:07:19.531043,ADBE,False,256.24,0,0,0.24,-2.97,False,ACCELERATION_DECAY
2026-06-03T13:07:19.872362,ADSK,False,229.6,0,0,-7.95,-3.55,True,LOST_20_SMA
2026-06-03T13:07:20.211849,AMAT,False,500.77,0,0,21.9,-3.32,True,ACCELERATION_DECAY
2026-06-03T13:07:20.554611,AMD,False,542.52,0,0,52.71,0.01,False,ACCELERATION_DECAY
2026-06-03T13:07:20.888634,AMZN,False,250.02,0,0,-8.6,-2.89,True,LOST_20_SMA
2026-06-03T13:07:21.231523,ANET,False,174.37,0,0,2.44,0.87,False,ACCELERATION_DECAY
2026-06-03T13:07:21.574665,APO,False,124.35,0,0,-4.57,-4.23,True,LOST_20_SMA
2026-06-03T13:07:21.917160,APP,False,570.83,0,0,19.39,-8.11,True,ACCELERATION_DECAY
2026-06-03T13:07:22.257263,ARES,False,123.1,0,0,0.11,-6.8,True,LOST_20_SMA
2026-06-03T13:07:22.594229,ARM,False,411.83,0,0,97.2,-0.93,True,ACCELERATION_DECAY
2026-06-03T13:07:22.927822,ASML,False,1726.36,0,0,19.64,-3.38,True,ACCELERATION_DECAY
2026-06-03T13:07:23.268646,AXP,False,300.57,0,0,-4.87,-2.29,True,LOST_20_SMA
2026-06-03T13:07:23.604900,BA,False,210.58,0,0,-6.15,-4.52,True,LOST_20_SMA
2026-06-03T13:07:23.939744,BKNG,False,164.78,0,0,-1.7,-2.68,True,MOMENTUM_FAILURE
2026-06-03T13:07:24.275940,BLK,False,990.87,0,0,-5.53,-2.37,True,LOST_20_SMA
2026-06-03T13:07:24.611333,BSX,False,47.69,0,0,-14.81,1.32,True,LOST_20_SMA
2026-06-03T13:07:24.952649,BX,False,110.28,0,0,-10.14,-3.49,True,LOST_20_SMA
2026-06-03T13:07:25.293823,CAT,False,926.18,0,0,2.39,-1.62,True,ACCELERATION_DECAY
2026-06-03T13:07:25.648822,CAVA,False,71.33,0,0,-21.04,-2.26,True,LOST_20_SMA
2026-06-03T13:07:25.986411,CDNS,False,408.0,0,0,15.37,-3.76,True,ACCELERATION_DECAY
2026-06-03T13:07:26.353492,CELH,False,30.01,0,0,-10.47,-1.45,True,LOST_20_SMA
2026-06-03T13:07:26.692779,CME,False,252.64,0,0,-11.92,1.78,True,LOST_20_SMA
2026-06-03T13:07:27.033954,CMG,False,28.74,0,0,-11.05,-2.54,True,LOST_20_SMA
2026-06-03T13:07:27.389548,COIN,False,163.22,0,0,-17.46,-3.18,True,LOST_20_SMA
2026-06-03T13:07:27.729616,COP,False,119.05,0,0,-3.46,2.97,True,MOMENTUM_FAILURE
2026-06-03T13:07:28.074991,COST,False,961.83,0,0,-5.37,0.41,True,LOST_20_SMA
2026-06-03T13:07:28.418052,CRM,False,190.61,0,0,1.94,-6.35,True,ACCELERATION_DECAY
2026-06-03T13:07:28.753135,CRWD,False,747.61,0,0,56.89,-6.99,True,ACCELERATION_DECAY
2026-06-03T13:07:29.147753,CVX,False,189.71,0,0,-1.52,0.94,True,MOMENTUM_FAILURE
2026-06-03T13:07:29.487325,DDOG,False,250.33,0,0,71.78,-11.69,True,ACCELERATION_DECAY
2026-06-03T13:07:29.846445,DE,False,588.29,0,0,2.17,2.02,False,ACCELERATION_DECAY
2026-06-03T13:07:30.194841,DELL,False,421.08,0,0,94.66,-11.03,True,ACCELERATION_DECAY
2026-06-03T13:07:30.559239,DHR,False,178.08,0,0,1.98,0.79,False,ACCELERATION_DECAY
2026-06-03T13:07:30.918486,DUOL,False,107.4,0,0,3.24,3.49,True,LOST_20_SMA
2026-06-03T13:07:31.264903,EOG,False,141.5,0,0,0.48,2.62,False,ACCELERATION_DECAY
2026-06-03T13:07:31.620454,ETN,False,421.21,0,0,2.52,3.66,False,ACCELERATION_DECAY
2026-06-03T13:07:31.961722,FCX,False,70.64,0,0,22.47,-6.59,True,ACCELERATION_DECAY
2026-06-03T13:07:32.307676,FICO,False,1174.66,0,0,10.17,-7.91,True,ACCELERATION_DECAY
2026-06-03T13:07:32.671976,FTNT,False,146.48,0,0,62.9,-3.91,True,ACCELERATION_DECAY
2026-06-03T13:07:33.020760,GD,False,337.04,0,0,-3.47,-0.19,True,LOST_20_SMA
2026-06-03T13:07:33.367078,GE,False,314.64,0,0,9.75,-3.51,True,ACCELERATION_DECAY
2026-06-03T13:07:33.731414,GOOG,False,355.68,0,0,-7.44,-1.84,True,LOST_20_SMA
2026-06-03T13:07:34.165857,GOOGL,False,358.99,0,0,-7.58,-2.0,True,LOST_20_SMA
2026-06-03T13:07:34.514698,GS,False,1041.02,0,0,13.29,-4.57,True,ACCELERATION_DECAY
2026-06-03T13:07:34.982953,HD,False,312.97,0,0,-0.78,-0.49,True,MOMENTUM_FAILURE
2026-06-03T13:07:35.330874,HIMS,False,27.51,0,0,4.48,3.6,False,ACCELERATION_DECAY
2026-06-03T13:07:35.670496,HON,False,223.26,0,0,6.79,-5.44,True,ACCELERATION_DECAY
2026-06-03T13:07:36.015586,HOOD,False,82.85,0,0,7.56,-7.61,True,ACCELERATION_DECAY
2026-06-03T13:07:36.369970,ICE,False,138.45,0,0,-10.84,-1.85,True,LOST_20_SMA
2026-06-03T13:07:36.715543,INTC,False,112.71,0,0,4.22,-8.47,True,LOST_20_SMA
2026-06-03T13:07:37.069206,INTU,False,311.44,0,0,-21.81,-0.96,True,LOST_20_SMA
2026-06-03T13:07:37.408405,ISRG,False,407.29,0,0,-9.77,1.3,True,LOST_20_SMA
2026-06-03T13:07:37.760867,JPM,False,300.85,0,0,-2.76,-0.59,True,MOMENTUM_FAILURE
2026-06-03T13:07:38.107136,KKR,False,90.53,0,0,-11.25,-2.65,True,LOST_20_SMA
2026-06-03T13:07:38.443458,KLAC,False,2125.11,0,0,22.63,3.26,False,ACCELERATION_DECAY
2026-06-03T13:07:38.794281,LIN,False,507.57,0,0,1.46,0.98,False,ACCELERATION_DECAY
2026-06-03T13:07:39.225217,LLY,False,1078.78,0,0,9.09,-0.85,False,ACCELERATION_DECAY
2026-06-03T13:07:39.570965,LMT,False,512.03,0,0,0.61,1.52,True,LOST_20_SMA
2026-06-03T13:07:39.929826,LRCX,False,343.71,0,0,24.62,-4.71,True,ACCELERATION_DECAY
2026-06-03T13:07:40.298717,LULU,False,126.03,0,0,-3.21,-1.26,True,MOMENTUM_FAILURE
2026-06-03T13:07:40.642603,MA,False,471.55,0,0,-5.14,0.23,True,LOST_20_SMA
2026-06-03T13:07:40.988924,MCD,False,273.29,0,0,-4.17,-1.44,True,LOST_20_SMA
2026-06-03T13:07:41.327053,MCO,False,448.39,0,0,-1.36,-2.25,True,MOMENTUM_FAILURE
2026-06-03T13:07:41.664359,MDB,False,368.32,0,0,38.11,-12.43,True,ACCELERATION_DECAY
2026-06-03T13:07:42.005203,META,False,622.98,0,0,2.98,5.07,False,ACCELERATION_DECAY
2026-06-03T13:07:42.365363,MPC,False,267.21,0,0,2.57,-1.59,True,ACCELERATION_DECAY
2026-06-03T13:07:42.707023,MS,False,210.14,0,0,11.04,-3.31,True,ACCELERATION_DECAY
2026-06-03T13:07:43.048917,MSFT,False,427.34,0,0,3.88,-2.81,True,ACCELERATION_DECAY
2026-06-03T13:07:43.391642,MU,False,1079.57,0,0,68.63,-15.97,True,ACCELERATION_DECAY
2026-06-03T13:07:43.758757,NET,False,265.33,0,0,8.55,-13.08,True,ACCELERATION_DECAY
2026-06-03T13:07:44.110414,NFLX,False,81.52,0,0,-7.25,1.2,True,LOST_20_SMA
2026-06-03T13:07:44.483175,NOC,False,526.06,0,0,-5.83,-0.46,True,LOST_20_SMA
2026-06-03T13:07:44.829832,NOW,False,117.9,0,0,28.14,-10.66,True,ACCELERATION_DECAY
2026-06-03T13:07:45.182883,NUE,False,257.73,0,0,11.06,-3.4,True,ACCELERATION_DECAY
2026-06-03T13:07:45.526467,NVDA,False,214.75,0,0,9.29,-2.98,True,LOST_20_SMA
2026-06-03T13:07:45.862642,ODFL,False,236.06,0,0,20.39,1.19,False,ACCELERATION_DECAY
2026-06-03T13:07:46.210278,ORCL,False,230.33,0,0,24.27,-11.39,True,ACCELERATION_DECAY
2026-06-03T13:07:46.548622,PANW,False,280.43,0,0,52.42,-8.6,True,ACCELERATION_DECAY
2026-06-03T13:07:46.891465,PH,False,850.76,0,0,-2.51,1.11,True,LOST_20_SMA
2026-06-03T13:07:47.220221,PLTR,False,142.2,0,0,4.63,0.42,False,ACCELERATION_DECAY
2026-06-03T13:07:47.555905,PWR,False,715.67,0,0,-7.25,-0.48,True,LOST_20_SMA
2026-06-03T13:07:47.905537,PYPL,False,42.61,0,0,-8.35,3.28,True,LOST_20_SMA
2026-06-03T13:07:48.274816,QCOM,False,250.01,0,0,34.02,-9.02,True,ACCELERATION_DECAY
2026-06-03T13:07:48.621753,RBLX,False,43.68,0,0,-0.82,4.59,True,LOST_20_SMA
2026-06-03T13:07:49.102221,REGN,False,618.95,0,0,-11.86,3.12,True,LOST_20_SMA
2026-06-03T13:07:49.431953,RKLB,False,114.7,0,0,45.63,-7.92,True,LOST_20_SMA
2026-06-03T13:07:49.789976,RTX,False,172.55,0,0,-0.19,-0.97,True,LOST_20_SMA
2026-06-03T13:07:50.138268,SCHW,False,86.59,0,0,-6.29,-2.06,True,LOST_20_SMA
2026-06-03T13:07:50.474780,SHOP,False,112.94,0,0,4.93,13.2,False,ACCELERATION_DECAY
2026-06-03T13:07:50.817000,SLB,False,56.85,0,0,1.52,-0.15,True,ACCELERATION_DECAY
2026-06-03T13:07:51.161906,SNOW,False,241.28,0,0,70.26,-10.82,True,ACCELERATION_DECAY
2026-06-03T13:07:51.507088,SNPS,False,498.02,0,0,-0.89,-3.07,True,LOST_20_SMA
2026-06-03T13:07:51.844109,SOFI,False,16.68,0,0,4.12,-5.39,True,ACCELERATION_DECAY
2026-06-03T13:07:52.223032,SPGI,False,412.29,0,0,-2.73,-1.02,True,LOST_20_SMA
2026-06-03T13:07:52.573968,SYK,False,295.0,0,0,-0.08,-0.92,True,LOST_20_SMA
2026-06-03T13:07:52.921871,TMO,False,473.95,0,0,1.54,-2.67,True,ACCELERATION_DECAY
2026-06-03T13:07:53.300183,TSLA,False,423.7,0,0,8.82,0.86,False,ACCELERATION_DECAY
2026-06-03T13:07:53.647319,TT,False,465.84,0,0,-2.43,3.24,True,MOMENTUM_FAILURE
2026-06-03T13:07:54.012607,TTWO,False,215.8,0,0,-3.28,-2.03,True,LOST_20_SMA
2026-06-03T13:07:54.371213,UBER,False,71.69,0,0,-1.73,1.4,True,LOST_20_SMA
2026-06-03T13:07:54.717789,UNH,False,377.0,0,0,3.61,1.67,True,LOST_20_SMA
2026-06-03T13:07:55.066018,URI,False,1056.58,0,0,13.13,5.61,False,ACCELERATION_DECAY
2026-06-03T13:07:55.420462,V,False,312.4,0,0,-2.99,-0.07,True,LOST_20_SMA
2026-06-03T13:07:55.827114,VLO,False,261.45,0,0,3.16,0.52,False,ACCELERATION_DECAY
2026-06-03T13:07:56.159830,VRSN,False,297.08,0,0,7.73,-0.76,True,ACCELERATION_DECAY
2026-06-03T13:07:56.506545,VRTX,False,428.34,0,0,0.94,2.05,True,LOST_20_SMA
2026-06-03T13:07:56.943670,WMT,False,116.89,0,0,-10.63,2.62,True,LOST_20_SMA
2026-06-03T13:07:57.291568,XOM,False,152.53,0,0,-1.52,1.17,True,MOMENTUM_FAILURE
2026-06-03T13:07:57.646889,ZS,False,134.37,0,0,-4.94,-6.32,True,LOST_20_SMA
2026-06-03T13:12:58.118365,AAPL,False,310.26,0,0,9.18,-4.68,True,ACCELERATION_DECAY
2026-06-03T13:12:58.468270,ABBV,False,217.13,0,0,5.35,1.87,False,ACCELERATION_DECAY
2026-06-03T13:12:58.805344,ABNB,False,133.59,0,0,-4.39,-1.15,True,LOST_20_SMA
2026-06-03T13:12:59.209082,ADBE,False,256.24,0,0,0.24,-2.97,False,ACCELERATION_DECAY
2026-06-03T13:12:59.548644,ADSK,False,229.6,0,0,-7.95,-3.55,True,LOST_20_SMA
2026-06-03T13:12:59.890061,AMAT,False,500.77,0,0,21.9,-3.32,True,ACCELERATION_DECAY
2026-06-03T13:13:00.239105,AMD,False,542.52,0,0,52.71,0.01,False,ACCELERATION_DECAY
2026-06-03T13:13:00.573230,AMZN,False,250.02,0,0,-8.6,-2.89,True,LOST_20_SMA
2026-06-03T13:13:01.062527,ANET,False,174.37,0,0,2.44,0.87,False,ACCELERATION_DECAY
2026-06-03T13:13:01.402680,APO,False,124.35,0,0,-4.57,-4.23,True,LOST_20_SMA
2026-06-03T13:13:01.738168,APP,False,570.83,0,0,19.39,-8.11,True,ACCELERATION_DECAY
2026-06-03T13:13:02.084218,ARES,False,123.1,0,0,0.11,-6.8,True,LOST_20_SMA
2026-06-03T13:13:02.437163,ARM,False,411.83,0,0,97.2,-0.93,True,ACCELERATION_DECAY
2026-06-03T13:13:02.772388,ASML,False,1726.36,0,0,19.64,-3.38,True,ACCELERATION_DECAY
2026-06-03T13:13:03.120280,AXP,False,300.57,0,0,-4.87,-2.29,True,LOST_20_SMA
2026-06-03T13:13:03.463173,BA,False,210.58,0,0,-6.15,-4.52,True,LOST_20_SMA
2026-06-03T13:13:03.799883,BKNG,False,164.78,0,0,-1.7,-2.68,True,MOMENTUM_FAILURE
2026-06-03T13:13:04.150306,BLK,False,990.87,0,0,-5.53,-2.37,True,LOST_20_SMA
2026-06-03T13:13:04.494559,BSX,False,47.69,0,0,-14.81,1.32,True,LOST_20_SMA
2026-06-03T13:13:04.839290,BX,False,110.28,0,0,-10.14,-3.49,True,LOST_20_SMA
2026-06-03T13:13:05.185264,CAT,False,926.18,0,0,2.39,-1.62,True,ACCELERATION_DECAY
2026-06-03T13:13:05.520202,CAVA,False,71.33,0,0,-21.04,-2.26,True,LOST_20_SMA
2026-06-03T13:13:05.863230,CDNS,False,408.0,0,0,15.37,-3.76,True,ACCELERATION_DECAY
2026-06-03T13:13:06.203831,CELH,False,30.01,0,0,-10.47,-1.45,True,LOST_20_SMA
2026-06-03T13:13:06.539503,CME,False,252.64,0,0,-11.92,1.78,True,LOST_20_SMA
2026-06-03T13:13:06.913669,CMG,False,28.74,0,0,-11.05,-2.54,True,LOST_20_SMA
2026-06-03T13:13:07.258573,COIN,False,163.22,0,0,-17.46,-3.18,True,LOST_20_SMA
2026-06-03T13:13:07.629170,COP,False,119.05,0,0,-3.46,2.97,True,MOMENTUM_FAILURE
2026-06-03T13:13:07.966902,COST,False,961.83,0,0,-5.37,0.41,True,LOST_20_SMA
2026-06-03T13:13:08.313144,CRM,False,190.61,0,0,1.94,-6.35,True,ACCELERATION_DECAY
2026-06-03T13:13:08.660081,CRWD,False,747.61,0,0,56.89,-6.99,True,ACCELERATION_DECAY
2026-06-03T13:13:09.115191,CVX,False,189.71,0,0,-1.52,0.94,True,MOMENTUM_FAILURE
2026-06-03T13:13:09.580537,DDOG,False,250.33,0,0,71.78,-11.69,True,ACCELERATION_DECAY
2026-06-03T13:13:09.930049,DE,False,588.29,0,0,2.17,2.02,False,ACCELERATION_DECAY
2026-06-03T13:13:10.269668,DELL,False,421.08,0,0,94.66,-11.03,True,ACCELERATION_DECAY
2026-06-03T13:13:10.629431,DHR,False,178.08,0,0,1.98,0.79,False,ACCELERATION_DECAY
2026-06-03T13:13:10.964963,DUOL,False,107.4,0,0,3.24,3.49,True,LOST_20_SMA
2026-06-03T13:13:11.329325,EOG,False,141.5,0,0,0.48,2.62,False,ACCELERATION_DECAY
2026-06-03T13:13:11.665344,ETN,False,421.21,0,0,2.52,3.66,False,ACCELERATION_DECAY
2026-06-03T13:13:12.010044,FCX,False,70.64,0,0,22.47,-6.59,True,ACCELERATION_DECAY
2026-06-03T13:13:12.348520,FICO,False,1174.66,0,0,10.17,-7.91,True,ACCELERATION_DECAY
2026-06-03T13:13:12.711356,FTNT,False,146.48,0,0,62.9,-3.91,True,ACCELERATION_DECAY
2026-06-03T13:13:13.090867,GD,False,337.04,0,0,-3.47,-0.19,True,LOST_20_SMA
2026-06-03T13:13:13.467772,GE,False,314.64,0,0,9.75,-3.51,True,ACCELERATION_DECAY
2026-06-03T13:13:13.811393,GOOG,False,355.68,0,0,-7.44,-1.84,True,LOST_20_SMA
2026-06-03T13:13:14.153625,GOOGL,False,358.99,0,0,-7.58,-2.0,True,LOST_20_SMA
2026-06-03T13:13:14.491972,GS,False,1041.02,0,0,13.29,-4.57,True,ACCELERATION_DECAY
2026-06-03T13:13:14.925817,HD,False,312.97,0,0,-0.78,-0.49,True,MOMENTUM_FAILURE
2026-06-03T13:13:15.264099,HIMS,False,27.51,0,0,4.48,3.6,False,ACCELERATION_DECAY
2026-06-03T13:13:15.607709,HON,False,223.26,0,0,6.79,-5.44,True,ACCELERATION_DECAY
2026-06-03T13:13:15.952502,HOOD,False,82.85,0,0,7.56,-7.61,True,ACCELERATION_DECAY
2026-06-03T13:13:16.293046,ICE,False,138.45,0,0,-10.84,-1.85,True,LOST_20_SMA
2026-06-03T13:13:16.635088,INTC,False,112.71,0,0,4.22,-8.47,True,LOST_20_SMA
2026-06-03T13:13:16.971823,INTU,False,311.44,0,0,-21.81,-0.96,True,LOST_20_SMA
2026-06-03T13:13:17.325860,ISRG,False,407.29,0,0,-9.77,1.3,True,LOST_20_SMA
2026-06-03T13:13:17.669757,JPM,False,300.85,0,0,-2.76,-0.59,True,MOMENTUM_FAILURE
2026-06-03T13:13:18.039570,KKR,False,90.53,0,0,-11.25,-2.65,True,LOST_20_SMA
2026-06-03T13:13:18.386146,KLAC,False,2125.11,0,0,22.63,3.26,False,ACCELERATION_DECAY
2026-06-03T13:13:18.760925,LIN,False,507.57,0,0,1.46,0.98,False,ACCELERATION_DECAY
2026-06-03T13:13:19.163993,LLY,False,1078.78,0,0,9.09,-0.85,False,ACCELERATION_DECAY
2026-06-03T13:13:19.552102,LMT,False,512.03,0,0,0.61,1.52,True,LOST_20_SMA
2026-06-03T13:13:19.905401,LRCX,False,343.71,0,0,24.62,-4.71,True,ACCELERATION_DECAY
2026-06-03T13:13:20.250824,LULU,False,126.03,0,0,-3.21,-1.26,True,MOMENTUM_FAILURE
2026-06-03T13:13:20.609010,MA,False,471.55,0,0,-5.14,0.23,True,LOST_20_SMA
2026-06-03T13:13:20.950631,MCD,False,273.29,0,0,-4.17,-1.44,True,LOST_20_SMA
2026-06-03T13:13:21.301326,MCO,False,448.39,0,0,-1.36,-2.25,True,MOMENTUM_FAILURE
2026-06-03T13:13:21.641759,MDB,False,368.32,0,0,38.11,-12.43,True,ACCELERATION_DECAY
2026-06-03T13:13:21.995075,META,False,622.98,0,0,2.98,5.07,False,ACCELERATION_DECAY
2026-06-03T13:13:22.358236,MPC,False,267.21,0,0,2.57,-1.59,True,ACCELERATION_DECAY
2026-06-03T13:13:22.703245,MS,False,210.14,0,0,11.04,-3.31,True,ACCELERATION_DECAY
2026-06-03T13:13:23.056827,MSFT,False,427.34,0,0,3.88,-2.81,True,ACCELERATION_DECAY
2026-06-03T13:13:23.405519,MU,False,1079.57,0,0,68.63,-15.97,True,ACCELERATION_DECAY
2026-06-03T13:13:23.758858,NET,False,265.33,0,0,8.55,-13.08,True,ACCELERATION_DECAY
2026-06-03T13:13:24.109650,NFLX,False,81.52,0,0,-7.25,1.2,True,LOST_20_SMA
2026-06-03T13:13:24.461652,NOC,False,526.06,0,0,-5.83,-0.46,True,LOST_20_SMA
2026-06-03T13:13:24.809587,NOW,False,117.9,0,0,28.14,-10.66,True,ACCELERATION_DECAY
2026-06-03T13:13:25.153354,NUE,False,257.73,0,0,11.06,-3.4,True,ACCELERATION_DECAY
2026-06-03T13:13:25.500249,NVDA,False,214.75,0,0,9.29,-2.98,True,LOST_20_SMA
2026-06-03T13:13:25.864813,ODFL,False,236.06,0,0,20.39,1.19,False,ACCELERATION_DECAY
2026-06-03T13:13:26.216976,ORCL,False,230.33,0,0,24.27,-11.39,True,ACCELERATION_DECAY
2026-06-03T13:13:26.556996,PANW,False,280.43,0,0,52.42,-8.6,True,ACCELERATION_DECAY
2026-06-03T13:13:26.913881,PH,False,850.76,0,0,-2.51,1.11,True,LOST_20_SMA
2026-06-03T13:13:27.246638,PLTR,False,142.2,0,0,4.63,0.42,False,ACCELERATION_DECAY
2026-06-03T13:13:27.596230,PWR,False,715.67,0,0,-7.25,-0.48,True,LOST_20_SMA
2026-06-03T13:13:27.936361,PYPL,False,42.61,0,0,-8.35,3.28,True,LOST_20_SMA
2026-06-03T13:13:28.280279,QCOM,False,250.01,0,0,34.02,-9.02,True,ACCELERATION_DECAY
2026-06-03T13:13:28.626791,RBLX,False,43.68,0,0,-0.82,4.59,True,LOST_20_SMA
2026-06-03T13:13:28.955425,REGN,False,618.95,0,0,-11.86,3.12,True,LOST_20_SMA
2026-06-03T13:13:29.287765,RKLB,False,114.7,0,0,45.63,-7.92,True,LOST_20_SMA
2026-06-03T13:13:29.629795,RTX,False,172.55,0,0,-0.19,-0.97,True,LOST_20_SMA
2026-06-03T13:13:29.982224,SCHW,False,86.59,0,0,-6.29,-2.06,True,LOST_20_SMA
2026-06-03T13:13:30.321104,SHOP,False,112.94,0,0,4.93,13.2,False,ACCELERATION_DECAY
2026-06-03T13:13:30.668066,SLB,False,56.85,0,0,1.52,-0.15,True,ACCELERATION_DECAY
2026-06-03T13:13:31.013746,SNOW,False,241.28,0,0,70.26,-10.82,True,ACCELERATION_DECAY
2026-06-03T13:13:31.358306,SNPS,False,498.02,0,0,-0.89,-3.07,True,LOST_20_SMA
2026-06-03T13:13:31.704599,SOFI,False,16.68,0,0,4.12,-5.39,True,ACCELERATION_DECAY
2026-06-03T13:13:32.058162,SPGI,False,412.29,0,0,-2.73,-1.02,True,LOST_20_SMA
2026-06-03T13:13:32.402988,SYK,False,295.0,0,0,-0.08,-0.92,True,LOST_20_SMA
2026-06-03T13:13:32.752884,TMO,False,473.95,0,0,1.54,-2.67,True,ACCELERATION_DECAY
2026-06-03T13:13:33.091088,TSLA,False,423.7,0,0,8.82,0.86,False,ACCELERATION_DECAY
2026-06-03T13:13:33.439727,TT,False,465.84,0,0,-2.43,3.24,True,MOMENTUM_FAILURE
2026-06-03T13:13:33.774578,TTWO,False,215.8,0,0,-3.28,-2.03,True,LOST_20_SMA
2026-06-03T13:13:34.112477,UBER,False,71.69,0,0,-1.73,1.4,True,LOST_20_SMA
2026-06-03T13:13:34.464563,UNH,False,377.0,0,0,3.61,1.67,True,LOST_20_SMA
2026-06-03T13:13:34.804063,URI,False,1056.58,0,0,13.13,5.61,False,ACCELERATION_DECAY
2026-06-03T13:13:35.145727,V,False,312.4,0,0,-2.99,-0.07,True,LOST_20_SMA
2026-06-03T13:13:35.487790,VLO,False,261.45,0,0,3.16,0.52,False,ACCELERATION_DECAY
2026-06-03T13:13:35.829115,VRSN,False,297.08,0,0,7.73,-0.76,True,ACCELERATION_DECAY
2026-06-03T13:13:36.174193,VRTX,False,428.34,0,0,0.94,2.05,True,LOST_20_SMA
2026-06-03T13:13:36.609549,WMT,False,116.89,0,0,-10.63,2.62,True,LOST_20_SMA
2026-06-03T13:13:36.956791,XOM,False,152.53,0,0,-1.52,1.17,True,MOMENTUM_FAILURE
2026-06-03T13:13:37.300743,ZS,False,134.37,0,0,-4.94,-6.32,True,LOST_20_SMA
2026-06-03T13:18:38.058963,AAPL,False,310.26,0,0,9.18,-4.68,True,ACCELERATION_DECAY
2026-06-03T13:18:38.413891,ABBV,False,217.13,0,0,5.35,1.87,False,ACCELERATION_DECAY
2026-06-03T13:18:38.746947,ABNB,False,133.59,0,0,-4.39,-1.15,True,LOST_20_SMA
2026-06-03T13:18:39.153671,ADBE,False,256.24,0,0,0.24,-2.97,False,ACCELERATION_DECAY
2026-06-03T13:18:39.494402,ADSK,False,229.6,0,0,-7.95,-3.55,True,LOST_20_SMA
2026-06-03T13:18:39.836915,AMAT,False,500.77,0,0,21.9,-3.32,True,ACCELERATION_DECAY
2026-06-03T13:18:40.182303,AMD,False,542.52,0,0,52.71,0.01,False,ACCELERATION_DECAY
2026-06-03T13:18:40.526981,AMZN,False,250.02,0,0,-8.6,-2.89,True,LOST_20_SMA
2026-06-03T13:18:40.867003,ANET,False,174.37,0,0,2.44,0.87,False,ACCELERATION_DECAY
2026-06-03T13:18:41.215674,APO,False,124.35,0,0,-4.57,-4.23,True,LOST_20_SMA
2026-06-03T13:18:41.550572,APP,False,570.83,0,0,19.39,-8.11,True,ACCELERATION_DECAY
2026-06-03T13:18:41.891140,ARES,False,123.1,0,0,0.11,-6.8,True,LOST_20_SMA
2026-06-03T13:18:42.231636,ARM,False,411.83,0,0,97.2,-0.93,True,ACCELERATION_DECAY
2026-06-03T13:18:42.588077,ASML,False,1726.36,0,0,19.64,-3.38,True,ACCELERATION_DECAY
2026-06-03T13:18:42.931586,AXP,False,300.57,0,0,-4.87,-2.29,True,LOST_20_SMA
2026-06-03T13:18:43.281787,BA,False,210.58,0,0,-6.15,-4.52,True,LOST_20_SMA
2026-06-03T13:18:43.625919,BKNG,False,164.78,0,0,-1.7,-2.68,True,MOMENTUM_FAILURE
2026-06-03T13:18:43.961967,BLK,False,990.87,0,0,-5.53,-2.37,True,LOST_20_SMA
2026-06-03T13:18:44.299100,BSX,False,47.69,0,0,-14.81,1.32,True,LOST_20_SMA
2026-06-03T13:18:44.640323,BX,False,110.28,0,0,-10.14,-3.49,True,LOST_20_SMA
2026-06-03T13:18:44.998516,CAT,False,926.18,0,0,2.39,-1.62,True,ACCELERATION_DECAY
2026-06-03T13:18:45.363485,CAVA,False,71.33,0,0,-21.04,-2.26,True,LOST_20_SMA
2026-06-03T13:18:45.703247,CDNS,False,408.0,0,0,15.37,-3.76,True,ACCELERATION_DECAY
2026-06-03T13:18:46.037723,CELH,False,30.01,0,0,-10.47,-1.45,True,LOST_20_SMA
2026-06-03T13:18:46.372322,CME,False,252.64,0,0,-11.92,1.78,True,LOST_20_SMA
2026-06-03T13:18:46.709033,CMG,False,28.74,0,0,-11.05,-2.54,True,LOST_20_SMA
2026-06-03T13:18:47.051247,COIN,False,163.22,0,0,-17.46,-3.18,True,LOST_20_SMA
2026-06-03T13:18:47.387152,COP,False,119.05,0,0,-3.46,2.97,True,MOMENTUM_FAILURE
2026-06-03T13:18:47.724245,COST,False,961.83,0,0,-5.37,0.41,True,LOST_20_SMA
2026-06-03T13:18:48.058894,CRM,False,190.61,0,0,1.94,-6.35,True,ACCELERATION_DECAY
2026-06-03T13:18:48.397201,CRWD,False,747.61,0,0,56.89,-6.99,True,ACCELERATION_DECAY
2026-06-03T13:18:48.750258,CVX,False,189.71,0,0,-1.52,0.94,True,MOMENTUM_FAILURE
2026-06-03T13:18:49.151646,DDOG,False,250.33,0,0,71.78,-11.69,True,ACCELERATION_DECAY
2026-06-03T13:18:49.497857,DE,False,588.29,0,0,2.17,2.02,False,ACCELERATION_DECAY
2026-06-03T13:18:49.841220,DELL,False,421.08,0,0,94.66,-11.03,True,ACCELERATION_DECAY
2026-06-03T13:18:50.179052,DHR,False,178.08,0,0,1.98,0.79,False,ACCELERATION_DECAY
2026-06-03T13:18:50.533149,DUOL,False,107.4,0,0,3.24,3.49,True,LOST_20_SMA
2026-06-03T13:18:50.884003,EOG,False,141.5,0,0,0.48,2.62,False,ACCELERATION_DECAY
2026-06-03T13:18:51.230267,ETN,False,421.21,0,0,2.52,3.66,False,ACCELERATION_DECAY
2026-06-03T13:18:51.572561,FCX,False,70.64,0,0,22.47,-6.59,True,ACCELERATION_DECAY
2026-06-03T13:18:51.916935,FICO,False,1174.66,0,0,10.17,-7.91,True,ACCELERATION_DECAY
2026-06-03T13:18:52.261317,FTNT,False,146.48,0,0,62.9,-3.91,True,ACCELERATION_DECAY
2026-06-03T13:18:52.597441,GD,False,337.04,0,0,-3.47,-0.19,True,LOST_20_SMA
2026-06-03T13:18:52.938008,GE,False,314.64,0,0,9.75,-3.51,True,ACCELERATION_DECAY
2026-06-03T13:18:53.276454,GOOG,False,355.68,0,0,-7.44,-1.84,True,LOST_20_SMA
2026-06-03T13:18:53.664738,GOOGL,False,358.99,0,0,-7.58,-2.0,True,LOST_20_SMA
2026-06-03T13:18:54.005641,GS,False,1041.02,0,0,13.29,-4.57,True,ACCELERATION_DECAY
2026-06-03T13:18:54.344598,HD,False,312.97,0,0,-0.78,-0.49,True,MOMENTUM_FAILURE
2026-06-03T13:18:54.679393,HIMS,False,27.51,0,0,4.48,3.6,False,ACCELERATION_DECAY
2026-06-03T13:18:55.038034,HON,False,223.26,0,0,6.79,-5.44,True,ACCELERATION_DECAY
2026-06-03T13:18:55.378171,HOOD,False,82.85,0,0,7.56,-7.61,True,ACCELERATION_DECAY
2026-06-03T13:18:55.711518,ICE,False,138.45,0,0,-10.84,-1.85,True,LOST_20_SMA
2026-06-03T13:18:56.058065,INTC,False,112.71,0,0,4.22,-8.47,True,LOST_20_SMA
2026-06-03T13:18:56.394710,INTU,False,311.44,0,0,-21.81,-0.96,True,LOST_20_SMA
2026-06-03T13:18:56.734347,ISRG,False,407.29,0,0,-9.77,1.3,True,LOST_20_SMA
2026-06-03T13:18:57.072014,JPM,False,300.85,0,0,-2.76,-0.59,True,MOMENTUM_FAILURE
2026-06-03T13:18:57.413760,KKR,False,90.53,0,0,-11.25,-2.65,True,LOST_20_SMA
2026-06-03T13:18:57.744147,KLAC,False,2125.11,0,0,22.63,3.26,False,ACCELERATION_DECAY
2026-06-03T13:18:58.082805,LIN,False,507.57,0,0,1.46,0.98,False,ACCELERATION_DECAY
2026-06-03T13:18:58.440336,LLY,False,1078.78,0,0,9.09,-0.85,False,ACCELERATION_DECAY
2026-06-03T13:18:58.774221,LMT,False,512.03,0,0,0.61,1.52,True,LOST_20_SMA
2026-06-03T13:18:59.181486,LRCX,False,343.71,0,0,24.62,-4.71,True,ACCELERATION_DECAY
2026-06-03T13:18:59.539788,LULU,False,126.03,0,0,-3.21,-1.26,True,MOMENTUM_FAILURE
2026-06-03T13:18:59.883946,MA,False,471.55,0,0,-5.14,0.23,True,LOST_20_SMA
2026-06-03T13:19:00.218617,MCD,False,273.29,0,0,-4.17,-1.44,True,LOST_20_SMA
2026-06-03T13:19:00.571686,MCO,False,448.39,0,0,-1.36,-2.25,True,MOMENTUM_FAILURE
2026-06-03T13:19:00.916684,MDB,False,368.32,0,0,38.11,-12.43,True,ACCELERATION_DECAY
2026-06-03T13:19:01.244844,META,False,622.98,0,0,2.98,5.07,False,ACCELERATION_DECAY
2026-06-03T13:19:01.595998,MPC,False,267.21,0,0,2.57,-1.59,True,ACCELERATION_DECAY
2026-06-03T13:19:01.938267,MS,False,210.14,0,0,11.04,-3.31,True,ACCELERATION_DECAY
2026-06-03T13:19:02.274151,MSFT,False,427.34,0,0,3.88,-2.81,True,ACCELERATION_DECAY
2026-06-03T13:19:02.618246,MU,False,1079.57,0,0,68.63,-15.97,True,ACCELERATION_DECAY
2026-06-03T13:19:02.955356,NET,False,265.33,0,0,8.55,-13.08,True,ACCELERATION_DECAY
2026-06-03T13:19:03.300888,NFLX,False,81.52,0,0,-7.25,1.2,True,LOST_20_SMA
2026-06-03T13:19:03.641054,NOC,False,526.06,0,0,-5.83,-0.46,True,LOST_20_SMA
2026-06-03T13:19:03.996393,NOW,False,117.9,0,0,28.14,-10.66,True,ACCELERATION_DECAY
2026-06-03T13:19:04.347398,NUE,False,257.73,0,0,11.06,-3.4,True,ACCELERATION_DECAY
2026-06-03T13:19:04.685673,NVDA,False,214.75,0,0,9.29,-2.98,True,LOST_20_SMA
2026-06-03T13:19:05.026218,ODFL,False,236.06,0,0,20.39,1.19,False,ACCELERATION_DECAY
2026-06-03T13:19:05.391830,ORCL,False,230.33,0,0,24.27,-11.39,True,ACCELERATION_DECAY
2026-06-03T13:19:05.733295,PANW,False,280.43,0,0,52.42,-8.6,True,ACCELERATION_DECAY
2026-06-03T13:19:06.074858,PH,False,850.76,0,0,-2.51,1.11,True,LOST_20_SMA
2026-06-03T13:19:06.460447,PLTR,False,142.2,0,0,4.63,0.42,False,ACCELERATION_DECAY
2026-06-03T13:19:06.802700,PWR,False,715.67,0,0,-7.25,-0.48,True,LOST_20_SMA
2026-06-03T13:19:07.145976,PYPL,False,42.61,0,0,-8.35,3.28,True,LOST_20_SMA
2026-06-03T13:19:07.489423,QCOM,False,250.01,0,0,34.02,-9.02,True,ACCELERATION_DECAY
2026-06-03T13:19:07.827129,RBLX,False,43.68,0,0,-0.82,4.59,True,LOST_20_SMA
2026-06-03T13:19:08.166839,REGN,False,618.95,0,0,-11.86,3.12,True,LOST_20_SMA
2026-06-03T13:19:08.506635,RKLB,False,114.7,0,0,45.63,-7.92,True,LOST_20_SMA
2026-06-03T13:19:08.852036,RTX,False,172.55,0,0,-0.19,-0.97,True,LOST_20_SMA
2026-06-03T13:19:09.256994,SCHW,False,86.59,0,0,-6.29,-2.06,True,LOST_20_SMA
2026-06-03T13:19:09.589661,SHOP,False,112.94,0,0,4.93,13.2,False,ACCELERATION_DECAY
2026-06-03T13:19:09.941466,SLB,False,56.85,0,0,1.52,-0.15,True,ACCELERATION_DECAY
2026-06-03T13:19:10.284547,SNOW,False,241.28,0,0,70.26,-10.82,True,ACCELERATION_DECAY
2026-06-03T13:19:10.621449,SNPS,False,498.02,0,0,-0.89,-3.07,True,LOST_20_SMA
2026-06-03T13:19:10.957519,SOFI,False,16.68,0,0,4.12,-5.39,True,ACCELERATION_DECAY
2026-06-03T13:19:11.300543,SPGI,False,412.29,0,0,-2.73,-1.02,True,LOST_20_SMA
2026-06-03T13:19:11.642626,SYK,False,295.0,0,0,-0.08,-0.92,True,LOST_20_SMA
2026-06-03T13:19:11.984555,TMO,False,473.95,0,0,1.54,-2.67,True,ACCELERATION_DECAY
2026-06-03T13:19:12.328298,TSLA,False,423.7,0,0,8.82,0.86,False,ACCELERATION_DECAY
2026-06-03T13:19:12.668726,TT,False,465.84,0,0,-2.43,3.24,True,MOMENTUM_FAILURE
2026-06-03T13:19:13.013458,TTWO,False,215.8,0,0,-3.28,-2.03,True,LOST_20_SMA
2026-06-03T13:19:13.351445,UBER,False,71.69,0,0,-1.73,1.4,True,LOST_20_SMA
2026-06-03T13:19:13.697101,UNH,False,377.0,0,0,3.61,1.67,True,LOST_20_SMA
2026-06-03T13:19:14.039866,URI,False,1056.58,0,0,13.13,5.61,False,ACCELERATION_DECAY
2026-06-03T13:19:14.372938,V,False,312.4,0,0,-2.99,-0.07,True,LOST_20_SMA
2026-06-03T13:19:14.717199,VLO,False,261.45,0,0,3.16,0.52,False,ACCELERATION_DECAY
2026-06-03T13:19:15.052048,VRSN,False,297.08,0,0,7.73,-0.76,True,ACCELERATION_DECAY
2026-06-03T13:19:15.392956,VRTX,False,428.34,0,0,0.94,2.05,True,LOST_20_SMA
2026-06-03T13:19:15.826135,WMT,False,116.89,0,0,-10.63,2.62,True,LOST_20_SMA
2026-06-03T13:19:16.201394,XOM,False,152.53,0,0,-1.52,1.17,True,MOMENTUM_FAILURE
2026-06-03T13:19:16.559431,ZS,False,134.37,0,0,-4.94,-6.32,True,LOST_20_SMA
2026-06-03T13:24:17.025218,AAPL,False,310.26,0,0,9.18,-4.68,True,ACCELERATION_DECAY
2026-06-03T13:24:17.367378,ABBV,False,217.13,0,0,5.35,1.87,False,ACCELERATION_DECAY
2026-06-03T13:24:17.708137,ABNB,False,133.59,0,0,-4.39,-1.15,True,LOST_20_SMA
2026-06-03T13:24:18.053276,ADBE,False,256.24,0,0,0.24,-2.97,False,ACCELERATION_DECAY
2026-06-03T13:24:18.395063,ADSK,False,229.6,0,0,-7.95,-3.55,True,LOST_20_SMA
2026-06-03T13:24:18.735659,AMAT,False,500.77,0,0,21.9,-3.32,True,ACCELERATION_DECAY
2026-06-03T13:24:19.074926,AMD,False,542.52,0,0,52.71,0.01,False,ACCELERATION_DECAY
2026-06-03T13:24:19.416903,AMZN,False,250.02,0,0,-8.6,-2.89,True,LOST_20_SMA
2026-06-03T13:24:19.759320,ANET,False,174.37,0,0,2.44,0.87,False,ACCELERATION_DECAY
2026-06-03T13:24:20.107400,APO,False,124.35,0,0,-4.57,-4.23,True,LOST_20_SMA
2026-06-03T13:24:20.449366,APP,False,570.83,0,0,19.39,-8.11,True,ACCELERATION_DECAY
2026-06-03T13:24:20.783078,ARES,False,123.1,0,0,0.11,-6.8,True,LOST_20_SMA
2026-06-03T13:24:21.120931,ARM,False,411.83,0,0,97.2,-0.93,True,ACCELERATION_DECAY
2026-06-03T13:24:21.459789,ASML,False,1726.36,0,0,19.64,-3.38,True,ACCELERATION_DECAY
2026-06-03T13:24:21.797185,AXP,False,300.57,0,0,-4.87,-2.29,True,LOST_20_SMA
2026-06-03T13:24:22.137074,BA,False,210.58,0,0,-6.15,-4.52,True,LOST_20_SMA
2026-06-03T13:24:22.523557,BKNG,False,164.78,0,0,-1.7,-2.68,True,MOMENTUM_FAILURE
2026-06-03T13:24:22.876606,BLK,False,990.87,0,0,-5.53,-2.37,True,LOST_20_SMA
2026-06-03T13:24:23.219146,BSX,False,47.69,0,0,-14.81,1.32,True,LOST_20_SMA
2026-06-03T13:24:23.562062,BX,False,110.28,0,0,-10.14,-3.49,True,LOST_20_SMA
2026-06-03T13:24:23.911667,CAT,False,926.18,0,0,2.39,-1.62,True,ACCELERATION_DECAY
2026-06-03T13:24:24.252214,CAVA,False,71.33,0,0,-21.04,-2.26,True,LOST_20_SMA
2026-06-03T13:24:24.598689,CDNS,False,408.0,0,0,15.37,-3.76,True,ACCELERATION_DECAY
2026-06-03T13:24:24.933313,CELH,False,30.01,0,0,-10.47,-1.45,True,LOST_20_SMA
2026-06-03T13:24:25.370658,CME,False,252.64,0,0,-11.92,1.78,True,LOST_20_SMA
2026-06-03T13:24:25.718348,CMG,False,28.74,0,0,-11.05,-2.54,True,LOST_20_SMA
2026-06-03T13:24:26.055541,COIN,False,163.22,0,0,-17.46,-3.18,True,LOST_20_SMA
2026-06-03T13:24:26.404242,COP,False,119.05,0,0,-3.46,2.97,True,MOMENTUM_FAILURE
2026-06-03T13:24:26.747742,COST,False,961.83,0,0,-5.37,0.41,True,LOST_20_SMA
2026-06-03T13:24:27.097868,CRM,False,190.61,0,0,1.94,-6.35,True,ACCELERATION_DECAY
2026-06-03T13:24:27.437174,CRWD,False,747.61,0,0,56.89,-6.99,True,ACCELERATION_DECAY
2026-06-03T13:24:27.773630,CVX,False,189.71,0,0,-1.52,0.94,True,MOMENTUM_FAILURE
2026-06-03T13:24:28.116337,DDOG,False,250.33,0,0,71.78,-11.69,True,ACCELERATION_DECAY
2026-06-03T13:24:28.461890,DE,False,588.29,0,0,2.17,2.02,False,ACCELERATION_DECAY
2026-06-03T13:24:28.799785,DELL,False,421.08,0,0,94.66,-11.03,True,ACCELERATION_DECAY
2026-06-03T13:24:29.149913,DHR,False,178.08,0,0,1.98,0.79,False,ACCELERATION_DECAY
2026-06-03T13:24:29.506610,DUOL,False,107.4,0,0,3.24,3.49,True,LOST_20_SMA
2026-06-03T13:24:29.850820,EOG,False,141.5,0,0,0.48,2.62,False,ACCELERATION_DECAY
2026-06-03T13:24:30.199704,ETN,False,421.21,0,0,2.52,3.66,False,ACCELERATION_DECAY
2026-06-03T13:24:30.545076,FCX,False,70.64,0,0,22.47,-6.59,True,ACCELERATION_DECAY
2026-06-03T13:24:30.888216,FICO,False,1174.66,0,0,10.17,-7.91,True,ACCELERATION_DECAY
2026-06-03T13:24:31.221028,FTNT,False,146.48,0,0,62.9,-3.91,True,ACCELERATION_DECAY
2026-06-03T13:24:31.555177,GD,False,337.04,0,0,-3.47,-0.19,True,LOST_20_SMA
2026-06-03T13:24:31.898392,GE,False,314.64,0,0,9.75,-3.51,True,ACCELERATION_DECAY
2026-06-03T13:24:32.253953,GOOG,False,355.68,0,0,-7.44,-1.84,True,LOST_20_SMA
2026-06-03T13:24:32.600814,GOOGL,False,358.99,0,0,-7.58,-2.0,True,LOST_20_SMA
2026-06-03T13:24:32.951702,GS,False,1041.02,0,0,13.29,-4.57,True,ACCELERATION_DECAY
2026-06-03T13:24:33.285730,HD,False,312.97,0,0,-0.78,-0.49,True,MOMENTUM_FAILURE
2026-06-03T13:24:33.619302,HIMS,False,27.51,0,0,4.48,3.6,False,ACCELERATION_DECAY
2026-06-03T13:24:33.959616,HON,False,223.26,0,0,6.79,-5.44,True,ACCELERATION_DECAY
2026-06-03T13:24:34.309525,HOOD,False,82.85,0,0,7.56,-7.61,True,ACCELERATION_DECAY
2026-06-03T13:24:34.651062,ICE,False,138.45,0,0,-10.84,-1.85,True,LOST_20_SMA
2026-06-03T13:24:35.011616,INTC,False,112.71,0,0,4.22,-8.47,True,LOST_20_SMA
2026-06-03T13:24:35.356593,INTU,False,311.44,0,0,-21.81,-0.96,True,LOST_20_SMA
2026-06-03T13:24:35.692424,ISRG,False,407.29,0,0,-9.77,1.3,True,LOST_20_SMA
2026-06-03T13:24:36.058758,JPM,False,300.85,0,0,-2.76,-0.59,True,MOMENTUM_FAILURE
2026-06-03T13:24:36.408537,KKR,False,90.53,0,0,-11.25,-2.65,True,LOST_20_SMA
2026-06-03T13:24:36.744983,KLAC,False,2125.11,0,0,22.63,3.26,False,ACCELERATION_DECAY
2026-06-03T13:24:37.083867,LIN,False,507.57,0,0,1.46,0.98,False,ACCELERATION_DECAY
2026-06-03T13:24:37.424590,LLY,False,1078.78,0,0,9.09,-0.85,False,ACCELERATION_DECAY
2026-06-03T13:24:37.770887,LMT,False,512.03,0,0,0.61,1.52,True,LOST_20_SMA
2026-06-03T13:24:38.108472,LRCX,False,343.71,0,0,24.62,-4.71,True,ACCELERATION_DECAY
2026-06-03T13:24:38.457002,LULU,False,126.03,0,0,-3.21,-1.26,True,MOMENTUM_FAILURE
2026-06-03T13:24:38.806562,MA,False,471.55,0,0,-5.14,0.23,True,LOST_20_SMA
2026-06-03T13:24:39.176284,MCD,False,273.29,0,0,-4.17,-1.44,True,LOST_20_SMA
2026-06-03T13:24:39.548986,MCO,False,448.39,0,0,-1.36,-2.25,True,MOMENTUM_FAILURE
2026-06-03T13:24:39.885005,MDB,False,368.32,0,0,38.11,-12.43,True,ACCELERATION_DECAY
2026-06-03T13:24:40.223074,META,False,622.98,0,0,2.98,5.07,False,ACCELERATION_DECAY
2026-06-03T13:24:40.568041,MPC,False,267.21,0,0,2.57,-1.59,True,ACCELERATION_DECAY
2026-06-03T13:24:40.911674,MS,False,210.14,0,0,11.04,-3.31,True,ACCELERATION_DECAY
2026-06-03T13:24:41.266508,MSFT,False,427.34,0,0,3.88,-2.81,True,ACCELERATION_DECAY
2026-06-03T13:24:41.616457,MU,False,1079.57,0,0,68.63,-15.97,True,ACCELERATION_DECAY
2026-06-03T13:24:41.961154,NET,False,265.33,0,0,8.55,-13.08,True,ACCELERATION_DECAY
2026-06-03T13:24:42.314454,NFLX,False,81.52,0,0,-7.25,1.2,True,LOST_20_SMA
2026-06-03T13:24:42.654549,NOC,False,526.06,0,0,-5.83,-0.46,True,LOST_20_SMA
2026-06-03T13:24:43.002030,NOW,False,117.9,0,0,28.14,-10.66,True,ACCELERATION_DECAY
2026-06-03T13:24:43.369137,NUE,False,257.73,0,0,11.06,-3.4,True,ACCELERATION_DECAY
2026-06-03T13:24:43.708850,NVDA,False,214.75,0,0,9.29,-2.98,True,LOST_20_SMA
2026-06-03T13:24:44.054672,ODFL,False,236.06,0,0,20.39,1.19,False,ACCELERATION_DECAY
2026-06-03T13:24:44.394263,ORCL,False,230.33,0,0,24.27,-11.39,True,ACCELERATION_DECAY
2026-06-03T13:24:44.767636,PANW,False,280.43,0,0,52.42,-8.6,True,ACCELERATION_DECAY
2026-06-03T13:24:45.116614,PH,False,850.76,0,0,-2.51,1.11,True,LOST_20_SMA
2026-06-03T13:24:45.451724,PLTR,False,142.2,0,0,4.63,0.42,False,ACCELERATION_DECAY
2026-06-03T13:24:45.800756,PWR,False,715.67,0,0,-7.25,-0.48,True,LOST_20_SMA
2026-06-03T13:24:46.141870,PYPL,False,42.61,0,0,-8.35,3.28,True,LOST_20_SMA
2026-06-03T13:24:46.480076,QCOM,False,250.01,0,0,34.02,-9.02,True,ACCELERATION_DECAY
2026-06-03T13:24:46.815254,RBLX,False,43.68,0,0,-0.82,4.59,True,LOST_20_SMA
2026-06-03T13:24:47.149159,REGN,False,618.95,0,0,-11.86,3.12,True,LOST_20_SMA
2026-06-03T13:24:47.490621,RKLB,False,114.7,0,0,45.63,-7.92,True,LOST_20_SMA
2026-06-03T13:24:47.830492,RTX,False,172.55,0,0,-0.19,-0.97,True,LOST_20_SMA
2026-06-03T13:24:48.197930,SCHW,False,86.59,0,0,-6.29,-2.06,True,LOST_20_SMA
2026-06-03T13:24:48.563238,SHOP,False,112.94,0,0,4.93,13.2,False,ACCELERATION_DECAY
2026-06-03T13:24:48.905001,SLB,False,56.85,0,0,1.52,-0.15,True,ACCELERATION_DECAY
2026-06-03T13:24:49.343505,SNOW,False,241.28,0,0,70.26,-10.82,True,ACCELERATION_DECAY
2026-06-03T13:24:49.693340,SNPS,False,498.02,0,0,-0.89,-3.07,True,LOST_20_SMA
2026-06-03T13:24:50.057501,SOFI,False,16.68,0,0,4.12,-5.39,True,ACCELERATION_DECAY
2026-06-03T13:24:50.410076,SPGI,False,412.29,0,0,-2.73,-1.02,True,LOST_20_SMA
2026-06-03T13:24:50.767089,SYK,False,295.0,0,0,-0.08,-0.92,True,LOST_20_SMA
2026-06-03T13:24:51.115726,TMO,False,473.95,0,0,1.54,-2.67,True,ACCELERATION_DECAY
2026-06-03T13:24:51.451553,TSLA,False,423.7,0,0,8.82,0.86,False,ACCELERATION_DECAY
2026-06-03T13:24:51.790836,TT,False,465.84,0,0,-2.43,3.24,True,MOMENTUM_FAILURE
2026-06-03T13:24:52.120917,TTWO,False,215.8,0,0,-3.28,-2.03,True,LOST_20_SMA
2026-06-03T13:24:52.459157,UBER,False,71.69,0,0,-1.73,1.4,True,LOST_20_SMA
2026-06-03T13:24:52.791082,UNH,False,377.0,0,0,3.61,1.67,True,LOST_20_SMA
2026-06-03T13:24:53.121802,URI,False,1056.58,0,0,13.13,5.61,False,ACCELERATION_DECAY
2026-06-03T13:24:53.461822,V,False,312.4,0,0,-2.99,-0.07,True,LOST_20_SMA
2026-06-03T13:24:53.799106,VLO,False,261.45,0,0,3.16,0.52,False,ACCELERATION_DECAY
2026-06-03T13:24:54.132831,VRSN,False,297.08,0,0,7.73,-0.76,True,ACCELERATION_DECAY
2026-06-03T13:24:54.474371,VRTX,False,428.34,0,0,0.94,2.05,True,LOST_20_SMA
2026-06-03T13:24:54.893818,WMT,False,116.89,0,0,-10.63,2.62,True,LOST_20_SMA
2026-06-03T13:24:55.233214,XOM,False,152.53,0,0,-1.52,1.17,True,MOMENTUM_FAILURE
2026-06-03T13:24:55.570471,ZS,False,134.37,0,0,-4.94,-6.32,True,LOST_20_SMA
2026-06-03T13:29:56.049935,AAPL,False,310.26,0,0,9.18,-4.68,True,ACCELERATION_DECAY
2026-06-03T13:29:56.384200,ABBV,False,217.13,0,0,5.35,1.87,False,ACCELERATION_DECAY
2026-06-03T13:29:56.725951,ABNB,False,133.59,0,0,-4.39,-1.15,True,LOST_20_SMA
2026-06-03T13:29:57.067378,ADBE,False,256.24,0,0,0.24,-2.97,False,ACCELERATION_DECAY
2026-06-03T13:29:57.400905,ADSK,False,229.6,0,0,-7.95,-3.55,True,LOST_20_SMA
2026-06-03T13:29:57.741431,AMAT,False,500.77,0,0,21.9,-3.32,True,ACCELERATION_DECAY
2026-06-03T13:29:58.110321,AMD,False,542.52,0,0,52.71,0.01,False,ACCELERATION_DECAY
2026-06-03T13:29:58.450641,AMZN,False,250.02,0,0,-8.6,-2.89,True,LOST_20_SMA
2026-06-03T13:29:58.878141,ANET,False,174.37,0,0,2.44,0.87,False,ACCELERATION_DECAY
2026-06-03T13:29:59.221076,APO,False,124.35,0,0,-4.57,-4.23,True,LOST_20_SMA
2026-06-03T13:29:59.556864,APP,False,570.83,0,0,19.39,-8.11,True,ACCELERATION_DECAY
2026-06-03T13:29:59.889738,ARES,False,123.1,0,0,0.11,-6.8,True,LOST_20_SMA
2026-06-03T13:30:00.226906,ARM,False,411.83,0,0,97.2,-0.93,True,ACCELERATION_DECAY
2026-06-03T13:30:00.566639,ASML,False,1726.36,0,0,19.64,-3.38,True,ACCELERATION_DECAY
2026-06-03T13:30:00.908104,AXP,False,300.57,0,0,-4.87,-2.29,True,LOST_20_SMA
2026-06-03T13:30:01.250002,BA,False,210.58,0,0,-6.15,-4.52,True,LOST_20_SMA
2026-06-03T13:30:01.590842,BKNG,False,164.78,0,0,-1.7,-2.68,True,MOMENTUM_FAILURE
2026-06-03T13:30:01.926249,BLK,False,990.87,0,0,-5.53,-2.37,True,LOST_20_SMA
2026-06-03T13:30:02.268874,BSX,False,47.69,0,0,-14.81,1.32,True,LOST_20_SMA
2026-06-03T13:30:02.611178,BX,False,110.28,0,0,-10.14,-3.49,True,LOST_20_SMA
2026-06-03T13:30:02.948968,CAT,False,926.18,0,0,2.39,-1.62,True,ACCELERATION_DECAY
2026-06-03T13:30:03.287225,CAVA,False,71.33,0,0,-21.04,-2.26,True,LOST_20_SMA
2026-06-03T13:30:03.622679,CDNS,False,408.0,0,0,15.37,-3.76,True,ACCELERATION_DECAY
2026-06-03T13:30:03.984662,CELH,False,30.01,0,0,-10.47,-1.45,True,LOST_20_SMA
2026-06-03T13:30:04.326989,CME,False,252.64,0,0,-11.92,1.78,True,LOST_20_SMA
2026-06-03T13:30:04.685602,CMG,False,28.74,0,0,-11.05,-2.54,True,LOST_20_SMA
2026-06-03T13:30:05.033473,COIN,False,163.22,0,0,-17.46,-3.18,True,LOST_20_SMA
2026-06-03T13:30:05.378718,COP,False,119.05,0,0,-3.46,2.97,True,MOMENTUM_FAILURE
2026-06-03T13:30:05.716068,COST,False,961.83,0,0,-5.37,0.41,True,LOST_20_SMA
2026-06-03T13:30:06.056933,CRM,False,190.61,0,0,1.94,-6.35,True,ACCELERATION_DECAY
2026-06-03T13:30:06.385982,CRWD,False,747.61,0,0,56.89,-6.99,True,ACCELERATION_DECAY
2026-06-03T13:30:06.729199,CVX,False,189.71,0,0,-1.52,0.94,True,MOMENTUM_FAILURE
2026-06-03T13:30:07.066033,DDOG,False,250.33,0,0,71.78,-11.69,True,ACCELERATION_DECAY
2026-06-03T13:30:07.413643,DE,False,588.29,0,0,2.17,2.02,False,ACCELERATION_DECAY
2026-06-03T13:30:07.761661,DELL,False,421.08,0,0,94.66,-11.03,True,ACCELERATION_DECAY
2026-06-03T13:30:08.109227,DHR,False,178.08,0,0,1.98,0.79,False,ACCELERATION_DECAY
2026-06-03T13:30:08.476728,DUOL,False,107.4,0,0,3.24,3.49,True,LOST_20_SMA
2026-06-03T13:30:08.827301,EOG,False,141.5,0,0,0.48,2.62,False,ACCELERATION_DECAY
2026-06-03T13:30:09.180324,ETN,False,421.21,0,0,2.52,3.66,False,ACCELERATION_DECAY
2026-06-03T13:30:09.526734,FCX,False,70.64,0,0,22.47,-6.59,True,ACCELERATION_DECAY
2026-06-03T13:30:09.875460,FICO,False,1174.66,0,0,10.17,-7.91,True,ACCELERATION_DECAY
2026-06-03T13:30:10.217178,FTNT,False,146.48,0,0,62.9,-3.91,True,ACCELERATION_DECAY
2026-06-03T13:30:10.557378,GD,False,337.04,0,0,-3.47,-0.19,True,LOST_20_SMA
2026-06-03T13:30:10.908028,GE,False,314.64,0,0,9.75,-3.51,True,ACCELERATION_DECAY
2026-06-03T13:30:11.244036,GOOG,False,355.68,0,0,-7.44,-1.84,True,LOST_20_SMA
2026-06-03T13:30:11.582885,GOOGL,False,358.99,0,0,-7.58,-2.0,True,LOST_20_SMA
2026-06-03T13:30:11.925489,GS,False,1041.02,0,0,13.29,-4.57,True,ACCELERATION_DECAY
2026-06-03T13:30:12.274024,HD,False,312.97,0,0,-0.78,-0.49,True,MOMENTUM_FAILURE
2026-06-03T13:30:12.760953,HIMS,False,27.51,0,0,4.48,3.6,False,ACCELERATION_DECAY
2026-06-03T13:30:13.104954,HON,False,223.26,0,0,6.79,-5.44,True,ACCELERATION_DECAY
2026-06-03T13:30:13.437604,HOOD,False,82.85,0,0,7.56,-7.61,True,ACCELERATION_DECAY
2026-06-03T13:30:13.816957,ICE,False,138.45,0,0,-10.84,-1.85,True,LOST_20_SMA
2026-06-03T13:30:14.158723,INTC,False,112.71,0,0,4.22,-8.47,True,LOST_20_SMA
2026-06-03T13:30:14.505892,INTU,False,311.44,0,0,-21.81,-0.96,True,LOST_20_SMA
2026-06-03T13:30:14.849119,ISRG,False,407.29,0,0,-9.77,1.3,True,LOST_20_SMA
2026-06-03T13:30:15.185548,JPM,False,300.85,0,0,-2.76,-0.59,True,MOMENTUM_FAILURE
2026-06-03T13:30:15.525004,KKR,False,90.53,0,0,-11.25,-2.65,True,LOST_20_SMA
2026-06-03T13:30:15.867551,KLAC,False,2125.11,0,0,22.63,3.26,False,ACCELERATION_DECAY
2026-06-03T13:30:16.216971,LIN,False,507.57,0,0,1.46,0.98,False,ACCELERATION_DECAY
2026-06-03T13:30:16.558280,LLY,False,1078.78,0,0,9.09,-0.85,False,ACCELERATION_DECAY
2026-06-03T13:30:16.900012,LMT,False,512.03,0,0,0.61,1.52,True,LOST_20_SMA
2026-06-03T13:30:17.242812,LRCX,False,343.71,0,0,24.62,-4.71,True,ACCELERATION_DECAY
2026-06-03T13:30:17.584739,LULU,False,126.03,0,0,-3.21,-1.26,True,MOMENTUM_FAILURE
2026-06-03T13:30:17.926209,MA,False,471.55,0,0,-5.14,0.23,True,LOST_20_SMA
2026-06-03T13:30:18.261895,MCD,False,273.29,0,0,-4.17,-1.44,True,LOST_20_SMA
2026-06-03T13:30:18.604173,MCO,False,448.39,0,0,-1.36,-2.25,True,MOMENTUM_FAILURE
2026-06-03T13:30:18.940824,MDB,False,368.32,0,0,38.11,-12.43,True,ACCELERATION_DECAY
2026-06-03T13:30:19.383694,META,False,622.98,0,0,2.98,5.07,False,ACCELERATION_DECAY
2026-06-03T13:30:19.729478,MPC,False,267.21,0,0,2.57,-1.59,True,ACCELERATION_DECAY
2026-06-03T13:30:20.077380,MS,False,210.14,0,0,11.04,-3.31,True,ACCELERATION_DECAY
2026-06-03T13:30:20.412775,MSFT,False,427.34,0,0,3.88,-2.81,True,ACCELERATION_DECAY
2026-06-03T13:30:20.753587,MU,False,1079.57,0,0,68.63,-15.97,True,ACCELERATION_DECAY
2026-06-03T13:30:21.096633,NET,False,265.33,0,0,8.55,-13.08,True,ACCELERATION_DECAY
2026-06-03T13:30:21.441974,NFLX,False,81.52,0,0,-7.25,1.2,True,LOST_20_SMA
2026-06-03T13:30:21.788022,NOC,False,526.06,0,0,-5.83,-0.46,True,LOST_20_SMA
2026-06-03T13:30:22.125916,NOW,False,117.9,0,0,28.14,-10.66,True,ACCELERATION_DECAY
2026-06-03T13:30:22.468528,NUE,False,257.73,0,0,11.06,-3.4,True,ACCELERATION_DECAY
2026-06-03T13:30:22.805217,NVDA,False,214.75,0,0,9.29,-2.98,True,LOST_20_SMA
2026-06-03T13:30:23.151865,ODFL,False,236.06,0,0,20.39,1.19,False,ACCELERATION_DECAY
2026-06-03T13:30:23.495689,ORCL,False,230.33,0,0,24.27,-11.39,True,ACCELERATION_DECAY
2026-06-03T13:30:23.836416,PANW,False,280.43,0,0,52.42,-8.6,True,ACCELERATION_DECAY
2026-06-03T13:30:24.178420,PH,False,850.76,0,0,-2.51,1.11,True,LOST_20_SMA
2026-06-03T13:30:24.518906,PLTR,False,142.2,0,0,4.63,0.42,False,ACCELERATION_DECAY
2026-06-03T13:30:24.857786,PWR,False,715.67,0,0,-7.25,-0.48,True,LOST_20_SMA
2026-06-03T13:30:25.199421,PYPL,False,42.61,0,0,-8.35,3.28,True,LOST_20_SMA
2026-06-03T13:30:25.544555,QCOM,False,250.01,0,0,34.02,-9.02,True,ACCELERATION_DECAY
2026-06-03T13:30:25.874538,RBLX,False,43.68,0,0,-0.82,4.59,True,LOST_20_SMA
2026-06-03T13:30:26.207555,REGN,False,618.95,0,0,-11.86,3.12,True,LOST_20_SMA
2026-06-03T13:30:26.545248,RKLB,False,114.7,0,0,45.63,-7.92,True,LOST_20_SMA
2026-06-03T13:30:26.878733,RTX,False,172.55,0,0,-0.19,-0.97,True,LOST_20_SMA
2026-06-03T13:30:27.219721,SCHW,False,86.59,0,0,-6.29,-2.06,True,LOST_20_SMA
2026-06-03T13:30:27.566103,SHOP,False,112.94,0,0,4.93,13.2,False,ACCELERATION_DECAY
2026-06-03T13:30:27.904661,SLB,False,56.85,0,0,1.52,-0.15,True,ACCELERATION_DECAY
2026-06-03T13:30:28.238907,SNOW,False,241.28,0,0,70.26,-10.82,True,ACCELERATION_DECAY
2026-06-03T13:30:28.573236,SNPS,False,498.02,0,0,-0.89,-3.07,True,LOST_20_SMA
2026-06-03T13:30:28.909828,SOFI,False,16.68,0,0,4.12,-5.39,True,ACCELERATION_DECAY
2026-06-03T13:30:29.242080,SPGI,False,412.29,0,0,-2.73,-1.02,True,LOST_20_SMA
2026-06-03T13:30:29.584357,SYK,False,295.0,0,0,-0.08,-0.92,True,LOST_20_SMA
2026-06-03T13:30:29.928211,TMO,False,473.95,0,0,1.54,-2.67,True,ACCELERATION_DECAY
2026-06-03T13:30:30.285673,TSLA,False,423.7,0,0,8.82,0.86,False,ACCELERATION_DECAY
2026-06-03T13:30:30.645795,TT,False,465.84,0,0,-2.43,3.24,True,MOMENTUM_FAILURE
2026-06-03T13:30:30.986740,TTWO,False,215.8,0,0,-3.28,-2.03,True,LOST_20_SMA
2026-06-03T13:30:31.326812,UBER,False,71.69,0,0,-1.73,1.4,True,LOST_20_SMA
2026-06-03T13:30:31.670837,UNH,False,377.0,0,0,3.61,1.67,True,LOST_20_SMA
2026-06-03T13:30:32.010396,URI,False,1056.58,0,0,13.13,5.61,False,ACCELERATION_DECAY
2026-06-03T13:30:32.348322,V,False,312.4,0,0,-2.99,-0.07,True,LOST_20_SMA
2026-06-03T13:30:32.688060,VLO,False,261.45,0,0,3.16,0.52,False,ACCELERATION_DECAY
2026-06-03T13:30:33.023026,VRSN,False,297.08,0,0,7.73,-0.76,True,ACCELERATION_DECAY
2026-06-03T13:30:33.355880,VRTX,False,428.34,0,0,0.94,2.05,True,LOST_20_SMA
2026-06-03T13:30:33.784011,WMT,False,116.89,0,0,-10.63,2.62,True,LOST_20_SMA
2026-06-03T13:30:34.126459,XOM,False,152.53,0,0,-1.52,1.17,True,MOMENTUM_FAILURE
2026-06-03T13:30:34.476956,ZS,False,134.37,0,0,-4.94,-6.32,True,LOST_20_SMA
2026-06-03T13:35:34.993627,AAPL,False,310.26,0,0,9.18,-4.68,True,ACCELERATION_DECAY
2026-06-03T13:35:35.330398,ABBV,False,217.13,0,0,5.35,1.87,False,ACCELERATION_DECAY
2026-06-03T13:35:35.682446,ABNB,False,133.59,0,0,-4.39,-1.15,True,LOST_20_SMA
2026-06-03T13:35:36.018987,ADBE,False,256.24,0,0,0.24,-2.97,False,ACCELERATION_DECAY
2026-06-03T13:35:36.361747,ADSK,False,229.6,0,0,-7.95,-3.55,True,LOST_20_SMA
2026-06-03T13:35:36.704200,AMAT,False,500.77,0,0,21.9,-3.32,True,ACCELERATION_DECAY
2026-06-03T13:35:37.054054,AMD,False,542.52,0,0,52.71,0.01,False,ACCELERATION_DECAY
2026-06-03T13:35:37.384914,AMZN,False,250.02,0,0,-8.6,-2.89,True,LOST_20_SMA
2026-06-03T13:35:37.727985,ANET,False,174.37,0,0,2.44,0.87,False,ACCELERATION_DECAY
2026-06-03T13:35:38.064275,APO,False,124.35,0,0,-4.57,-4.23,True,LOST_20_SMA
2026-06-03T13:35:38.400461,APP,False,570.83,0,0,19.39,-8.11,True,ACCELERATION_DECAY
2026-06-03T13:35:38.735495,ARES,False,123.1,0,0,0.11,-6.8,True,LOST_20_SMA
2026-06-03T13:35:39.073943,ARM,False,411.83,0,0,97.2,-0.93,True,ACCELERATION_DECAY
2026-06-03T13:35:39.468394,ASML,False,1726.36,0,0,19.64,-3.38,True,ACCELERATION_DECAY
2026-06-03T13:35:39.811983,AXP,False,300.57,0,0,-4.87,-2.29,True,LOST_20_SMA
2026-06-03T13:35:40.149997,BA,False,210.58,0,0,-6.15,-4.52,True,LOST_20_SMA
2026-06-03T13:35:40.485561,BKNG,False,164.78,0,0,-1.7,-2.68,True,MOMENTUM_FAILURE
2026-06-03T13:35:40.829678,BLK,False,990.87,0,0,-5.53,-2.37,True,LOST_20_SMA
2026-06-03T13:35:41.176796,BSX,False,47.69,0,0,-14.81,1.32,True,LOST_20_SMA
2026-06-03T13:35:41.514324,BX,False,110.28,0,0,-10.14,-3.49,True,LOST_20_SMA
2026-06-03T13:35:41.865151,CAT,False,926.18,0,0,2.39,-1.62,True,ACCELERATION_DECAY
2026-06-03T13:35:42.206253,CAVA,False,71.33,0,0,-21.04,-2.26,True,LOST_20_SMA
2026-06-03T13:35:42.542905,CDNS,False,408.0,0,0,15.37,-3.76,True,ACCELERATION_DECAY
2026-06-03T13:35:42.887549,CELH,False,30.01,0,0,-10.47,-1.45,True,LOST_20_SMA
2026-06-03T13:35:43.239606,CME,False,252.64,0,0,-11.92,1.78,True,LOST_20_SMA
2026-06-03T13:35:43.576983,CMG,False,28.74,0,0,-11.05,-2.54,True,LOST_20_SMA
2026-06-03T13:35:43.909205,COIN,False,163.22,0,0,-17.46,-3.18,True,LOST_20_SMA
2026-06-03T13:35:44.253817,COP,False,119.05,0,0,-3.46,2.97,True,MOMENTUM_FAILURE
2026-06-03T13:35:44.588535,COST,False,961.83,0,0,-5.37,0.41,True,LOST_20_SMA
2026-06-03T13:35:44.925354,CRM,False,190.61,0,0,1.94,-6.35,True,ACCELERATION_DECAY
2026-06-03T13:35:45.260316,CRWD,False,747.61,0,0,56.89,-6.99,True,ACCELERATION_DECAY
2026-06-03T13:35:45.600887,CVX,False,189.71,0,0,-1.52,0.94,True,MOMENTUM_FAILURE
2026-06-03T13:35:45.948483,DDOG,False,250.33,0,0,71.78,-11.69,True,ACCELERATION_DECAY
2026-06-03T13:35:46.315455,DE,False,588.29,0,0,2.17,2.02,False,ACCELERATION_DECAY
2026-06-03T13:35:46.647931,DELL,False,421.08,0,0,94.66,-11.03,True,ACCELERATION_DECAY
2026-06-03T13:35:46.995140,DHR,False,178.08,0,0,1.98,0.79,False,ACCELERATION_DECAY
2026-06-03T13:35:47.337106,DUOL,False,107.4,0,0,3.24,3.49,True,LOST_20_SMA
2026-06-03T13:35:47.669870,EOG,False,141.5,0,0,0.48,2.62,False,ACCELERATION_DECAY
2026-06-03T13:35:48.011317,ETN,False,421.21,0,0,2.52,3.66,False,ACCELERATION_DECAY
2026-06-03T13:35:48.352554,FCX,False,70.64,0,0,22.47,-6.59,True,ACCELERATION_DECAY
2026-06-03T13:35:48.703002,FICO,False,1174.66,0,0,10.17,-7.91,True,ACCELERATION_DECAY
2026-06-03T13:35:49.046022,FTNT,False,146.48,0,0,62.9,-3.91,True,ACCELERATION_DECAY
2026-06-03T13:35:49.453612,GD,False,337.04,0,0,-3.47,-0.19,True,LOST_20_SMA
2026-06-03T13:35:49.840439,GE,False,314.64,0,0,9.75,-3.51,True,ACCELERATION_DECAY
2026-06-03T13:35:50.174354,GOOG,False,355.68,0,0,-7.44,-1.84,True,LOST_20_SMA
2026-06-03T13:35:50.512465,GOOGL,False,358.99,0,0,-7.58,-2.0,True,LOST_20_SMA
2026-06-03T13:35:50.866300,GS,False,1041.02,0,0,13.29,-4.57,True,ACCELERATION_DECAY
2026-06-03T13:35:51.215535,HD,False,312.97,0,0,-0.78,-0.49,True,MOMENTUM_FAILURE
2026-06-03T13:35:51.558414,HIMS,False,27.51,0,0,4.48,3.6,False,ACCELERATION_DECAY
2026-06-03T13:35:51.901622,HON,False,223.26,0,0,6.79,-5.44,True,ACCELERATION_DECAY
2026-06-03T13:35:52.240878,HOOD,False,82.85,0,0,7.56,-7.61,True,ACCELERATION_DECAY
2026-06-03T13:35:52.616147,ICE,False,138.45,0,0,-10.84,-1.85,True,LOST_20_SMA
2026-06-03T13:35:52.960371,INTC,False,112.71,0,0,4.22,-8.47,True,LOST_20_SMA
2026-06-03T13:35:53.299674,INTU,False,311.44,0,0,-21.81,-0.96,True,LOST_20_SMA
2026-06-03T13:35:53.669257,ISRG,False,407.29,0,0,-9.77,1.3,True,LOST_20_SMA
2026-06-03T13:35:54.012572,JPM,False,300.85,0,0,-2.76,-0.59,True,MOMENTUM_FAILURE
2026-06-03T13:35:54.344309,KKR,False,90.53,0,0,-11.25,-2.65,True,LOST_20_SMA
2026-06-03T13:35:54.699480,KLAC,False,2125.11,0,0,22.63,3.26,False,ACCELERATION_DECAY
2026-06-03T13:35:55.045634,LIN,False,507.57,0,0,1.46,0.98,False,ACCELERATION_DECAY
2026-06-03T13:35:55.391952,LLY,False,1078.78,0,0,9.09,-0.85,False,ACCELERATION_DECAY
2026-06-03T13:35:55.732017,LMT,False,512.03,0,0,0.61,1.52,True,LOST_20_SMA
2026-06-03T13:35:56.068905,LRCX,False,343.71,0,0,24.62,-4.71,True,ACCELERATION_DECAY
2026-06-03T13:35:56.403503,LULU,False,126.03,0,0,-3.21,-1.26,True,MOMENTUM_FAILURE
2026-06-03T13:35:56.783504,MA,False,471.55,0,0,-5.14,0.23,True,LOST_20_SMA
2026-06-03T13:35:57.122127,MCD,False,273.29,0,0,-4.17,-1.44,True,LOST_20_SMA
2026-06-03T13:35:57.462654,MCO,False,448.39,0,0,-1.36,-2.25,True,MOMENTUM_FAILURE
2026-06-03T13:35:57.815590,MDB,False,368.32,0,0,38.11,-12.43,True,ACCELERATION_DECAY
2026-06-03T13:35:58.154402,META,False,622.98,0,0,2.98,5.07,False,ACCELERATION_DECAY
2026-06-03T13:35:58.506716,MPC,False,267.21,0,0,2.57,-1.59,True,ACCELERATION_DECAY
2026-06-03T13:35:58.851475,MS,False,210.14,0,0,11.04,-3.31,True,ACCELERATION_DECAY
2026-06-03T13:35:59.193402,MSFT,False,427.34,0,0,3.88,-2.81,True,ACCELERATION_DECAY
2026-06-03T13:35:59.530314,MU,False,1079.57,0,0,68.63,-15.97,True,ACCELERATION_DECAY
2026-06-03T13:35:59.876309,NET,False,265.33,0,0,8.55,-13.08,True,ACCELERATION_DECAY
2026-06-03T13:36:00.223110,NFLX,False,81.52,0,0,-7.25,1.2,True,LOST_20_SMA
2026-06-03T13:36:00.585060,NOC,False,526.06,0,0,-5.83,-0.46,True,LOST_20_SMA
2026-06-03T13:36:00.917949,NOW,False,117.9,0,0,28.14,-10.66,True,ACCELERATION_DECAY
2026-06-03T13:36:01.264688,NUE,False,257.73,0,0,11.06,-3.4,True,ACCELERATION_DECAY
2026-06-03T13:36:01.613054,NVDA,False,214.75,0,0,9.29,-2.98,True,LOST_20_SMA
2026-06-03T13:36:01.951724,ODFL,False,236.06,0,0,20.39,1.19,False,ACCELERATION_DECAY
2026-06-03T13:36:02.298466,ORCL,False,230.33,0,0,24.27,-11.39,True,ACCELERATION_DECAY
2026-06-03T13:36:02.640544,PANW,False,280.43,0,0,52.42,-8.6,True,ACCELERATION_DECAY
2026-06-03T13:36:02.979161,PH,False,850.76,0,0,-2.51,1.11,True,LOST_20_SMA
2026-06-03T13:36:03.311008,PLTR,False,142.2,0,0,4.63,0.42,False,ACCELERATION_DECAY
2026-06-03T13:36:03.650940,PWR,False,715.67,0,0,-7.25,-0.48,True,LOST_20_SMA
2026-06-03T13:36:03.992814,PYPL,False,42.61,0,0,-8.35,3.28,True,LOST_20_SMA
2026-06-03T13:36:04.329458,QCOM,False,250.01,0,0,34.02,-9.02,True,ACCELERATION_DECAY
2026-06-03T13:36:04.680403,RBLX,False,43.68,0,0,-0.82,4.59,True,LOST_20_SMA
2026-06-03T13:36:05.046244,REGN,False,618.95,0,0,-11.86,3.12,True,LOST_20_SMA
2026-06-03T13:36:05.392727,RKLB,False,114.7,0,0,45.63,-7.92,True,LOST_20_SMA
2026-06-03T13:36:05.738485,RTX,False,172.55,0,0,-0.19,-0.97,True,LOST_20_SMA
2026-06-03T13:36:06.084030,SCHW,False,86.59,0,0,-6.29,-2.06,True,LOST_20_SMA
2026-06-03T13:36:06.464401,SHOP,False,112.94,0,0,4.93,13.2,False,ACCELERATION_DECAY
2026-06-03T13:36:06.814146,SLB,False,56.85,0,0,1.52,-0.15,True,ACCELERATION_DECAY
2026-06-03T13:36:07.156094,SNOW,False,241.28,0,0,70.26,-10.82,True,ACCELERATION_DECAY
2026-06-03T13:36:07.490637,SNPS,False,498.02,0,0,-0.89,-3.07,True,LOST_20_SMA
2026-06-03T13:36:07.830353,SOFI,False,16.68,0,0,4.12,-5.39,True,ACCELERATION_DECAY
2026-06-03T13:36:08.174080,SPGI,False,412.29,0,0,-2.73,-1.02,True,LOST_20_SMA
2026-06-03T13:36:08.527376,SYK,False,295.0,0,0,-0.08,-0.92,True,LOST_20_SMA
2026-06-03T13:36:08.871557,TMO,False,473.95,0,0,1.54,-2.67,True,ACCELERATION_DECAY
2026-06-03T13:36:09.214015,TSLA,False,423.7,0,0,8.82,0.86,False,ACCELERATION_DECAY
2026-06-03T13:36:09.557412,TT,False,465.84,0,0,-2.43,3.24,True,MOMENTUM_FAILURE
2026-06-03T13:36:09.908525,TTWO,False,215.8,0,0,-3.28,-2.03,True,LOST_20_SMA
2026-06-03T13:36:10.259288,UBER,False,71.69,0,0,-1.73,1.4,True,LOST_20_SMA
2026-06-03T13:36:10.630404,UNH,False,377.0,0,0,3.61,1.67,True,LOST_20_SMA
2026-06-03T13:36:10.976051,URI,False,1056.58,0,0,13.13,5.61,False,ACCELERATION_DECAY
2026-06-03T13:36:11.339221,V,False,312.4,0,0,-2.99,-0.07,True,LOST_20_SMA
2026-06-03T13:36:11.716845,VLO,False,261.45,0,0,3.16,0.52,False,ACCELERATION_DECAY
2026-06-03T13:36:12.105998,VRSN,False,297.08,0,0,7.73,-0.76,True,ACCELERATION_DECAY
2026-06-03T13:36:12.441954,VRTX,False,428.34,0,0,0.94,2.05,True,LOST_20_SMA
2026-06-03T13:36:12.867026,WMT,False,116.89,0,0,-10.63,2.62,True,LOST_20_SMA
2026-06-03T13:36:13.204943,XOM,False,152.53,0,0,-1.52,1.17,True,MOMENTUM_FAILURE
2026-06-03T13:36:13.536249,ZS,False,134.37,0,0,-4.94,-6.32,True,LOST_20_SMA
2026-06-03T13:41:14.032268,AAPL,False,310.26,0,0,9.18,-4.68,True,ACCELERATION_DECAY
2026-06-03T13:41:14.372526,ABBV,False,217.13,0,0,5.35,1.87,False,ACCELERATION_DECAY
2026-06-03T13:41:14.712295,ABNB,False,133.59,0,0,-4.39,-1.15,True,LOST_20_SMA
2026-06-03T13:41:15.046937,ADBE,False,256.24,0,0,0.24,-2.97,False,ACCELERATION_DECAY
2026-06-03T13:41:15.391867,ADSK,False,229.6,0,0,-7.95,-3.55,True,LOST_20_SMA
2026-06-03T13:41:15.739821,AMAT,False,500.77,0,0,21.9,-3.32,True,ACCELERATION_DECAY
2026-06-03T13:41:16.100156,AMD,False,542.52,0,0,52.71,0.01,False,ACCELERATION_DECAY
2026-06-03T13:41:16.465230,AMZN,False,250.02,0,0,-8.6,-2.89,True,LOST_20_SMA
2026-06-03T13:41:16.802332,ANET,False,174.37,0,0,2.44,0.87,False,ACCELERATION_DECAY
2026-06-03T13:41:17.147394,APO,False,124.35,0,0,-4.57,-4.23,True,LOST_20_SMA
2026-06-03T13:41:17.502252,APP,False,570.83,0,0,19.39,-8.11,True,ACCELERATION_DECAY
2026-06-03T13:41:17.853318,ARES,False,123.1,0,0,0.11,-6.8,True,LOST_20_SMA
2026-06-03T13:41:18.197475,ARM,False,411.83,0,0,97.2,-0.93,True,ACCELERATION_DECAY
2026-06-03T13:41:18.538053,ASML,False,1726.36,0,0,19.64,-3.38,True,ACCELERATION_DECAY
2026-06-03T13:41:18.887770,AXP,False,300.57,0,0,-4.87,-2.29,True,LOST_20_SMA
2026-06-03T13:41:19.290169,BA,False,210.58,0,0,-6.15,-4.52,True,LOST_20_SMA
2026-06-03T13:41:19.681951,BKNG,False,164.78,0,0,-1.7,-2.68,True,MOMENTUM_FAILURE
2026-06-03T13:41:20.061603,BLK,False,990.87,0,0,-5.53,-2.37,True,LOST_20_SMA
2026-06-03T13:41:20.408226,BSX,False,47.69,0,0,-14.81,1.32,True,LOST_20_SMA
2026-06-03T13:41:20.753522,BX,False,110.28,0,0,-10.14,-3.49,True,LOST_20_SMA
2026-06-03T13:41:21.119667,CAT,False,926.18,0,0,2.39,-1.62,True,ACCELERATION_DECAY
2026-06-03T13:41:21.488498,CAVA,False,71.33,0,0,-21.04,-2.26,True,LOST_20_SMA
2026-06-03T13:41:21.836265,CDNS,False,408.0,0,0,15.37,-3.76,True,ACCELERATION_DECAY
2026-06-03T13:41:22.176966,CELH,False,30.01,0,0,-10.47,-1.45,True,LOST_20_SMA
2026-06-03T13:41:22.522007,CME,False,252.64,0,0,-11.92,1.78,True,LOST_20_SMA
2026-06-03T13:41:22.866776,CMG,False,28.74,0,0,-11.05,-2.54,True,LOST_20_SMA
2026-06-03T13:41:23.221203,COIN,False,163.22,0,0,-17.46,-3.18,True,LOST_20_SMA
2026-06-03T13:41:23.568496,COP,False,119.05,0,0,-3.46,2.97,True,MOMENTUM_FAILURE
2026-06-03T13:41:23.915150,COST,False,961.83,0,0,-5.37,0.41,True,LOST_20_SMA
2026-06-03T13:41:24.281785,CRM,False,190.61,0,0,1.94,-6.35,True,ACCELERATION_DECAY
2026-06-03T13:41:24.631320,CRWD,False,747.61,0,0,56.89,-6.99,True,ACCELERATION_DECAY
2026-06-03T13:41:24.981599,CVX,False,189.71,0,0,-1.52,0.94,True,MOMENTUM_FAILURE
2026-06-03T13:41:25.327735,DDOG,False,250.33,0,0,71.78,-11.69,True,ACCELERATION_DECAY
2026-06-03T13:41:25.719804,DE,False,588.29,0,0,2.17,2.02,False,ACCELERATION_DECAY
2026-06-03T13:41:26.066458,DELL,False,421.08,0,0,94.66,-11.03,True,ACCELERATION_DECAY
2026-06-03T13:41:26.425464,DHR,False,178.08,0,0,1.98,0.79,False,ACCELERATION_DECAY
2026-06-03T13:41:26.784695,DUOL,False,107.4,0,0,3.24,3.49,True,LOST_20_SMA
2026-06-03T13:41:27.133223,EOG,False,141.5,0,0,0.48,2.62,False,ACCELERATION_DECAY
2026-06-03T13:41:27.480699,ETN,False,421.21,0,0,2.52,3.66,False,ACCELERATION_DECAY
2026-06-03T13:41:27.836662,FCX,False,70.64,0,0,22.47,-6.59,True,ACCELERATION_DECAY
2026-06-03T13:41:28.180054,FICO,False,1174.66,0,0,10.17,-7.91,True,ACCELERATION_DECAY
2026-06-03T13:41:28.544835,FTNT,False,146.48,0,0,62.9,-3.91,True,ACCELERATION_DECAY
2026-06-03T13:41:28.890194,GD,False,337.04,0,0,-3.47,-0.19,True,LOST_20_SMA
2026-06-03T13:41:29.254336,GE,False,314.64,0,0,9.75,-3.51,True,ACCELERATION_DECAY
2026-06-03T13:41:29.664724,GOOG,False,355.68,0,0,-7.44,-1.84,True,LOST_20_SMA
2026-06-03T13:41:30.003959,GOOGL,False,358.99,0,0,-7.58,-2.0,True,LOST_20_SMA
2026-06-03T13:41:30.347086,GS,False,1041.02,0,0,13.29,-4.57,True,ACCELERATION_DECAY
2026-06-03T13:41:30.695073,HD,False,312.97,0,0,-0.78,-0.49,True,MOMENTUM_FAILURE
2026-06-03T13:41:31.038900,HIMS,False,27.51,0,0,4.48,3.6,False,ACCELERATION_DECAY
2026-06-03T13:41:31.379030,HON,False,223.26,0,0,6.79,-5.44,True,ACCELERATION_DECAY
2026-06-03T13:41:31.721869,HOOD,False,82.85,0,0,7.56,-7.61,True,ACCELERATION_DECAY
2026-06-03T13:41:32.069654,ICE,False,138.45,0,0,-10.84,-1.85,True,LOST_20_SMA
2026-06-03T13:41:32.410367,INTC,False,112.71,0,0,4.22,-8.47,True,LOST_20_SMA
2026-06-03T13:41:32.755068,INTU,False,311.44,0,0,-21.81,-0.96,True,LOST_20_SMA
2026-06-03T13:41:33.108173,ISRG,False,407.29,0,0,-9.77,1.3,True,LOST_20_SMA
2026-06-03T13:41:33.449359,JPM,False,300.85,0,0,-2.76,-0.59,True,MOMENTUM_FAILURE
2026-06-03T13:41:33.797848,KKR,False,90.53,0,0,-11.25,-2.65,True,LOST_20_SMA
2026-06-03T13:41:34.136721,KLAC,False,2125.11,0,0,22.63,3.26,False,ACCELERATION_DECAY
2026-06-03T13:41:34.484066,LIN,False,507.57,0,0,1.46,0.98,False,ACCELERATION_DECAY
2026-06-03T13:41:34.833427,LLY,False,1078.78,0,0,9.09,-0.85,False,ACCELERATION_DECAY
2026-06-03T13:41:35.191223,LMT,False,512.03,0,0,0.61,1.52,True,LOST_20_SMA
2026-06-03T13:41:35.572973,LRCX,False,343.71,0,0,24.62,-4.71,True,ACCELERATION_DECAY
2026-06-03T13:41:35.916700,LULU,False,126.03,0,0,-3.21,-1.26,True,MOMENTUM_FAILURE
2026-06-03T13:41:36.259348,MA,False,471.55,0,0,-5.14,0.23,True,LOST_20_SMA
2026-06-03T13:41:36.607170,MCD,False,273.29,0,0,-4.17,-1.44,True,LOST_20_SMA
2026-06-03T13:41:36.955044,MCO,False,448.39,0,0,-1.36,-2.25,True,MOMENTUM_FAILURE
2026-06-03T13:41:37.287356,MDB,False,368.32,0,0,38.11,-12.43,True,ACCELERATION_DECAY
2026-06-03T13:41:37.630365,META,False,622.98,0,0,2.98,5.07,False,ACCELERATION_DECAY
2026-06-03T13:41:37.976790,MPC,False,267.21,0,0,2.57,-1.59,True,ACCELERATION_DECAY
2026-06-03T13:41:38.317725,MS,False,210.14,0,0,11.04,-3.31,True,ACCELERATION_DECAY
2026-06-03T13:41:38.649485,MSFT,False,427.34,0,0,3.88,-2.81,True,ACCELERATION_DECAY
2026-06-03T13:41:38.989560,MU,False,1079.57,0,0,68.63,-15.97,True,ACCELERATION_DECAY
2026-06-03T13:41:39.325529,NET,False,265.33,0,0,8.55,-13.08,True,ACCELERATION_DECAY
2026-06-03T13:41:39.730323,NFLX,False,81.52,0,0,-7.25,1.2,True,LOST_20_SMA
2026-06-03T13:41:40.071199,NOC,False,526.06,0,0,-5.83,-0.46,True,LOST_20_SMA
2026-06-03T13:41:40.410438,NOW,False,117.9,0,0,28.14,-10.66,True,ACCELERATION_DECAY
2026-06-03T13:41:40.762094,NUE,False,257.73,0,0,11.06,-3.4,True,ACCELERATION_DECAY
2026-06-03T13:41:41.100938,NVDA,False,214.75,0,0,9.29,-2.98,True,LOST_20_SMA
2026-06-03T13:41:41.441181,ODFL,False,236.06,0,0,20.39,1.19,False,ACCELERATION_DECAY
2026-06-03T13:41:41.781216,ORCL,False,230.33,0,0,24.27,-11.39,True,ACCELERATION_DECAY
2026-06-03T13:41:42.124403,PANW,False,280.43,0,0,52.42,-8.6,True,ACCELERATION_DECAY
2026-06-03T13:41:42.475877,PH,False,850.76,0,0,-2.51,1.11,True,LOST_20_SMA
2026-06-03T13:41:42.821751,PLTR,False,142.2,0,0,4.63,0.42,False,ACCELERATION_DECAY
2026-06-03T13:41:43.179949,PWR,False,715.67,0,0,-7.25,-0.48,True,LOST_20_SMA
2026-06-03T13:41:43.525156,PYPL,False,42.61,0,0,-8.35,3.28,True,LOST_20_SMA
2026-06-03T13:41:43.887625,QCOM,False,250.01,0,0,34.02,-9.02,True,ACCELERATION_DECAY
2026-06-03T13:41:44.225787,RBLX,False,43.68,0,0,-0.82,4.59,True,LOST_20_SMA
2026-06-03T13:41:44.569902,REGN,False,618.95,0,0,-11.86,3.12,True,LOST_20_SMA
2026-06-03T13:41:44.909980,RKLB,False,114.7,0,0,45.63,-7.92,True,LOST_20_SMA
2026-06-03T13:41:45.296855,RTX,False,172.55,0,0,-0.19,-0.97,True,LOST_20_SMA
2026-06-03T13:41:45.636456,SCHW,False,86.59,0,0,-6.29,-2.06,True,LOST_20_SMA
2026-06-03T13:41:45.980616,SHOP,False,112.94,0,0,4.93,13.2,False,ACCELERATION_DECAY
2026-06-03T13:41:46.334267,SLB,False,56.85,0,0,1.52,-0.15,True,ACCELERATION_DECAY
2026-06-03T13:41:46.665833,SNOW,False,241.28,0,0,70.26,-10.82,True,ACCELERATION_DECAY
2026-06-03T13:41:47.013387,SNPS,False,498.02,0,0,-0.89,-3.07,True,LOST_20_SMA
2026-06-03T13:41:47.346557,SOFI,False,16.68,0,0,4.12,-5.39,True,ACCELERATION_DECAY
2026-06-03T13:41:47.695152,SPGI,False,412.29,0,0,-2.73,-1.02,True,LOST_20_SMA
2026-06-03T13:41:48.052035,SYK,False,295.0,0,0,-0.08,-0.92,True,LOST_20_SMA
2026-06-03T13:41:48.384205,TMO,False,473.95,0,0,1.54,-2.67,True,ACCELERATION_DECAY
2026-06-03T13:41:48.743000,TSLA,False,423.7,0,0,8.82,0.86,False,ACCELERATION_DECAY
2026-06-03T13:41:49.092474,TT,False,465.84,0,0,-2.43,3.24,True,MOMENTUM_FAILURE
2026-06-03T13:41:49.440688,TTWO,False,215.8,0,0,-3.28,-2.03,True,LOST_20_SMA
2026-06-03T13:41:49.776846,UBER,False,71.69,0,0,-1.73,1.4,True,LOST_20_SMA
2026-06-03T13:41:50.134638,UNH,False,377.0,0,0,3.61,1.67,True,LOST_20_SMA
2026-06-03T13:41:50.490988,URI,False,1056.58,0,0,13.13,5.61,False,ACCELERATION_DECAY
2026-06-03T13:41:50.837406,V,False,312.4,0,0,-2.99,-0.07,True,LOST_20_SMA
2026-06-03T13:41:51.185045,VLO,False,261.45,0,0,3.16,0.52,False,ACCELERATION_DECAY
2026-06-03T13:41:51.534037,VRSN,False,297.08,0,0,7.73,-0.76,True,ACCELERATION_DECAY
2026-06-03T13:41:51.875458,VRTX,False,428.34,0,0,0.94,2.05,True,LOST_20_SMA
2026-06-03T13:41:52.312340,WMT,False,116.89,0,0,-10.63,2.62,True,LOST_20_SMA
2026-06-03T13:41:52.655745,XOM,False,152.53,0,0,-1.52,1.17,True,MOMENTUM_FAILURE
2026-06-03T13:41:53.020129,ZS,False,134.37,0,0,-4.94,-6.32,True,LOST_20_SMA
2026-06-03T13:46:53.487854,AAPL,False,310.26,0,0,9.18,-4.68,True,ACCELERATION_DECAY
2026-06-03T13:46:53.834584,ABBV,False,217.13,0,0,5.35,1.87,False,ACCELERATION_DECAY
2026-06-03T13:46:54.174230,ABNB,False,133.59,0,0,-4.39,-1.15,True,LOST_20_SMA
2026-06-03T13:46:54.505300,ADBE,False,256.24,0,0,0.24,-2.97,False,ACCELERATION_DECAY
2026-06-03T13:46:54.838648,ADSK,False,229.6,0,0,-7.95,-3.55,True,LOST_20_SMA
2026-06-03T13:46:55.179816,AMAT,False,500.77,0,0,21.9,-3.32,True,ACCELERATION_DECAY
2026-06-03T13:46:55.517686,AMD,False,542.52,0,0,52.71,0.01,False,ACCELERATION_DECAY
2026-06-03T13:46:55.852622,AMZN,False,250.02,0,0,-8.6,-2.89,True,LOST_20_SMA
2026-06-03T13:46:56.193508,ANET,False,174.37,0,0,2.44,0.87,False,ACCELERATION_DECAY
2026-06-03T13:46:56.537178,APO,False,124.35,0,0,-4.57,-4.23,True,LOST_20_SMA
2026-06-03T13:46:56.871200,APP,False,570.83,0,0,19.39,-8.11,True,ACCELERATION_DECAY
2026-06-03T13:46:57.213219,ARES,False,123.1,0,0,0.11,-6.8,True,LOST_20_SMA
2026-06-03T13:46:57.556100,ARM,False,411.83,0,0,97.2,-0.93,True,ACCELERATION_DECAY
2026-06-03T13:46:57.895831,ASML,False,1726.36,0,0,19.64,-3.38,True,ACCELERATION_DECAY
2026-06-03T13:46:58.236029,AXP,False,300.57,0,0,-4.87,-2.29,True,LOST_20_SMA
2026-06-03T13:46:58.583456,BA,False,210.58,0,0,-6.15,-4.52,True,LOST_20_SMA
2026-06-03T13:46:58.918179,BKNG,False,164.78,0,0,-1.7,-2.68,True,MOMENTUM_FAILURE
2026-06-03T13:46:59.257788,BLK,False,990.87,0,0,-5.53,-2.37,True,LOST_20_SMA
2026-06-03T13:46:59.690234,BSX,False,47.69,0,0,-14.81,1.32,True,LOST_20_SMA
2026-06-03T13:47:00.038181,BX,False,110.28,0,0,-10.14,-3.49,True,LOST_20_SMA
2026-06-03T13:47:00.375462,CAT,False,926.18,0,0,2.39,-1.62,True,ACCELERATION_DECAY
2026-06-03T13:47:00.707944,CAVA,False,71.33,0,0,-21.04,-2.26,True,LOST_20_SMA
2026-06-03T13:47:01.042531,CDNS,False,408.0,0,0,15.37,-3.76,True,ACCELERATION_DECAY
2026-06-03T13:47:01.381153,CELH,False,30.01,0,0,-10.47,-1.45,True,LOST_20_SMA
2026-06-03T13:47:01.728737,CME,False,252.64,0,0,-11.92,1.78,True,LOST_20_SMA
2026-06-03T13:47:02.067622,CMG,False,28.74,0,0,-11.05,-2.54,True,LOST_20_SMA
2026-06-03T13:47:02.400083,COIN,False,163.22,0,0,-17.46,-3.18,True,LOST_20_SMA
2026-06-03T13:47:02.741703,COP,False,119.05,0,0,-3.46,2.97,True,MOMENTUM_FAILURE
2026-06-03T13:47:03.092612,COST,False,961.83,0,0,-5.37,0.41,True,LOST_20_SMA
2026-06-03T13:47:03.430799,CRM,False,190.61,0,0,1.94,-6.35,True,ACCELERATION_DECAY
2026-06-03T13:47:03.769350,CRWD,False,747.61,0,0,56.89,-6.99,True,ACCELERATION_DECAY
2026-06-03T13:47:04.112117,CVX,False,189.71,0,0,-1.52,0.94,True,MOMENTUM_FAILURE
2026-06-03T13:47:04.450286,DDOG,False,250.33,0,0,71.78,-11.69,True,ACCELERATION_DECAY
2026-06-03T13:47:04.804126,DE,False,588.29,0,0,2.17,2.02,False,ACCELERATION_DECAY
2026-06-03T13:47:05.144606,DELL,False,421.08,0,0,94.66,-11.03,True,ACCELERATION_DECAY
2026-06-03T13:47:05.496283,DHR,False,178.08,0,0,1.98,0.79,False,ACCELERATION_DECAY
2026-06-03T13:47:05.831364,DUOL,False,107.4,0,0,3.24,3.49,True,LOST_20_SMA
2026-06-03T13:47:06.169709,EOG,False,141.5,0,0,0.48,2.62,False,ACCELERATION_DECAY
2026-06-03T13:47:06.507630,ETN,False,421.21,0,0,2.52,3.66,False,ACCELERATION_DECAY
2026-06-03T13:47:06.849611,FCX,False,70.64,0,0,22.47,-6.59,True,ACCELERATION_DECAY
2026-06-03T13:47:07.189352,FICO,False,1174.66,0,0,10.17,-7.91,True,ACCELERATION_DECAY
2026-06-03T13:47:07.518867,FTNT,False,146.48,0,0,62.9,-3.91,True,ACCELERATION_DECAY
2026-06-03T13:47:07.850105,GD,False,337.04,0,0,-3.47,-0.19,True,LOST_20_SMA
2026-06-03T13:47:08.186838,GE,False,314.64,0,0,9.75,-3.51,True,ACCELERATION_DECAY
2026-06-03T13:47:08.520510,GOOG,False,355.68,0,0,-7.44,-1.84,True,LOST_20_SMA
2026-06-03T13:47:08.906436,GOOGL,False,358.99,0,0,-7.58,-2.0,True,LOST_20_SMA
2026-06-03T13:47:09.243794,GS,False,1041.02,0,0,13.29,-4.57,True,ACCELERATION_DECAY
2026-06-03T13:47:09.698786,HD,False,312.97,0,0,-0.78,-0.49,True,MOMENTUM_FAILURE
2026-06-03T13:47:10.055781,HIMS,False,27.51,0,0,4.48,3.6,False,ACCELERATION_DECAY
2026-06-03T13:47:10.394512,HON,False,223.26,0,0,6.79,-5.44,True,ACCELERATION_DECAY
2026-06-03T13:47:10.734802,HOOD,False,82.85,0,0,7.56,-7.61,True,ACCELERATION_DECAY
2026-06-03T13:47:11.074874,ICE,False,138.45,0,0,-10.84,-1.85,True,LOST_20_SMA
2026-06-03T13:47:11.410852,INTC,False,112.71,0,0,4.22,-8.47,True,LOST_20_SMA
2026-06-03T13:47:11.742009,INTU,False,311.44,0,0,-21.81,-0.96,True,LOST_20_SMA
2026-06-03T13:47:12.111898,ISRG,False,407.29,0,0,-9.77,1.3,True,LOST_20_SMA
2026-06-03T13:47:12.451074,JPM,False,300.85,0,0,-2.76,-0.59,True,MOMENTUM_FAILURE
2026-06-03T13:47:12.794635,KKR,False,90.53,0,0,-11.25,-2.65,True,LOST_20_SMA
2026-06-03T13:47:13.138070,KLAC,False,2125.11,0,0,22.63,3.26,False,ACCELERATION_DECAY
2026-06-03T13:47:13.489980,LIN,False,507.57,0,0,1.46,0.98,False,ACCELERATION_DECAY
2026-06-03T13:47:13.835927,LLY,False,1078.78,0,0,9.09,-0.85,False,ACCELERATION_DECAY
2026-06-03T13:47:14.177580,LMT,False,512.03,0,0,0.61,1.52,True,LOST_20_SMA
2026-06-03T13:47:14.512472,LRCX,False,343.71,0,0,24.62,-4.71,True,ACCELERATION_DECAY
2026-06-03T13:47:14.852402,LULU,False,126.03,0,0,-3.21,-1.26,True,MOMENTUM_FAILURE
2026-06-03T13:47:15.190566,MA,False,471.55,0,0,-5.14,0.23,True,LOST_20_SMA
2026-06-03T13:47:15.540502,MCD,False,273.29,0,0,-4.17,-1.44,True,LOST_20_SMA
2026-06-03T13:47:15.882555,MCO,False,448.39,0,0,-1.36,-2.25,True,MOMENTUM_FAILURE
2026-06-03T13:47:16.221477,MDB,False,368.32,0,0,38.11,-12.43,True,ACCELERATION_DECAY
2026-06-03T13:47:16.566666,META,False,622.98,0,0,2.98,5.07,False,ACCELERATION_DECAY
2026-06-03T13:47:16.901549,MPC,False,267.21,0,0,2.57,-1.59,True,ACCELERATION_DECAY
2026-06-03T13:47:17.241740,MS,False,210.14,0,0,11.04,-3.31,True,ACCELERATION_DECAY
2026-06-03T13:47:17.591025,MSFT,False,427.34,0,0,3.88,-2.81,True,ACCELERATION_DECAY
2026-06-03T13:47:18.011143,MU,False,1079.57,0,0,68.63,-15.97,True,ACCELERATION_DECAY
2026-06-03T13:47:18.350079,NET,False,265.33,0,0,8.55,-13.08,True,ACCELERATION_DECAY
2026-06-03T13:47:18.685372,NFLX,False,81.52,0,0,-7.25,1.2,True,LOST_20_SMA
2026-06-03T13:47:19.035011,NOC,False,526.06,0,0,-5.83,-0.46,True,LOST_20_SMA
2026-06-03T13:47:19.375526,NOW,False,117.9,0,0,28.14,-10.66,True,ACCELERATION_DECAY
2026-06-03T13:47:19.791010,NUE,False,257.73,0,0,11.06,-3.4,True,ACCELERATION_DECAY
2026-06-03T13:47:20.128132,NVDA,False,214.75,0,0,9.29,-2.98,True,LOST_20_SMA
2026-06-03T13:47:20.489297,ODFL,False,236.06,0,0,20.39,1.19,False,ACCELERATION_DECAY
2026-06-03T13:47:20.830879,ORCL,False,230.33,0,0,24.27,-11.39,True,ACCELERATION_DECAY
2026-06-03T13:47:21.160865,PANW,False,280.43,0,0,52.42,-8.6,True,ACCELERATION_DECAY
2026-06-03T13:47:21.501614,PH,False,850.76,0,0,-2.51,1.11,True,LOST_20_SMA
2026-06-03T13:47:21.851092,PLTR,False,142.2,0,0,4.63,0.42,False,ACCELERATION_DECAY
2026-06-03T13:47:22.295554,PWR,False,715.67,0,0,-7.25,-0.48,True,LOST_20_SMA
2026-06-03T13:47:22.639254,PYPL,False,42.61,0,0,-8.35,3.28,True,LOST_20_SMA
2026-06-03T13:47:22.987730,QCOM,False,250.01,0,0,34.02,-9.02,True,ACCELERATION_DECAY
2026-06-03T13:47:23.319990,RBLX,False,43.68,0,0,-0.82,4.59,True,LOST_20_SMA
2026-06-03T13:47:23.663535,REGN,False,618.95,0,0,-11.86,3.12,True,LOST_20_SMA
2026-06-03T13:47:24.005706,RKLB,False,114.7,0,0,45.63,-7.92,True,LOST_20_SMA
2026-06-03T13:47:24.356244,RTX,False,172.55,0,0,-0.19,-0.97,True,LOST_20_SMA
2026-06-03T13:47:24.705064,SCHW,False,86.59,0,0,-6.29,-2.06,True,LOST_20_SMA
2026-06-03T13:47:25.075908,SHOP,False,112.94,0,0,4.93,13.2,False,ACCELERATION_DECAY
2026-06-03T13:47:25.417604,SLB,False,56.85,0,0,1.52,-0.15,True,ACCELERATION_DECAY
2026-06-03T13:47:25.756602,SNOW,False,241.28,0,0,70.26,-10.82,True,ACCELERATION_DECAY
2026-06-03T13:47:26.107219,SNPS,False,498.02,0,0,-0.89,-3.07,True,LOST_20_SMA
2026-06-03T13:47:26.449597,SOFI,False,16.68,0,0,4.12,-5.39,True,ACCELERATION_DECAY
2026-06-03T13:47:26.796584,SPGI,False,412.29,0,0,-2.73,-1.02,True,LOST_20_SMA
2026-06-03T13:47:27.148175,SYK,False,295.0,0,0,-0.08,-0.92,True,LOST_20_SMA
2026-06-03T13:47:27.486168,TMO,False,473.95,0,0,1.54,-2.67,True,ACCELERATION_DECAY
2026-06-03T13:47:27.819677,TSLA,False,423.7,0,0,8.82,0.86,False,ACCELERATION_DECAY
2026-06-03T13:47:28.153089,TT,False,465.84,0,0,-2.43,3.24,True,MOMENTUM_FAILURE
2026-06-03T13:47:28.489300,TTWO,False,215.8,0,0,-3.28,-2.03,True,LOST_20_SMA
2026-06-03T13:47:28.835714,UBER,False,71.69,0,0,-1.73,1.4,True,LOST_20_SMA
2026-06-03T13:47:29.172913,UNH,False,377.0,0,0,3.61,1.67,True,LOST_20_SMA
2026-06-03T13:47:29.517620,URI,False,1056.58,0,0,13.13,5.61,False,ACCELERATION_DECAY
2026-06-03T13:47:29.914626,V,False,312.4,0,0,-2.99,-0.07,True,LOST_20_SMA
2026-06-03T13:47:30.258661,VLO,False,261.45,0,0,3.16,0.52,False,ACCELERATION_DECAY
2026-06-03T13:47:30.599267,VRSN,False,297.08,0,0,7.73,-0.76,True,ACCELERATION_DECAY
2026-06-03T13:47:30.938280,VRTX,False,428.34,0,0,0.94,2.05,True,LOST_20_SMA
2026-06-03T13:47:31.359399,WMT,False,116.89,0,0,-10.63,2.62,True,LOST_20_SMA
2026-06-03T13:47:31.711918,XOM,False,152.53,0,0,-1.52,1.17,True,MOMENTUM_FAILURE
2026-06-03T13:47:32.073682,ZS,False,134.37,0,0,-4.94,-6.32,True,LOST_20_SMA
2026-06-03T13:52:32.541294,AAPL,False,310.26,0,0,9.18,-4.68,True,ACCELERATION_DECAY
2026-06-03T13:52:32.894976,ABBV,False,217.13,0,0,5.35,1.87,False,ACCELERATION_DECAY
2026-06-03T13:52:33.231915,ABNB,False,133.59,0,0,-4.39,-1.15,True,LOST_20_SMA
2026-06-03T13:52:33.568848,ADBE,False,256.24,0,0,0.24,-2.97,False,ACCELERATION_DECAY
2026-06-03T13:52:33.907780,ADSK,False,229.6,0,0,-7.95,-3.55,True,LOST_20_SMA
2026-06-03T13:52:34.260361,AMAT,False,500.77,0,0,21.9,-3.32,True,ACCELERATION_DECAY
2026-06-03T13:52:34.599708,AMD,False,542.52,0,0,52.71,0.01,False,ACCELERATION_DECAY
2026-06-03T13:52:34.941918,AMZN,False,250.02,0,0,-8.6,-2.89,True,LOST_20_SMA
2026-06-03T13:52:35.279612,ANET,False,174.37,0,0,2.44,0.87,False,ACCELERATION_DECAY
2026-06-03T13:52:35.617768,APO,False,124.35,0,0,-4.57,-4.23,True,LOST_20_SMA
2026-06-03T13:52:35.957227,APP,False,570.83,0,0,19.39,-8.11,True,ACCELERATION_DECAY
2026-06-03T13:52:36.292990,ARES,False,123.1,0,0,0.11,-6.8,True,LOST_20_SMA
2026-06-03T13:52:36.633447,ARM,False,411.83,0,0,97.2,-0.93,True,ACCELERATION_DECAY
2026-06-03T13:52:36.978840,ASML,False,1726.36,0,0,19.64,-3.38,True,ACCELERATION_DECAY
2026-06-03T13:52:37.327503,AXP,False,300.57,0,0,-4.87,-2.29,True,LOST_20_SMA
2026-06-03T13:52:37.685792,BA,False,210.58,0,0,-6.15,-4.52,True,LOST_20_SMA
2026-06-03T13:52:38.032653,BKNG,False,164.78,0,0,-1.7,-2.68,True,MOMENTUM_FAILURE
2026-06-03T13:52:38.387490,BLK,False,990.87,0,0,-5.53,-2.37,True,LOST_20_SMA
2026-06-03T13:52:38.724580,BSX,False,47.69,0,0,-14.81,1.32,True,LOST_20_SMA
2026-06-03T13:52:39.068170,BX,False,110.28,0,0,-10.14,-3.49,True,LOST_20_SMA
2026-06-03T13:52:39.429301,CAT,False,926.18,0,0,2.39,-1.62,True,ACCELERATION_DECAY
2026-06-03T13:52:39.830111,CAVA,False,71.33,0,0,-21.04,-2.26,True,LOST_20_SMA
2026-06-03T13:52:40.173217,CDNS,False,408.0,0,0,15.37,-3.76,True,ACCELERATION_DECAY
2026-06-03T13:52:40.530873,CELH,False,30.01,0,0,-10.47,-1.45,True,LOST_20_SMA
2026-06-03T13:52:40.873779,CME,False,252.64,0,0,-11.92,1.78,True,LOST_20_SMA
2026-06-03T13:52:41.218522,CMG,False,28.74,0,0,-11.05,-2.54,True,LOST_20_SMA
2026-06-03T13:52:41.552594,COIN,False,163.22,0,0,-17.46,-3.18,True,LOST_20_SMA
2026-06-03T13:52:41.889455,COP,False,119.05,0,0,-3.46,2.97,True,MOMENTUM_FAILURE
2026-06-03T13:52:42.239197,COST,False,961.83,0,0,-5.37,0.41,True,LOST_20_SMA
2026-06-03T13:52:42.572905,CRM,False,190.61,0,0,1.94,-6.35,True,ACCELERATION_DECAY
2026-06-03T13:52:43.083829,CRWD,False,747.61,0,0,56.89,-6.99,True,ACCELERATION_DECAY
2026-06-03T13:52:43.433561,CVX,False,189.71,0,0,-1.52,0.94,True,MOMENTUM_FAILURE
2026-06-03T13:52:43.774825,DDOG,False,250.33,0,0,71.78,-11.69,True,ACCELERATION_DECAY
2026-06-03T13:52:44.120824,DE,False,588.29,0,0,2.17,2.02,False,ACCELERATION_DECAY
2026-06-03T13:52:44.467924,DELL,False,421.08,0,0,94.66,-11.03,True,ACCELERATION_DECAY
2026-06-03T13:52:44.821171,DHR,False,178.08,0,0,1.98,0.79,False,ACCELERATION_DECAY
2026-06-03T13:52:45.154753,DUOL,False,107.4,0,0,3.24,3.49,True,LOST_20_SMA
2026-06-03T13:52:45.495816,EOG,False,141.5,0,0,0.48,2.62,False,ACCELERATION_DECAY
2026-06-03T13:52:45.839509,ETN,False,421.21,0,0,2.52,3.66,False,ACCELERATION_DECAY
2026-06-03T13:52:46.191781,FCX,False,70.64,0,0,22.47,-6.59,True,ACCELERATION_DECAY
2026-06-03T13:52:46.531646,FICO,False,1174.66,0,0,10.17,-7.91,True,ACCELERATION_DECAY
2026-06-03T13:52:46.880458,FTNT,False,146.48,0,0,62.9,-3.91,True,ACCELERATION_DECAY
2026-06-03T13:52:47.227381,GD,False,337.04,0,0,-3.47,-0.19,True,LOST_20_SMA
2026-06-03T13:52:47.575913,GE,False,314.64,0,0,9.75,-3.51,True,ACCELERATION_DECAY
2026-06-03T13:52:47.912475,GOOG,False,355.68,0,0,-7.44,-1.84,True,LOST_20_SMA
2026-06-03T13:52:48.253032,GOOGL,False,358.99,0,0,-7.58,-2.0,True,LOST_20_SMA
2026-06-03T13:52:48.605360,GS,False,1041.02,0,0,13.29,-4.57,True,ACCELERATION_DECAY
2026-06-03T13:52:48.959687,HD,False,312.97,0,0,-0.78,-0.49,True,MOMENTUM_FAILURE
2026-06-03T13:52:49.305783,HIMS,False,27.51,0,0,4.48,3.6,False,ACCELERATION_DECAY
2026-06-03T13:52:49.729661,HON,False,223.26,0,0,6.79,-5.44,True,ACCELERATION_DECAY
2026-06-03T13:52:50.068787,HOOD,False,82.85,0,0,7.56,-7.61,True,ACCELERATION_DECAY
2026-06-03T13:52:50.406024,ICE,False,138.45,0,0,-10.84,-1.85,True,LOST_20_SMA
2026-06-03T13:52:50.746834,INTC,False,112.71,0,0,4.22,-8.47,True,LOST_20_SMA
2026-06-03T13:52:51.091716,INTU,False,311.44,0,0,-21.81,-0.96,True,LOST_20_SMA
2026-06-03T13:52:51.436948,ISRG,False,407.29,0,0,-9.77,1.3,True,LOST_20_SMA
2026-06-03T13:52:51.781820,JPM,False,300.85,0,0,-2.76,-0.59,True,MOMENTUM_FAILURE
2026-06-03T13:52:52.124387,KKR,False,90.53,0,0,-11.25,-2.65,True,LOST_20_SMA
2026-06-03T13:52:52.461954,KLAC,False,2125.11,0,0,22.63,3.26,False,ACCELERATION_DECAY
2026-06-03T13:52:52.809771,LIN,False,507.57,0,0,1.46,0.98,False,ACCELERATION_DECAY
2026-06-03T13:52:53.157312,LLY,False,1078.78,0,0,9.09,-0.85,False,ACCELERATION_DECAY
2026-06-03T13:52:53.501848,LMT,False,512.03,0,0,0.61,1.52,True,LOST_20_SMA
2026-06-03T13:52:53.841273,LRCX,False,343.71,0,0,24.62,-4.71,True,ACCELERATION_DECAY
2026-06-03T13:52:54.178043,LULU,False,126.03,0,0,-3.21,-1.26,True,MOMENTUM_FAILURE
2026-06-03T13:52:54.518453,MA,False,471.55,0,0,-5.14,0.23,True,LOST_20_SMA
2026-06-03T13:52:54.860713,MCD,False,273.29,0,0,-4.17,-1.44,True,LOST_20_SMA
2026-06-03T13:52:55.199758,MCO,False,448.39,0,0,-1.36,-2.25,True,MOMENTUM_FAILURE
2026-06-03T13:52:55.539312,MDB,False,368.32,0,0,38.11,-12.43,True,ACCELERATION_DECAY
2026-06-03T13:52:55.879721,META,False,622.98,0,0,2.98,5.07,False,ACCELERATION_DECAY
2026-06-03T13:52:56.228775,MPC,False,267.21,0,0,2.57,-1.59,True,ACCELERATION_DECAY
2026-06-03T13:52:56.561577,MS,False,210.14,0,0,11.04,-3.31,True,ACCELERATION_DECAY
2026-06-03T13:52:56.909111,MSFT,False,427.34,0,0,3.88,-2.81,True,ACCELERATION_DECAY
2026-06-03T13:52:57.247337,MU,False,1079.57,0,0,68.63,-15.97,True,ACCELERATION_DECAY
2026-06-03T13:52:57.589801,NET,False,265.33,0,0,8.55,-13.08,True,ACCELERATION_DECAY
2026-06-03T13:52:57.930429,NFLX,False,81.52,0,0,-7.25,1.2,True,LOST_20_SMA
2026-06-03T13:52:58.279758,NOC,False,526.06,0,0,-5.83,-0.46,True,LOST_20_SMA
2026-06-03T13:52:58.619425,NOW,False,117.9,0,0,28.14,-10.66,True,ACCELERATION_DECAY
2026-06-03T13:52:58.962097,NUE,False,257.73,0,0,11.06,-3.4,True,ACCELERATION_DECAY
2026-06-03T13:52:59.301501,NVDA,False,214.75,0,0,9.29,-2.98,True,LOST_20_SMA
2026-06-03T13:52:59.731079,ODFL,False,236.06,0,0,20.39,1.19,False,ACCELERATION_DECAY
2026-06-03T13:53:00.072215,ORCL,False,230.33,0,0,24.27,-11.39,True,ACCELERATION_DECAY
2026-06-03T13:53:00.409447,PANW,False,280.43,0,0,52.42,-8.6,True,ACCELERATION_DECAY
2026-06-03T13:53:00.755717,PH,False,850.76,0,0,-2.51,1.11,True,LOST_20_SMA
2026-06-03T13:53:01.116070,PLTR,False,142.2,0,0,4.63,0.42,False,ACCELERATION_DECAY
2026-06-03T13:53:01.459755,PWR,False,715.67,0,0,-7.25,-0.48,True,LOST_20_SMA
2026-06-03T13:53:01.798442,PYPL,False,42.61,0,0,-8.35,3.28,True,LOST_20_SMA
2026-06-03T13:53:02.156905,QCOM,False,250.01,0,0,34.02,-9.02,True,ACCELERATION_DECAY
2026-06-03T13:53:02.494057,RBLX,False,43.68,0,0,-0.82,4.59,True,LOST_20_SMA
2026-06-03T13:53:02.838382,REGN,False,618.95,0,0,-11.86,3.12,True,LOST_20_SMA
2026-06-03T13:53:03.190204,RKLB,False,114.7,0,0,45.63,-7.92,True,LOST_20_SMA
2026-06-03T13:53:03.533029,RTX,False,172.55,0,0,-0.19,-0.97,True,LOST_20_SMA
2026-06-03T13:53:03.900414,SCHW,False,86.59,0,0,-6.29,-2.06,True,LOST_20_SMA
2026-06-03T13:53:04.295287,SHOP,False,112.94,0,0,4.93,13.2,False,ACCELERATION_DECAY
2026-06-03T13:53:04.646114,SLB,False,56.85,0,0,1.52,-0.15,True,ACCELERATION_DECAY
2026-06-03T13:53:04.993312,SNOW,False,241.28,0,0,70.26,-10.82,True,ACCELERATION_DECAY
2026-06-03T13:53:05.332886,SNPS,False,498.02,0,0,-0.89,-3.07,True,LOST_20_SMA
2026-06-03T13:53:05.681227,SOFI,False,16.68,0,0,4.12,-5.39,True,ACCELERATION_DECAY
2026-06-03T13:53:06.029761,SPGI,False,412.29,0,0,-2.73,-1.02,True,LOST_20_SMA
2026-06-03T13:53:06.378088,SYK,False,295.0,0,0,-0.08,-0.92,True,LOST_20_SMA
2026-06-03T13:53:06.720908,TMO,False,473.95,0,0,1.54,-2.67,True,ACCELERATION_DECAY
2026-06-03T13:53:07.068118,TSLA,False,423.7,0,0,8.82,0.86,False,ACCELERATION_DECAY
2026-06-03T13:53:07.408015,TT,False,465.84,0,0,-2.43,3.24,True,MOMENTUM_FAILURE
2026-06-03T13:53:07.850462,TTWO,False,215.8,0,0,-3.28,-2.03,True,LOST_20_SMA
2026-06-03T13:53:08.193371,UBER,False,71.69,0,0,-1.73,1.4,True,LOST_20_SMA
2026-06-03T13:53:08.540212,UNH,False,377.0,0,0,3.61,1.67,True,LOST_20_SMA
2026-06-03T13:53:08.880684,URI,False,1056.58,0,0,13.13,5.61,False,ACCELERATION_DECAY
2026-06-03T13:53:09.221990,V,False,312.4,0,0,-2.99,-0.07,True,LOST_20_SMA
2026-06-03T13:53:09.571396,VLO,False,261.45,0,0,3.16,0.52,False,ACCELERATION_DECAY
2026-06-03T13:53:09.973330,VRSN,False,297.08,0,0,7.73,-0.76,True,ACCELERATION_DECAY
2026-06-03T13:53:10.318459,VRTX,False,428.34,0,0,0.94,2.05,True,LOST_20_SMA
2026-06-03T13:53:10.748430,WMT,False,116.89,0,0,-10.63,2.62,True,LOST_20_SMA
2026-06-03T13:53:11.100272,XOM,False,152.53,0,0,-1.52,1.17,True,MOMENTUM_FAILURE
2026-06-03T13:53:11.439888,ZS,False,134.37,0,0,-4.94,-6.32,True,LOST_20_SMA
2026-06-03T13:58:11.909620,AAPL,False,310.26,0,0,9.18,-4.68,True,ACCELERATION_DECAY
2026-06-03T13:58:12.239902,ABBV,False,217.13,0,0,5.35,1.87,False,ACCELERATION_DECAY
2026-06-03T13:58:12.580941,ABNB,False,133.59,0,0,-4.39,-1.15,True,LOST_20_SMA
2026-06-03T13:58:12.918721,ADBE,False,256.24,0,0,0.24,-2.97,False,ACCELERATION_DECAY
2026-06-03T13:58:13.268574,ADSK,False,229.6,0,0,-7.95,-3.55,True,LOST_20_SMA
2026-06-03T13:58:13.749820,AMAT,False,500.77,0,0,21.9,-3.32,True,ACCELERATION_DECAY
2026-06-03T13:58:14.097596,AMD,False,542.52,0,0,52.71,0.01,False,ACCELERATION_DECAY
2026-06-03T13:58:14.450496,AMZN,False,250.02,0,0,-8.6,-2.89,True,LOST_20_SMA
2026-06-03T13:58:14.790993,ANET,False,174.37,0,0,2.44,0.87,False,ACCELERATION_DECAY
2026-06-03T13:58:15.138476,APO,False,124.35,0,0,-4.57,-4.23,True,LOST_20_SMA
2026-06-03T13:58:15.477908,APP,False,570.83,0,0,19.39,-8.11,True,ACCELERATION_DECAY
2026-06-03T13:58:15.823328,ARES,False,123.1,0,0,0.11,-6.8,True,LOST_20_SMA
2026-06-03T13:58:16.167056,ARM,False,411.83,0,0,97.2,-0.93,True,ACCELERATION_DECAY
2026-06-03T13:58:16.505551,ASML,False,1726.36,0,0,19.64,-3.38,True,ACCELERATION_DECAY
2026-06-03T13:58:16.884046,AXP,False,300.57,0,0,-4.87,-2.29,True,LOST_20_SMA
2026-06-03T13:58:17.223291,BA,False,210.58,0,0,-6.15,-4.52,True,LOST_20_SMA
2026-06-03T13:58:17.593895,BKNG,False,164.78,0,0,-1.7,-2.68,True,MOMENTUM_FAILURE
2026-06-03T13:58:17.936701,BLK,False,990.87,0,0,-5.53,-2.37,True,LOST_20_SMA
2026-06-03T13:58:18.276757,BSX,False,47.69,0,0,-14.81,1.32,True,LOST_20_SMA
2026-06-03T13:58:18.608719,BX,False,110.28,0,0,-10.14,-3.49,True,LOST_20_SMA
2026-06-03T13:58:18.983461,CAT,False,926.18,0,0,2.39,-1.62,True,ACCELERATION_DECAY
2026-06-03T13:58:19.396887,CAVA,False,71.33,0,0,-21.04,-2.26,True,LOST_20_SMA
2026-06-03T13:58:19.796930,CDNS,False,408.0,0,0,15.37,-3.76,True,ACCELERATION_DECAY
2026-06-03T13:58:20.162551,CELH,False,30.01,0,0,-10.47,-1.45,True,LOST_20_SMA
2026-06-03T13:58:20.497026,CME,False,252.64,0,0,-11.92,1.78,True,LOST_20_SMA
2026-06-03T13:58:20.848511,CMG,False,28.74,0,0,-11.05,-2.54,True,LOST_20_SMA
2026-06-03T13:58:21.188191,COIN,False,163.22,0,0,-17.46,-3.18,True,LOST_20_SMA
2026-06-03T13:58:21.541936,COP,False,119.05,0,0,-3.46,2.97,True,MOMENTUM_FAILURE
2026-06-03T13:58:21.881486,COST,False,961.83,0,0,-5.37,0.41,True,LOST_20_SMA
2026-06-03T13:58:22.225528,CRM,False,190.61,0,0,1.94,-6.35,True,ACCELERATION_DECAY
2026-06-03T13:58:22.566665,CRWD,False,747.61,0,0,56.89,-6.99,True,ACCELERATION_DECAY
2026-06-03T13:58:22.902508,CVX,False,189.71,0,0,-1.52,0.94,True,MOMENTUM_FAILURE
2026-06-03T13:58:23.240154,DDOG,False,250.33,0,0,71.78,-11.69,True,ACCELERATION_DECAY
2026-06-03T13:58:23.576612,DE,False,588.29,0,0,2.17,2.02,False,ACCELERATION_DECAY
2026-06-03T13:58:23.920546,DELL,False,421.08,0,0,94.66,-11.03,True,ACCELERATION_DECAY
2026-06-03T13:58:24.258259,DHR,False,178.08,0,0,1.98,0.79,False,ACCELERATION_DECAY
2026-06-03T13:58:24.592259,DUOL,False,107.4,0,0,3.24,3.49,True,LOST_20_SMA
2026-06-03T13:58:24.938341,EOG,False,141.5,0,0,0.48,2.62,False,ACCELERATION_DECAY
2026-06-03T13:58:25.275911,ETN,False,421.21,0,0,2.52,3.66,False,ACCELERATION_DECAY
2026-06-03T13:58:25.621033,FCX,False,70.64,0,0,22.47,-6.59,True,ACCELERATION_DECAY
2026-06-03T13:58:25.965379,FICO,False,1174.66,0,0,10.17,-7.91,True,ACCELERATION_DECAY
2026-06-03T13:58:26.299804,FTNT,False,146.48,0,0,62.9,-3.91,True,ACCELERATION_DECAY
2026-06-03T13:58:26.654732,GD,False,337.04,0,0,-3.47,-0.19,True,LOST_20_SMA
2026-06-03T13:58:27.002989,GE,False,314.64,0,0,9.75,-3.51,True,ACCELERATION_DECAY
2026-06-03T13:58:27.349791,GOOG,False,355.68,0,0,-7.44,-1.84,True,LOST_20_SMA
2026-06-03T13:58:27.682845,GOOGL,False,358.99,0,0,-7.58,-2.0,True,LOST_20_SMA
2026-06-03T13:58:28.131245,GS,False,1041.02,0,0,13.29,-4.57,True,ACCELERATION_DECAY
2026-06-03T13:58:28.477221,HD,False,312.97,0,0,-0.78,-0.49,True,MOMENTUM_FAILURE
2026-06-03T13:58:28.824386,HIMS,False,27.51,0,0,4.48,3.6,False,ACCELERATION_DECAY
2026-06-03T13:58:29.168550,HON,False,223.26,0,0,6.79,-5.44,True,ACCELERATION_DECAY
2026-06-03T13:58:29.513872,HOOD,False,82.85,0,0,7.56,-7.61,True,ACCELERATION_DECAY
2026-06-03T13:58:29.921081,ICE,False,138.45,0,0,-10.84,-1.85,True,LOST_20_SMA
2026-06-03T13:58:30.266108,INTC,False,112.71,0,0,4.22,-8.47,True,LOST_20_SMA
2026-06-03T13:58:30.648520,INTU,False,311.44,0,0,-21.81,-0.96,True,LOST_20_SMA
2026-06-03T13:58:30.990824,ISRG,False,407.29,0,0,-9.77,1.3,True,LOST_20_SMA
2026-06-03T13:58:31.330580,JPM,False,300.85,0,0,-2.76,-0.59,True,MOMENTUM_FAILURE
2026-06-03T13:58:31.674520,KKR,False,90.53,0,0,-11.25,-2.65,True,LOST_20_SMA
2026-06-03T13:58:32.012938,KLAC,False,2125.11,0,0,22.63,3.26,False,ACCELERATION_DECAY
2026-06-03T13:58:32.356804,LIN,False,507.57,0,0,1.46,0.98,False,ACCELERATION_DECAY
2026-06-03T13:58:32.713271,LLY,False,1078.78,0,0,9.09,-0.85,False,ACCELERATION_DECAY
2026-06-03T13:58:33.056819,LMT,False,512.03,0,0,0.61,1.52,True,LOST_20_SMA
2026-06-03T13:58:33.391330,LRCX,False,343.71,0,0,24.62,-4.71,True,ACCELERATION_DECAY
2026-06-03T13:58:33.735987,LULU,False,126.03,0,0,-3.21,-1.26,True,MOMENTUM_FAILURE
2026-06-03T13:58:34.075470,MA,False,471.55,0,0,-5.14,0.23,True,LOST_20_SMA
2026-06-03T13:58:34.426162,MCD,False,273.29,0,0,-4.17,-1.44,True,LOST_20_SMA
2026-06-03T13:58:34.776962,MCO,False,448.39,0,0,-1.36,-2.25,True,MOMENTUM_FAILURE
2026-06-03T13:58:35.115711,MDB,False,368.32,0,0,38.11,-12.43,True,ACCELERATION_DECAY
2026-06-03T13:58:35.495209,META,False,622.98,0,0,2.98,5.07,False,ACCELERATION_DECAY
2026-06-03T13:58:35.843039,MPC,False,267.21,0,0,2.57,-1.59,True,ACCELERATION_DECAY
2026-06-03T13:58:36.181737,MS,False,210.14,0,0,11.04,-3.31,True,ACCELERATION_DECAY
2026-06-03T13:58:36.519107,MSFT,False,427.34,0,0,3.88,-2.81,True,ACCELERATION_DECAY
2026-06-03T13:58:36.868379,MU,False,1079.57,0,0,68.63,-15.97,True,ACCELERATION_DECAY
2026-06-03T13:58:37.206169,NET,False,265.33,0,0,8.55,-13.08,True,ACCELERATION_DECAY
2026-06-03T13:58:37.541883,NFLX,False,81.52,0,0,-7.25,1.2,True,LOST_20_SMA
2026-06-03T13:58:37.881946,NOC,False,526.06,0,0,-5.83,-0.46,True,LOST_20_SMA
2026-06-03T13:58:38.229542,NOW,False,117.9,0,0,28.14,-10.66,True,ACCELERATION_DECAY
2026-06-03T13:58:38.579699,NUE,False,257.73,0,0,11.06,-3.4,True,ACCELERATION_DECAY
2026-06-03T13:58:38.947946,NVDA,False,214.75,0,0,9.29,-2.98,True,LOST_20_SMA
2026-06-03T13:58:39.292690,ODFL,False,236.06,0,0,20.39,1.19,False,ACCELERATION_DECAY
2026-06-03T13:58:39.632724,ORCL,False,230.33,0,0,24.27,-11.39,True,ACCELERATION_DECAY
2026-06-03T13:58:39.980928,PANW,False,280.43,0,0,52.42,-8.6,True,ACCELERATION_DECAY
2026-06-03T13:58:40.375025,PH,False,850.76,0,0,-2.51,1.11,True,LOST_20_SMA
2026-06-03T13:58:40.729969,PLTR,False,142.2,0,0,4.63,0.42,False,ACCELERATION_DECAY
2026-06-03T13:58:41.078072,PWR,False,715.67,0,0,-7.25,-0.48,True,LOST_20_SMA
2026-06-03T13:58:41.414208,PYPL,False,42.61,0,0,-8.35,3.28,True,LOST_20_SMA
2026-06-03T13:58:41.762313,QCOM,False,250.01,0,0,34.02,-9.02,True,ACCELERATION_DECAY
2026-06-03T13:58:42.287560,RBLX,False,43.68,0,0,-0.82,4.59,True,LOST_20_SMA
2026-06-03T13:58:42.623864,REGN,False,618.95,0,0,-11.86,3.12,True,LOST_20_SMA
2026-06-03T13:58:42.956949,RKLB,False,114.7,0,0,45.63,-7.92,True,LOST_20_SMA
2026-06-03T13:58:43.320591,RTX,False,172.55,0,0,-0.19,-0.97,True,LOST_20_SMA
2026-06-03T13:58:43.675798,SCHW,False,86.59,0,0,-6.29,-2.06,True,LOST_20_SMA
2026-06-03T13:58:44.043352,SHOP,False,112.94,0,0,4.93,13.2,False,ACCELERATION_DECAY
2026-06-03T13:58:44.400789,SLB,False,56.85,0,0,1.52,-0.15,True,ACCELERATION_DECAY
2026-06-03T13:58:44.752102,SNOW,False,241.28,0,0,70.26,-10.82,True,ACCELERATION_DECAY
2026-06-03T13:58:45.093147,SNPS,False,498.02,0,0,-0.89,-3.07,True,LOST_20_SMA
2026-06-03T13:58:45.429588,SOFI,False,16.68,0,0,4.12,-5.39,True,ACCELERATION_DECAY
2026-06-03T13:58:45.797503,SPGI,False,412.29,0,0,-2.73,-1.02,True,LOST_20_SMA
2026-06-03T13:58:46.147580,SYK,False,295.0,0,0,-0.08,-0.92,True,LOST_20_SMA
2026-06-03T13:58:46.534665,TMO,False,473.95,0,0,1.54,-2.67,True,ACCELERATION_DECAY
2026-06-03T13:58:46.892135,TSLA,False,423.7,0,0,8.82,0.86,False,ACCELERATION_DECAY
2026-06-03T13:58:47.241318,TT,False,465.84,0,0,-2.43,3.24,True,MOMENTUM_FAILURE
2026-06-03T13:58:47.576162,TTWO,False,215.8,0,0,-3.28,-2.03,True,LOST_20_SMA
2026-06-03T13:58:47.945519,UBER,False,71.69,0,0,-1.73,1.4,True,LOST_20_SMA
2026-06-03T13:58:48.294848,UNH,False,377.0,0,0,3.61,1.67,True,LOST_20_SMA
2026-06-03T13:58:48.643748,URI,False,1056.58,0,0,13.13,5.61,False,ACCELERATION_DECAY
2026-06-03T13:58:48.989832,V,False,312.4,0,0,-2.99,-0.07,True,LOST_20_SMA
2026-06-03T13:58:49.354098,VLO,False,261.45,0,0,3.16,0.52,False,ACCELERATION_DECAY
2026-06-03T13:58:49.793357,VRSN,False,297.08,0,0,7.73,-0.76,True,ACCELERATION_DECAY
2026-06-03T13:58:50.142453,VRTX,False,428.34,0,0,0.94,2.05,True,LOST_20_SMA
2026-06-03T13:58:50.579016,WMT,False,116.89,0,0,-10.63,2.62,True,LOST_20_SMA
2026-06-03T13:58:50.916574,XOM,False,152.53,0,0,-1.52,1.17,True,MOMENTUM_FAILURE
2026-06-03T13:58:51.272059,ZS,False,134.37,0,0,-4.94,-6.32,True,LOST_20_SMA
2026-06-03T14:03:52.186761,AAPL,False,310.26,0,0,9.18,-4.68,True,ACCELERATION_DECAY
2026-06-03T14:03:52.528669,ABBV,False,217.13,0,0,5.35,1.87,False,ACCELERATION_DECAY
2026-06-03T14:03:52.896011,ABNB,False,133.59,0,0,-4.39,-1.15,True,LOST_20_SMA
2026-06-03T14:03:53.274872,ADBE,False,256.24,0,0,0.24,-2.97,False,ACCELERATION_DECAY
2026-06-03T14:03:53.658572,ADSK,False,229.6,0,0,-7.95,-3.55,True,LOST_20_SMA
2026-06-03T14:03:54.099139,AMAT,False,500.77,0,0,21.9,-3.32,True,ACCELERATION_DECAY
2026-06-03T14:03:54.462534,AMD,False,542.52,0,0,52.71,0.01,False,ACCELERATION_DECAY
2026-06-03T14:03:54.828192,AMZN,False,250.02,0,0,-8.6,-2.89,True,LOST_20_SMA
2026-06-03T14:03:55.235922,ANET,False,174.37,0,0,2.44,0.87,False,ACCELERATION_DECAY
2026-06-03T14:03:55.609356,APO,False,124.35,0,0,-4.57,-4.23,True,LOST_20_SMA
2026-06-03T14:03:55.966073,APP,False,570.83,0,0,19.39,-8.11,True,ACCELERATION_DECAY
2026-06-03T14:03:56.331182,ARES,False,123.1,0,0,0.11,-6.8,True,LOST_20_SMA
2026-06-03T14:03:56.750304,ARM,False,411.83,0,0,97.2,-0.93,True,ACCELERATION_DECAY
2026-06-03T14:03:57.099174,ASML,False,1726.36,0,0,19.64,-3.38,True,ACCELERATION_DECAY
2026-06-03T14:03:57.528720,AXP,False,300.57,0,0,-4.87,-2.29,True,LOST_20_SMA
2026-06-03T14:03:57.979039,BA,False,210.58,0,0,-6.15,-4.52,True,LOST_20_SMA
2026-06-03T14:03:58.313450,BKNG,False,164.78,0,0,-1.7,-2.68,True,MOMENTUM_FAILURE
2026-06-03T14:03:58.683096,BLK,False,990.87,0,0,-5.53,-2.37,True,LOST_20_SMA
2026-06-03T14:03:59.026661,BSX,False,47.69,0,0,-14.81,1.32,True,LOST_20_SMA
2026-06-03T14:03:59.378998,BX,False,110.28,0,0,-10.14,-3.49,True,LOST_20_SMA
2026-06-03T14:03:59.744992,CAT,False,926.18,0,0,2.39,-1.62,True,ACCELERATION_DECAY
2026-06-03T14:04:00.077318,CAVA,False,71.33,0,0,-21.04,-2.26,True,LOST_20_SMA
2026-06-03T14:04:00.433841,CDNS,False,408.0,0,0,15.37,-3.76,True,ACCELERATION_DECAY
2026-06-03T14:04:00.815084,CELH,False,30.01,0,0,-10.47,-1.45,True,LOST_20_SMA
2026-06-03T14:04:01.151621,CME,False,252.64,0,0,-11.92,1.78,True,LOST_20_SMA
2026-06-03T14:04:01.517727,CMG,False,28.74,0,0,-11.05,-2.54,True,LOST_20_SMA
2026-06-03T14:04:01.850093,COIN,False,163.22,0,0,-17.46,-3.18,True,LOST_20_SMA
2026-06-03T14:04:02.193239,COP,False,119.05,0,0,-3.46,2.97,True,MOMENTUM_FAILURE
2026-06-03T14:04:02.534466,COST,False,961.83,0,0,-5.37,0.41,True,LOST_20_SMA
2026-06-03T14:04:02.871750,CRM,False,190.61,0,0,1.94,-6.35,True,ACCELERATION_DECAY
2026-06-03T14:04:03.212788,CRWD,False,747.61,0,0,56.89,-6.99,True,ACCELERATION_DECAY
2026-06-03T14:04:03.555461,CVX,False,189.71,0,0,-1.52,0.94,True,MOMENTUM_FAILURE
2026-06-03T14:04:03.906856,DDOG,False,250.33,0,0,71.78,-11.69,True,ACCELERATION_DECAY
2026-06-03T14:04:04.247105,DE,False,588.29,0,0,2.17,2.02,False,ACCELERATION_DECAY
2026-06-03T14:04:04.590032,DELL,False,421.08,0,0,94.66,-11.03,True,ACCELERATION_DECAY
2026-06-03T14:04:04.932811,DHR,False,178.08,0,0,1.98,0.79,False,ACCELERATION_DECAY
2026-06-03T14:04:05.269652,DUOL,False,107.4,0,0,3.24,3.49,True,LOST_20_SMA
2026-06-03T14:04:05.612079,EOG,False,141.5,0,0,0.48,2.62,False,ACCELERATION_DECAY
2026-06-03T14:04:05.953255,ETN,False,421.21,0,0,2.52,3.66,False,ACCELERATION_DECAY
2026-06-03T14:04:06.304341,FCX,False,70.64,0,0,22.47,-6.59,True,ACCELERATION_DECAY
2026-06-03T14:04:06.657936,FICO,False,1174.66,0,0,10.17,-7.91,True,ACCELERATION_DECAY
2026-06-03T14:04:07.050465,FTNT,False,146.48,0,0,62.9,-3.91,True,ACCELERATION_DECAY
2026-06-03T14:04:07.396340,GD,False,337.04,0,0,-3.47,-0.19,True,LOST_20_SMA
2026-06-03T14:04:07.741531,GE,False,314.64,0,0,9.75,-3.51,True,ACCELERATION_DECAY
2026-06-03T14:04:08.081953,GOOG,False,355.68,0,0,-7.44,-1.84,True,LOST_20_SMA
2026-06-03T14:04:08.427940,GOOGL,False,358.99,0,0,-7.58,-2.0,True,LOST_20_SMA
2026-06-03T14:04:08.775600,GS,False,1041.02,0,0,13.29,-4.57,True,ACCELERATION_DECAY
2026-06-03T14:04:09.122328,HD,False,312.97,0,0,-0.78,-0.49,True,MOMENTUM_FAILURE
2026-06-03T14:04:09.486699,HIMS,False,27.51,0,0,4.48,3.6,False,ACCELERATION_DECAY
2026-06-03T14:04:09.897812,HON,False,223.26,0,0,6.79,-5.44,True,ACCELERATION_DECAY
2026-06-03T14:04:10.233983,HOOD,False,82.85,0,0,7.56,-7.61,True,ACCELERATION_DECAY
2026-06-03T14:04:10.573651,ICE,False,138.45,0,0,-10.84,-1.85,True,LOST_20_SMA
2026-06-03T14:04:10.916437,INTC,False,112.71,0,0,4.22,-8.47,True,LOST_20_SMA
2026-06-03T14:04:11.249910,INTU,False,311.44,0,0,-21.81,-0.96,True,LOST_20_SMA
2026-06-03T14:04:11.585499,ISRG,False,407.29,0,0,-9.77,1.3,True,LOST_20_SMA
2026-06-03T14:04:11.926145,JPM,False,300.85,0,0,-2.76,-0.59,True,MOMENTUM_FAILURE
2026-06-03T14:04:12.292511,KKR,False,90.53,0,0,-11.25,-2.65,True,LOST_20_SMA
2026-06-03T14:04:12.643615,KLAC,False,2125.11,0,0,22.63,3.26,False,ACCELERATION_DECAY
2026-06-03T14:04:12.993211,LIN,False,507.57,0,0,1.46,0.98,False,ACCELERATION_DECAY
2026-06-03T14:04:13.342485,LLY,False,1078.78,0,0,9.09,-0.85,False,ACCELERATION_DECAY
2026-06-03T14:04:13.694798,LMT,False,512.03,0,0,0.61,1.52,True,LOST_20_SMA
2026-06-03T14:04:14.045327,LRCX,False,343.71,0,0,24.62,-4.71,True,ACCELERATION_DECAY
2026-06-03T14:04:14.382054,LULU,False,126.03,0,0,-3.21,-1.26,True,MOMENTUM_FAILURE
2026-06-03T14:04:14.734324,MA,False,471.55,0,0,-5.14,0.23,True,LOST_20_SMA
2026-06-03T14:04:15.081267,MCD,False,273.29,0,0,-4.17,-1.44,True,LOST_20_SMA
2026-06-03T14:04:15.424436,MCO,False,448.39,0,0,-1.36,-2.25,True,MOMENTUM_FAILURE
2026-06-03T14:04:15.757936,MDB,False,368.32,0,0,38.11,-12.43,True,ACCELERATION_DECAY
2026-06-03T14:04:16.093699,META,False,622.98,0,0,2.98,5.07,False,ACCELERATION_DECAY
2026-06-03T14:04:16.447794,MPC,False,267.21,0,0,2.57,-1.59,True,ACCELERATION_DECAY
2026-06-03T14:04:16.830350,MS,False,210.14,0,0,11.04,-3.31,True,ACCELERATION_DECAY
2026-06-03T14:04:17.211527,MSFT,False,427.34,0,0,3.88,-2.81,True,ACCELERATION_DECAY
2026-06-03T14:04:17.556264,MU,False,1079.57,0,0,68.63,-15.97,True,ACCELERATION_DECAY
2026-06-03T14:04:17.907680,NET,False,265.33,0,0,8.55,-13.08,True,ACCELERATION_DECAY
2026-06-03T14:04:18.248495,NFLX,False,81.52,0,0,-7.25,1.2,True,LOST_20_SMA
2026-06-03T14:04:18.589573,NOC,False,526.06,0,0,-5.83,-0.46,True,LOST_20_SMA
2026-06-03T14:04:18.944353,NOW,False,117.9,0,0,28.14,-10.66,True,ACCELERATION_DECAY
2026-06-03T14:04:19.284381,NUE,False,257.73,0,0,11.06,-3.4,True,ACCELERATION_DECAY
2026-06-03T14:04:19.621893,NVDA,False,214.75,0,0,9.29,-2.98,True,LOST_20_SMA
2026-06-03T14:04:20.028636,ODFL,False,236.06,0,0,20.39,1.19,False,ACCELERATION_DECAY
2026-06-03T14:04:20.370669,ORCL,False,230.33,0,0,24.27,-11.39,True,ACCELERATION_DECAY
2026-06-03T14:04:20.709024,PANW,False,280.43,0,0,52.42,-8.6,True,ACCELERATION_DECAY
2026-06-03T14:04:21.048723,PH,False,850.76,0,0,-2.51,1.11,True,LOST_20_SMA
2026-06-03T14:04:21.398005,PLTR,False,142.2,0,0,4.63,0.42,False,ACCELERATION_DECAY
2026-06-03T14:04:21.740952,PWR,False,715.67,0,0,-7.25,-0.48,True,LOST_20_SMA
2026-06-03T14:04:22.087797,PYPL,False,42.61,0,0,-8.35,3.28,True,LOST_20_SMA
2026-06-03T14:04:22.435452,QCOM,False,250.01,0,0,34.02,-9.02,True,ACCELERATION_DECAY
2026-06-03T14:04:22.769377,RBLX,False,43.68,0,0,-0.82,4.59,True,LOST_20_SMA
2026-06-03T14:04:23.119879,REGN,False,618.95,0,0,-11.86,3.12,True,LOST_20_SMA
2026-06-03T14:04:23.463810,RKLB,False,114.7,0,0,45.63,-7.92,True,LOST_20_SMA
2026-06-03T14:04:23.808941,RTX,False,172.55,0,0,-0.19,-0.97,True,LOST_20_SMA
2026-06-03T14:04:24.149222,SCHW,False,86.59,0,0,-6.29,-2.06,True,LOST_20_SMA
2026-06-03T14:04:24.486861,SHOP,False,112.94,0,0,4.93,13.2,False,ACCELERATION_DECAY
2026-06-03T14:04:24.953867,SLB,False,56.85,0,0,1.52,-0.15,True,ACCELERATION_DECAY
2026-06-03T14:04:25.325716,SNOW,False,241.28,0,0,70.26,-10.82,True,ACCELERATION_DECAY
2026-06-03T14:04:25.692136,SNPS,False,498.02,0,0,-0.89,-3.07,True,LOST_20_SMA
2026-06-03T14:04:26.030547,SOFI,False,16.68,0,0,4.12,-5.39,True,ACCELERATION_DECAY
2026-06-03T14:04:26.365422,SPGI,False,412.29,0,0,-2.73,-1.02,True,LOST_20_SMA
2026-06-03T14:04:26.709942,SYK,False,295.0,0,0,-0.08,-0.92,True,LOST_20_SMA
2026-06-03T14:04:27.043794,TMO,False,473.95,0,0,1.54,-2.67,True,ACCELERATION_DECAY
2026-06-03T14:04:27.390065,TSLA,False,423.7,0,0,8.82,0.86,False,ACCELERATION_DECAY
2026-06-03T14:04:27.755110,TT,False,465.84,0,0,-2.43,3.24,True,MOMENTUM_FAILURE
2026-06-03T14:04:28.107192,TTWO,False,215.8,0,0,-3.28,-2.03,True,LOST_20_SMA
2026-06-03T14:04:28.447615,UBER,False,71.69,0,0,-1.73,1.4,True,LOST_20_SMA
2026-06-03T14:04:28.791978,UNH,False,377.0,0,0,3.61,1.67,True,LOST_20_SMA
2026-06-03T14:04:29.128632,URI,False,1056.58,0,0,13.13,5.61,False,ACCELERATION_DECAY
2026-06-03T14:04:29.499874,V,False,312.4,0,0,-2.99,-0.07,True,LOST_20_SMA
2026-06-03T14:04:29.897040,VLO,False,261.45,0,0,3.16,0.52,False,ACCELERATION_DECAY
2026-06-03T14:04:30.241903,VRSN,False,297.08,0,0,7.73,-0.76,True,ACCELERATION_DECAY
2026-06-03T14:04:30.587331,VRTX,False,428.34,0,0,0.94,2.05,True,LOST_20_SMA
2026-06-03T14:04:31.059139,WMT,False,116.89,0,0,-10.63,2.62,True,LOST_20_SMA
2026-06-03T14:04:31.409226,XOM,False,152.53,0,0,-1.52,1.17,True,MOMENTUM_FAILURE
2026-06-03T14:04:31.750947,ZS,False,134.37,0,0,-4.94,-6.32,True,LOST_20_SMA
2026-06-03T14:09:32.221367,AAPL,False,310.26,0,0,9.18,-4.68,True,ACCELERATION_DECAY
2026-06-03T14:09:32.565460,ABBV,False,217.13,0,0,5.35,1.87,False,ACCELERATION_DECAY
2026-06-03T14:09:32.904167,ABNB,False,133.59,0,0,-4.39,-1.15,True,LOST_20_SMA
2026-06-03T14:09:33.238167,ADBE,False,256.24,0,0,0.24,-2.97,False,ACCELERATION_DECAY
2026-06-03T14:09:33.587886,ADSK,False,229.6,0,0,-7.95,-3.55,True,LOST_20_SMA
2026-06-03T14:09:33.943461,AMAT,False,500.77,0,0,21.9,-3.32,True,ACCELERATION_DECAY
2026-06-03T14:09:34.289525,AMD,False,542.52,0,0,52.71,0.01,False,ACCELERATION_DECAY
2026-06-03T14:09:34.621712,AMZN,False,250.02,0,0,-8.6,-2.89,True,LOST_20_SMA
2026-06-03T14:09:34.978903,ANET,False,174.37,0,0,2.44,0.87,False,ACCELERATION_DECAY
2026-06-03T14:09:35.349747,APO,False,124.35,0,0,-4.57,-4.23,True,LOST_20_SMA
2026-06-03T14:09:35.689506,APP,False,570.83,0,0,19.39,-8.11,True,ACCELERATION_DECAY
2026-06-03T14:09:36.038534,ARES,False,123.1,0,0,0.11,-6.8,True,LOST_20_SMA
2026-06-03T14:09:36.421602,ARM,False,411.83,0,0,97.2,-0.93,True,ACCELERATION_DECAY
2026-06-03T14:09:36.780762,ASML,False,1726.36,0,0,19.64,-3.38,True,ACCELERATION_DECAY
2026-06-03T14:09:37.143997,AXP,False,300.57,0,0,-4.87,-2.29,True,LOST_20_SMA
2026-06-03T14:09:37.483817,BA,False,210.58,0,0,-6.15,-4.52,True,LOST_20_SMA
2026-06-03T14:09:37.863332,BKNG,False,164.78,0,0,-1.7,-2.68,True,MOMENTUM_FAILURE
2026-06-03T14:09:38.209537,BLK,False,990.87,0,0,-5.53,-2.37,True,LOST_20_SMA
2026-06-03T14:09:38.548884,BSX,False,47.69,0,0,-14.81,1.32,True,LOST_20_SMA
2026-06-03T14:09:38.893975,BX,False,110.28,0,0,-10.14,-3.49,True,LOST_20_SMA
2026-06-03T14:09:39.234727,CAT,False,926.18,0,0,2.39,-1.62,True,ACCELERATION_DECAY
2026-06-03T14:09:39.586376,CAVA,False,71.33,0,0,-21.04,-2.26,True,LOST_20_SMA
2026-06-03T14:09:39.997594,CDNS,False,408.0,0,0,15.37,-3.76,True,ACCELERATION_DECAY
2026-06-03T14:09:40.342396,CELH,False,30.01,0,0,-10.47,-1.45,True,LOST_20_SMA
2026-06-03T14:09:40.675879,CME,False,252.64,0,0,-11.92,1.78,True,LOST_20_SMA
2026-06-03T14:09:41.029892,CMG,False,28.74,0,0,-11.05,-2.54,True,LOST_20_SMA
2026-06-03T14:09:41.368738,COIN,False,163.22,0,0,-17.46,-3.18,True,LOST_20_SMA
2026-06-03T14:09:41.712305,COP,False,119.05,0,0,-3.46,2.97,True,MOMENTUM_FAILURE
2026-06-03T14:09:42.053834,COST,False,961.83,0,0,-5.37,0.41,True,LOST_20_SMA
2026-06-03T14:09:42.438530,CRM,False,190.61,0,0,1.94,-6.35,True,ACCELERATION_DECAY
2026-06-03T14:09:42.795885,CRWD,False,747.61,0,0,56.89,-6.99,True,ACCELERATION_DECAY
2026-06-03T14:09:43.141865,CVX,False,189.71,0,0,-1.52,0.94,True,MOMENTUM_FAILURE
2026-06-03T14:09:43.515713,DDOG,False,250.33,0,0,71.78,-11.69,True,ACCELERATION_DECAY
2026-06-03T14:09:43.860619,DE,False,588.29,0,0,2.17,2.02,False,ACCELERATION_DECAY
2026-06-03T14:09:44.204014,DELL,False,421.08,0,0,94.66,-11.03,True,ACCELERATION_DECAY
2026-06-03T14:09:44.547843,DHR,False,178.08,0,0,1.98,0.79,False,ACCELERATION_DECAY
2026-06-03T14:09:44.880709,DUOL,False,107.4,0,0,3.24,3.49,True,LOST_20_SMA
2026-06-03T14:09:45.226311,EOG,False,141.5,0,0,0.48,2.62,False,ACCELERATION_DECAY
2026-06-03T14:09:45.571816,ETN,False,421.21,0,0,2.52,3.66,False,ACCELERATION_DECAY
2026-06-03T14:09:45.918899,FCX,False,70.64,0,0,22.47,-6.59,True,ACCELERATION_DECAY
2026-06-03T14:09:46.257769,FICO,False,1174.66,0,0,10.17,-7.91,True,ACCELERATION_DECAY
2026-06-03T14:09:46.602465,FTNT,False,146.48,0,0,62.9,-3.91,True,ACCELERATION_DECAY
2026-06-03T14:09:46.967779,GD,False,337.04,0,0,-3.47,-0.19,True,LOST_20_SMA
2026-06-03T14:09:47.316160,GE,False,314.64,0,0,9.75,-3.51,True,ACCELERATION_DECAY
2026-06-03T14:09:47.654597,GOOG,False,355.68,0,0,-7.44,-1.84,True,LOST_20_SMA
2026-06-03T14:09:47.993827,GOOGL,False,358.99,0,0,-7.58,-2.0,True,LOST_20_SMA
2026-06-03T14:09:48.328666,GS,False,1041.02,0,0,13.29,-4.57,True,ACCELERATION_DECAY
2026-06-03T14:09:48.674432,HD,False,312.97,0,0,-0.78,-0.49,True,MOMENTUM_FAILURE
2026-06-03T14:09:49.013717,HIMS,False,27.51,0,0,4.48,3.6,False,ACCELERATION_DECAY
2026-06-03T14:09:49.364577,HON,False,223.26,0,0,6.79,-5.44,True,ACCELERATION_DECAY
2026-06-03T14:09:49.708483,HOOD,False,82.85,0,0,7.56,-7.61,True,ACCELERATION_DECAY
2026-06-03T14:09:50.054113,ICE,False,138.45,0,0,-10.84,-1.85,True,LOST_20_SMA
2026-06-03T14:09:50.403518,INTC,False,112.71,0,0,4.22,-8.47,True,LOST_20_SMA
2026-06-03T14:09:50.744453,INTU,False,311.44,0,0,-21.81,-0.96,True,LOST_20_SMA
2026-06-03T14:09:51.082110,ISRG,False,407.29,0,0,-9.77,1.3,True,LOST_20_SMA
2026-06-03T14:09:51.421592,JPM,False,300.85,0,0,-2.76,-0.59,True,MOMENTUM_FAILURE
2026-06-03T14:09:51.786088,KKR,False,90.53,0,0,-11.25,-2.65,True,LOST_20_SMA
2026-06-03T14:09:52.133413,KLAC,False,2125.11,0,0,22.63,3.26,False,ACCELERATION_DECAY
2026-06-03T14:09:52.479599,LIN,False,507.57,0,0,1.46,0.98,False,ACCELERATION_DECAY
2026-06-03T14:09:52.825316,LLY,False,1078.78,0,0,9.09,-0.85,False,ACCELERATION_DECAY
2026-06-03T14:09:53.168745,LMT,False,512.03,0,0,0.61,1.52,True,LOST_20_SMA
2026-06-03T14:09:53.508243,LRCX,False,343.71,0,0,24.62,-4.71,True,ACCELERATION_DECAY
2026-06-03T14:09:53.839681,LULU,False,126.03,0,0,-3.21,-1.26,True,MOMENTUM_FAILURE
2026-06-03T14:09:54.177418,MA,False,471.55,0,0,-5.14,0.23,True,LOST_20_SMA
2026-06-03T14:09:54.542897,MCD,False,273.29,0,0,-4.17,-1.44,True,LOST_20_SMA
2026-06-03T14:09:54.892440,MCO,False,448.39,0,0,-1.36,-2.25,True,MOMENTUM_FAILURE
2026-06-03T14:09:55.240345,MDB,False,368.32,0,0,38.11,-12.43,True,ACCELERATION_DECAY
2026-06-03T14:09:55.584446,META,False,622.98,0,0,2.98,5.07,False,ACCELERATION_DECAY
2026-06-03T14:09:55.949951,MPC,False,267.21,0,0,2.57,-1.59,True,ACCELERATION_DECAY
2026-06-03T14:09:56.290080,MS,False,210.14,0,0,11.04,-3.31,True,ACCELERATION_DECAY
2026-06-03T14:09:56.713459,MSFT,False,427.34,0,0,3.88,-2.81,True,ACCELERATION_DECAY
2026-06-03T14:09:57.053852,MU,False,1079.57,0,0,68.63,-15.97,True,ACCELERATION_DECAY
2026-06-03T14:09:57.392626,NET,False,265.33,0,0,8.55,-13.08,True,ACCELERATION_DECAY
2026-06-03T14:09:57.733385,NFLX,False,81.52,0,0,-7.25,1.2,True,LOST_20_SMA
2026-06-03T14:09:58.090576,NOC,False,526.06,0,0,-5.83,-0.46,True,LOST_20_SMA
2026-06-03T14:09:58.434620,NOW,False,117.9,0,0,28.14,-10.66,True,ACCELERATION_DECAY
2026-06-03T14:09:58.784567,NUE,False,257.73,0,0,11.06,-3.4,True,ACCELERATION_DECAY
2026-06-03T14:09:59.131827,NVDA,False,214.75,0,0,9.29,-2.98,True,LOST_20_SMA
2026-06-03T14:09:59.477911,ODFL,False,236.06,0,0,20.39,1.19,False,ACCELERATION_DECAY
2026-06-03T14:09:59.782425,ORCL,False,230.33,0,0,24.27,-11.39,True,ACCELERATION_DECAY
2026-06-03T14:10:00.114676,PANW,False,280.43,0,0,52.42,-8.6,True,ACCELERATION_DECAY
2026-06-03T14:10:00.452414,PH,False,850.76,0,0,-2.51,1.11,True,LOST_20_SMA
2026-06-03T14:10:00.796971,PLTR,False,142.2,0,0,4.63,0.42,False,ACCELERATION_DECAY
2026-06-03T14:10:01.133704,PWR,False,715.67,0,0,-7.25,-0.48,True,LOST_20_SMA
2026-06-03T14:10:01.471013,PYPL,False,42.61,0,0,-8.35,3.28,True,LOST_20_SMA
2026-06-03T14:10:01.809671,QCOM,False,250.01,0,0,34.02,-9.02,True,ACCELERATION_DECAY
2026-06-03T14:10:02.154252,RBLX,False,43.68,0,0,-0.82,4.59,True,LOST_20_SMA
2026-06-03T14:10:02.501880,REGN,False,618.95,0,0,-11.86,3.12,True,LOST_20_SMA
2026-06-03T14:10:02.842202,RKLB,False,114.7,0,0,45.63,-7.92,True,LOST_20_SMA
2026-06-03T14:10:03.211557,RTX,False,172.55,0,0,-0.19,-0.97,True,LOST_20_SMA
2026-06-03T14:10:03.551456,SCHW,False,86.59,0,0,-6.29,-2.06,True,LOST_20_SMA
2026-06-03T14:10:03.891213,SHOP,False,112.94,0,0,4.93,13.2,False,ACCELERATION_DECAY
2026-06-03T14:10:04.248495,SLB,False,56.85,0,0,1.52,-0.15,True,ACCELERATION_DECAY
2026-06-03T14:10:04.599358,SNOW,False,241.28,0,0,70.26,-10.82,True,ACCELERATION_DECAY
2026-06-03T14:10:04.943108,SNPS,False,498.02,0,0,-0.89,-3.07,True,LOST_20_SMA
2026-06-03T14:10:05.282112,SOFI,False,16.68,0,0,4.12,-5.39,True,ACCELERATION_DECAY
2026-06-03T14:10:05.626751,SPGI,False,412.29,0,0,-2.73,-1.02,True,LOST_20_SMA
2026-06-03T14:10:05.967250,SYK,False,295.0,0,0,-0.08,-0.92,True,LOST_20_SMA
2026-06-03T14:10:06.311613,TMO,False,473.95,0,0,1.54,-2.67,True,ACCELERATION_DECAY
2026-06-03T14:10:06.667554,TSLA,False,423.7,0,0,8.82,0.86,False,ACCELERATION_DECAY
2026-06-03T14:10:07.012283,TT,False,465.84,0,0,-2.43,3.24,True,MOMENTUM_FAILURE
2026-06-03T14:10:07.378871,TTWO,False,215.8,0,0,-3.28,-2.03,True,LOST_20_SMA
2026-06-03T14:10:07.728321,UBER,False,71.69,0,0,-1.73,1.4,True,LOST_20_SMA
2026-06-03T14:10:08.067737,UNH,False,377.0,0,0,3.61,1.67,True,LOST_20_SMA
2026-06-03T14:10:08.409093,URI,False,1056.58,0,0,13.13,5.61,False,ACCELERATION_DECAY
2026-06-03T14:10:08.755930,V,False,312.4,0,0,-2.99,-0.07,True,LOST_20_SMA
2026-06-03T14:10:09.094209,VLO,False,261.45,0,0,3.16,0.52,False,ACCELERATION_DECAY
2026-06-03T14:10:09.430161,VRSN,False,297.08,0,0,7.73,-0.76,True,ACCELERATION_DECAY
2026-06-03T14:10:09.773107,VRTX,False,428.34,0,0,0.94,2.05,True,LOST_20_SMA
2026-06-03T14:10:10.200703,WMT,False,116.89,0,0,-10.63,2.62,True,LOST_20_SMA
2026-06-03T14:10:10.545768,XOM,False,152.53,0,0,-1.52,1.17,True,MOMENTUM_FAILURE
2026-06-03T14:10:10.889833,ZS,False,134.37,0,0,-4.94,-6.32,True,LOST_20_SMA
2026-06-03T14:15:11.359500,AAPL,False,310.26,0,0,9.18,-4.68,True,ACCELERATION_DECAY
2026-06-03T14:15:11.736515,ABBV,False,217.13,0,0,5.35,1.87,False,ACCELERATION_DECAY
2026-06-03T14:15:12.075054,ABNB,False,133.59,0,0,-4.39,-1.15,True,LOST_20_SMA
2026-06-03T14:15:12.414742,ADBE,False,256.24,0,0,0.24,-2.97,False,ACCELERATION_DECAY
2026-06-03T14:15:12.766330,ADSK,False,229.6,0,0,-7.95,-3.55,True,LOST_20_SMA
2026-06-03T14:15:13.122374,AMAT,False,500.77,0,0,21.9,-3.32,True,ACCELERATION_DECAY
2026-06-03T14:15:13.456595,AMD,False,542.52,0,0,52.71,0.01,False,ACCELERATION_DECAY
2026-06-03T14:15:13.799715,AMZN,False,250.02,0,0,-8.6,-2.89,True,LOST_20_SMA
2026-06-03T14:15:14.147010,ANET,False,174.37,0,0,2.44,0.87,False,ACCELERATION_DECAY
2026-06-03T14:15:14.490768,APO,False,124.35,0,0,-4.57,-4.23,True,LOST_20_SMA
2026-06-03T14:15:14.836379,APP,False,570.83,0,0,19.39,-8.11,True,ACCELERATION_DECAY
2026-06-03T14:15:15.178859,ARES,False,123.1,0,0,0.11,-6.8,True,LOST_20_SMA
2026-06-03T14:15:15.530425,ARM,False,411.83,0,0,97.2,-0.93,True,ACCELERATION_DECAY
2026-06-03T14:15:15.876624,ASML,False,1726.36,0,0,19.64,-3.38,True,ACCELERATION_DECAY
2026-06-03T14:15:16.242161,AXP,False,300.57,0,0,-4.87,-2.29,True,LOST_20_SMA
2026-06-03T14:15:16.583591,BA,False,210.58,0,0,-6.15,-4.52,True,LOST_20_SMA
2026-06-03T14:15:16.919760,BKNG,False,164.78,0,0,-1.7,-2.68,True,MOMENTUM_FAILURE
2026-06-03T14:15:17.265426,BLK,False,990.87,0,0,-5.53,-2.37,True,LOST_20_SMA
2026-06-03T14:15:17.607368,BSX,False,47.69,0,0,-14.81,1.32,True,LOST_20_SMA
2026-06-03T14:15:17.949185,BX,False,110.28,0,0,-10.14,-3.49,True,LOST_20_SMA
2026-06-03T14:15:18.287306,CAT,False,926.18,0,0,2.39,-1.62,True,ACCELERATION_DECAY
2026-06-03T14:15:18.624393,CAVA,False,71.33,0,0,-21.04,-2.26,True,LOST_20_SMA
2026-06-03T14:15:18.960830,CDNS,False,408.0,0,0,15.37,-3.76,True,ACCELERATION_DECAY
2026-06-03T14:15:19.300206,CELH,False,30.01,0,0,-10.47,-1.45,True,LOST_20_SMA
2026-06-03T14:15:19.642631,CME,False,252.64,0,0,-11.92,1.78,True,LOST_20_SMA
2026-06-03T14:15:20.036541,CMG,False,28.74,0,0,-11.05,-2.54,True,LOST_20_SMA
2026-06-03T14:15:20.370511,COIN,False,163.22,0,0,-17.46,-3.18,True,LOST_20_SMA
2026-06-03T14:15:20.716840,COP,False,119.05,0,0,-3.46,2.97,True,MOMENTUM_FAILURE
2026-06-03T14:15:21.074027,COST,False,961.83,0,0,-5.37,0.41,True,LOST_20_SMA
2026-06-03T14:15:21.416060,CRM,False,190.61,0,0,1.94,-6.35,True,ACCELERATION_DECAY
2026-06-03T14:15:21.754148,CRWD,False,747.61,0,0,56.89,-6.99,True,ACCELERATION_DECAY
2026-06-03T14:15:22.087118,CVX,False,189.71,0,0,-1.52,0.94,True,MOMENTUM_FAILURE
2026-06-03T14:15:22.472114,DDOG,False,250.33,0,0,71.78,-11.69,True,ACCELERATION_DECAY
2026-06-03T14:15:22.817766,DE,False,588.29,0,0,2.17,2.02,False,ACCELERATION_DECAY
2026-06-03T14:15:23.161948,DELL,False,421.08,0,0,94.66,-11.03,True,ACCELERATION_DECAY
2026-06-03T14:15:23.509903,DHR,False,178.08,0,0,1.98,0.79,False,ACCELERATION_DECAY
2026-06-03T14:15:23.848600,DUOL,False,107.4,0,0,3.24,3.49,True,LOST_20_SMA
2026-06-03T14:15:24.211250,EOG,False,141.5,0,0,0.48,2.62,False,ACCELERATION_DECAY
2026-06-03T14:15:24.556244,ETN,False,421.21,0,0,2.52,3.66,False,ACCELERATION_DECAY
2026-06-03T14:15:24.897719,FCX,False,70.64,0,0,22.47,-6.59,True,ACCELERATION_DECAY
2026-06-03T14:15:25.238253,FICO,False,1174.66,0,0,10.17,-7.91,True,ACCELERATION_DECAY
2026-06-03T14:15:25.577094,FTNT,False,146.48,0,0,62.9,-3.91,True,ACCELERATION_DECAY
2026-06-03T14:15:25.950467,GD,False,337.04,0,0,-3.47,-0.19,True,LOST_20_SMA
2026-06-03T14:15:26.302046,GE,False,314.64,0,0,9.75,-3.51,True,ACCELERATION_DECAY
2026-06-03T14:15:26.653343,GOOG,False,355.68,0,0,-7.44,-1.84,True,LOST_20_SMA
2026-06-03T14:15:26.991254,GOOGL,False,358.99,0,0,-7.58,-2.0,True,LOST_20_SMA
2026-06-03T14:15:27.339475,GS,False,1041.02,0,0,13.29,-4.57,True,ACCELERATION_DECAY
2026-06-03T14:15:27.682836,HD,False,312.97,0,0,-0.78,-0.49,True,MOMENTUM_FAILURE
2026-06-03T14:15:28.020847,HIMS,False,27.51,0,0,4.48,3.6,False,ACCELERATION_DECAY
2026-06-03T14:15:28.356576,HON,False,223.26,0,0,6.79,-5.44,True,ACCELERATION_DECAY
2026-06-03T14:15:28.702748,HOOD,False,82.85,0,0,7.56,-7.61,True,ACCELERATION_DECAY
2026-06-03T14:15:29.057008,ICE,False,138.45,0,0,-10.84,-1.85,True,LOST_20_SMA
2026-06-03T14:15:29.414669,INTC,False,112.71,0,0,4.22,-8.47,True,LOST_20_SMA
2026-06-03T14:15:29.763186,INTU,False,311.44,0,0,-21.81,-0.96,True,LOST_20_SMA
2026-06-03T14:15:30.102890,ISRG,False,407.29,0,0,-9.77,1.3,True,LOST_20_SMA
2026-06-03T14:15:30.492807,JPM,False,300.85,0,0,-2.76,-0.59,True,MOMENTUM_FAILURE
2026-06-03T14:15:30.854146,KKR,False,90.53,0,0,-11.25,-2.65,True,LOST_20_SMA
2026-06-03T14:15:31.192650,KLAC,False,2125.11,0,0,22.63,3.26,False,ACCELERATION_DECAY
2026-06-03T14:15:31.538044,LIN,False,507.57,0,0,1.46,0.98,False,ACCELERATION_DECAY
2026-06-03T14:15:31.891410,LLY,False,1078.78,0,0,9.09,-0.85,False,ACCELERATION_DECAY
2026-06-03T14:15:32.231729,LMT,False,512.03,0,0,0.61,1.52,True,LOST_20_SMA
2026-06-03T14:15:32.575517,LRCX,False,343.71,0,0,24.62,-4.71,True,ACCELERATION_DECAY
2026-06-03T14:15:32.919558,LULU,False,126.03,0,0,-3.21,-1.26,True,MOMENTUM_FAILURE
2026-06-03T14:15:33.263266,MA,False,471.55,0,0,-5.14,0.23,True,LOST_20_SMA
2026-06-03T14:15:33.603822,MCD,False,273.29,0,0,-4.17,-1.44,True,LOST_20_SMA
2026-06-03T14:15:33.952219,MCO,False,448.39,0,0,-1.36,-2.25,True,MOMENTUM_FAILURE
2026-06-03T14:15:34.292902,MDB,False,368.32,0,0,38.11,-12.43,True,ACCELERATION_DECAY
2026-06-03T14:15:34.626787,META,False,622.98,0,0,2.98,5.07,False,ACCELERATION_DECAY
2026-06-03T14:15:34.979546,MPC,False,267.21,0,0,2.57,-1.59,True,ACCELERATION_DECAY
2026-06-03T14:15:35.329640,MS,False,210.14,0,0,11.04,-3.31,True,ACCELERATION_DECAY
2026-06-03T14:15:35.672066,MSFT,False,427.34,0,0,3.88,-2.81,True,ACCELERATION_DECAY
2026-06-03T14:15:36.017316,MU,False,1079.57,0,0,68.63,-15.97,True,ACCELERATION_DECAY
2026-06-03T14:15:36.367587,NET,False,265.33,0,0,8.55,-13.08,True,ACCELERATION_DECAY
2026-06-03T14:15:36.704345,NFLX,False,81.52,0,0,-7.25,1.2,True,LOST_20_SMA
2026-06-03T14:15:37.052870,NOC,False,526.06,0,0,-5.83,-0.46,True,LOST_20_SMA
2026-06-03T14:15:37.394007,NOW,False,117.9,0,0,28.14,-10.66,True,ACCELERATION_DECAY
2026-06-03T14:15:37.736977,NUE,False,257.73,0,0,11.06,-3.4,True,ACCELERATION_DECAY
2026-06-03T14:15:38.079127,NVDA,False,214.75,0,0,9.29,-2.98,True,LOST_20_SMA
2026-06-03T14:15:38.433547,ODFL,False,236.06,0,0,20.39,1.19,False,ACCELERATION_DECAY
2026-06-03T14:15:38.777710,ORCL,False,230.33,0,0,24.27,-11.39,True,ACCELERATION_DECAY
2026-06-03T14:15:39.122545,PANW,False,280.43,0,0,52.42,-8.6,True,ACCELERATION_DECAY
2026-06-03T14:15:39.468589,PH,False,850.76,0,0,-2.51,1.11,True,LOST_20_SMA
2026-06-03T14:15:39.830601,PLTR,False,142.2,0,0,4.63,0.42,False,ACCELERATION_DECAY
2026-06-03T14:15:40.177866,PWR,False,715.67,0,0,-7.25,-0.48,True,LOST_20_SMA
2026-06-03T14:15:40.543193,PYPL,False,42.61,0,0,-8.35,3.28,True,LOST_20_SMA
2026-06-03T14:15:40.898699,QCOM,False,250.01,0,0,34.02,-9.02,True,ACCELERATION_DECAY
2026-06-03T14:15:41.240798,RBLX,False,43.68,0,0,-0.82,4.59,True,LOST_20_SMA
2026-06-03T14:15:41.586361,REGN,False,618.95,0,0,-11.86,3.12,True,LOST_20_SMA
2026-06-03T14:15:41.929508,RKLB,False,114.7,0,0,45.63,-7.92,True,LOST_20_SMA
2026-06-03T14:15:42.271838,RTX,False,172.55,0,0,-0.19,-0.97,True,LOST_20_SMA
2026-06-03T14:15:42.625720,SCHW,False,86.59,0,0,-6.29,-2.06,True,LOST_20_SMA
2026-06-03T14:15:43.003763,SHOP,False,112.94,0,0,4.93,13.2,False,ACCELERATION_DECAY
2026-06-03T14:15:43.353252,SLB,False,56.85,0,0,1.52,-0.15,True,ACCELERATION_DECAY
2026-06-03T14:15:43.699642,SNOW,False,241.28,0,0,70.26,-10.82,True,ACCELERATION_DECAY
2026-06-03T14:15:44.033291,SNPS,False,498.02,0,0,-0.89,-3.07,True,LOST_20_SMA
2026-06-03T14:15:44.371212,SOFI,False,16.68,0,0,4.12,-5.39,True,ACCELERATION_DECAY
2026-06-03T14:15:44.715669,SPGI,False,412.29,0,0,-2.73,-1.02,True,LOST_20_SMA
2026-06-03T14:15:45.057802,SYK,False,295.0,0,0,-0.08,-0.92,True,LOST_20_SMA
2026-06-03T14:15:45.404632,TMO,False,473.95,0,0,1.54,-2.67,True,ACCELERATION_DECAY
2026-06-03T14:15:45.748949,TSLA,False,423.7,0,0,8.82,0.86,False,ACCELERATION_DECAY
2026-06-03T14:15:46.102447,TT,False,465.84,0,0,-2.43,3.24,True,MOMENTUM_FAILURE
2026-06-03T14:15:46.437835,TTWO,False,215.8,0,0,-3.28,-2.03,True,LOST_20_SMA
2026-06-03T14:15:46.783095,UBER,False,71.69,0,0,-1.73,1.4,True,LOST_20_SMA
2026-06-03T14:15:47.132452,UNH,False,377.0,0,0,3.61,1.67,True,LOST_20_SMA
2026-06-03T14:15:47.474426,URI,False,1056.58,0,0,13.13,5.61,False,ACCELERATION_DECAY
2026-06-03T14:15:47.823144,V,False,312.4,0,0,-2.99,-0.07,True,LOST_20_SMA
2026-06-03T14:15:48.171991,VLO,False,261.45,0,0,3.16,0.52,False,ACCELERATION_DECAY
2026-06-03T14:15:48.517265,VRSN,False,297.08,0,0,7.73,-0.76,True,ACCELERATION_DECAY
2026-06-03T14:15:48.861037,VRTX,False,428.34,0,0,0.94,2.05,True,LOST_20_SMA
2026-06-03T14:15:49.288931,WMT,False,116.89,0,0,-10.63,2.62,True,LOST_20_SMA
2026-06-03T14:15:49.639803,XOM,False,152.53,0,0,-1.52,1.17,True,MOMENTUM_FAILURE
2026-06-03T14:15:50.049805,ZS,False,134.37,0,0,-4.94,-6.32,True,LOST_20_SMA
2026-06-03T14:20:50.521490,AAPL,False,310.26,0,0,9.18,-4.68,True,ACCELERATION_DECAY
2026-06-03T14:20:50.865136,ABBV,False,217.13,0,0,5.35,1.87,False,ACCELERATION_DECAY
2026-06-03T14:20:51.200475,ABNB,False,133.59,0,0,-4.39,-1.15,True,LOST_20_SMA
2026-06-03T14:20:51.543151,ADBE,False,256.24,0,0,0.24,-2.97,False,ACCELERATION_DECAY
2026-06-03T14:20:51.879258,ADSK,False,229.6,0,0,-7.95,-3.55,True,LOST_20_SMA
2026-06-03T14:20:52.223979,AMAT,False,500.77,0,0,21.9,-3.32,True,ACCELERATION_DECAY
2026-06-03T14:20:52.569620,AMD,False,542.52,0,0,52.71,0.01,False,ACCELERATION_DECAY
2026-06-03T14:20:52.931187,AMZN,False,250.02,0,0,-8.6,-2.89,True,LOST_20_SMA
2026-06-03T14:20:53.263791,ANET,False,174.37,0,0,2.44,0.87,False,ACCELERATION_DECAY
2026-06-03T14:20:53.620977,APO,False,124.35,0,0,-4.57,-4.23,True,LOST_20_SMA
2026-06-03T14:20:53.967036,APP,False,570.83,0,0,19.39,-8.11,True,ACCELERATION_DECAY
2026-06-03T14:20:54.330937,ARES,False,123.1,0,0,0.11,-6.8,True,LOST_20_SMA
2026-06-03T14:20:54.676118,ARM,False,411.83,0,0,97.2,-0.93,True,ACCELERATION_DECAY
2026-06-03T14:20:55.012295,ASML,False,1726.36,0,0,19.64,-3.38,True,ACCELERATION_DECAY
2026-06-03T14:20:55.347111,AXP,False,300.57,0,0,-4.87,-2.29,True,LOST_20_SMA
2026-06-03T14:20:55.688911,BA,False,210.58,0,0,-6.15,-4.52,True,LOST_20_SMA
2026-06-03T14:20:56.036614,BKNG,False,164.78,0,0,-1.7,-2.68,True,MOMENTUM_FAILURE
2026-06-03T14:20:56.380337,BLK,False,990.87,0,0,-5.53,-2.37,True,LOST_20_SMA
2026-06-03T14:20:56.722640,BSX,False,47.69,0,0,-14.81,1.32,True,LOST_20_SMA
2026-06-03T14:20:57.066079,BX,False,110.28,0,0,-10.14,-3.49,True,LOST_20_SMA
2026-06-03T14:20:57.426822,CAT,False,926.18,0,0,2.39,-1.62,True,ACCELERATION_DECAY
2026-06-03T14:20:57.767599,CAVA,False,71.33,0,0,-21.04,-2.26,True,LOST_20_SMA
2026-06-03T14:20:58.110595,CDNS,False,408.0,0,0,15.37,-3.76,True,ACCELERATION_DECAY
2026-06-03T14:20:58.443510,CELH,False,30.01,0,0,-10.47,-1.45,True,LOST_20_SMA
2026-06-03T14:20:58.782586,CME,False,252.64,0,0,-11.92,1.78,True,LOST_20_SMA
2026-06-03T14:20:59.118443,CMG,False,28.74,0,0,-11.05,-2.54,True,LOST_20_SMA
2026-06-03T14:20:59.456395,COIN,False,163.22,0,0,-17.46,-3.18,True,LOST_20_SMA
2026-06-03T14:20:59.801285,COP,False,119.05,0,0,-3.46,2.97,True,MOMENTUM_FAILURE
2026-06-03T14:21:00.132135,COST,False,961.83,0,0,-5.37,0.41,True,LOST_20_SMA
2026-06-03T14:21:00.477736,CRM,False,190.61,0,0,1.94,-6.35,True,ACCELERATION_DECAY
2026-06-03T14:21:00.822155,CRWD,False,747.61,0,0,56.89,-6.99,True,ACCELERATION_DECAY
2026-06-03T14:21:01.165109,CVX,False,189.71,0,0,-1.52,0.94,True,MOMENTUM_FAILURE
2026-06-03T14:21:01.506484,DDOG,False,250.33,0,0,71.78,-11.69,True,ACCELERATION_DECAY
2026-06-03T14:21:01.842309,DE,False,588.29,0,0,2.17,2.02,False,ACCELERATION_DECAY
2026-06-03T14:21:02.185708,DELL,False,421.08,0,0,94.66,-11.03,True,ACCELERATION_DECAY
2026-06-03T14:21:02.544034,DHR,False,178.08,0,0,1.98,0.79,False,ACCELERATION_DECAY
2026-06-03T14:21:02.888596,DUOL,False,107.4,0,0,3.24,3.49,True,LOST_20_SMA
2026-06-03T14:21:03.231525,EOG,False,141.5,0,0,0.48,2.62,False,ACCELERATION_DECAY
2026-06-03T14:21:03.577045,ETN,False,421.21,0,0,2.52,3.66,False,ACCELERATION_DECAY
2026-06-03T14:21:03.920233,FCX,False,70.64,0,0,22.47,-6.59,True,ACCELERATION_DECAY
2026-06-03T14:21:04.283927,FICO,False,1174.66,0,0,10.17,-7.91,True,ACCELERATION_DECAY
2026-06-03T14:21:04.668127,FTNT,False,146.48,0,0,62.9,-3.91,True,ACCELERATION_DECAY
2026-06-03T14:21:05.035497,GD,False,337.04,0,0,-3.47,-0.19,True,LOST_20_SMA
2026-06-03T14:21:05.377347,GE,False,314.64,0,0,9.75,-3.51,True,ACCELERATION_DECAY
2026-06-03T14:21:05.718700,GOOG,False,355.68,0,0,-7.44,-1.84,True,LOST_20_SMA
2026-06-03T14:21:06.058095,GOOGL,False,358.99,0,0,-7.58,-2.0,True,LOST_20_SMA
2026-06-03T14:21:06.410581,GS,False,1041.02,0,0,13.29,-4.57,True,ACCELERATION_DECAY
2026-06-03T14:21:06.788675,HD,False,312.97,0,0,-0.78,-0.49,True,MOMENTUM_FAILURE
2026-06-03T14:21:07.140344,HIMS,False,27.51,0,0,4.48,3.6,False,ACCELERATION_DECAY
2026-06-03T14:21:07.519463,HON,False,223.26,0,0,6.79,-5.44,True,ACCELERATION_DECAY
2026-06-03T14:21:07.852792,HOOD,False,82.85,0,0,7.56,-7.61,True,ACCELERATION_DECAY
2026-06-03T14:21:08.200039,ICE,False,138.45,0,0,-10.84,-1.85,True,LOST_20_SMA
2026-06-03T14:21:08.549857,INTC,False,112.71,0,0,4.22,-8.47,True,LOST_20_SMA
2026-06-03T14:21:08.909403,INTU,False,311.44,0,0,-21.81,-0.96,True,LOST_20_SMA
2026-06-03T14:21:09.250446,ISRG,False,407.29,0,0,-9.77,1.3,True,LOST_20_SMA
2026-06-03T14:21:09.587522,JPM,False,300.85,0,0,-2.76,-0.59,True,MOMENTUM_FAILURE
2026-06-03T14:21:09.894521,KKR,False,90.53,0,0,-11.25,-2.65,True,LOST_20_SMA
2026-06-03T14:21:10.235978,KLAC,False,2125.11,0,0,22.63,3.26,False,ACCELERATION_DECAY
2026-06-03T14:21:10.591784,LIN,False,507.57,0,0,1.46,0.98,False,ACCELERATION_DECAY
2026-06-03T14:21:10.996295,LLY,False,1078.78,0,0,9.09,-0.85,False,ACCELERATION_DECAY
2026-06-03T14:21:11.347556,LMT,False,512.03,0,0,0.61,1.52,True,LOST_20_SMA
2026-06-03T14:21:11.704267,LRCX,False,343.71,0,0,24.62,-4.71,True,ACCELERATION_DECAY
2026-06-03T14:21:12.045331,LULU,False,126.03,0,0,-3.21,-1.26,True,MOMENTUM_FAILURE
2026-06-03T14:21:12.392294,MA,False,471.55,0,0,-5.14,0.23,True,LOST_20_SMA
2026-06-03T14:21:12.747544,MCD,False,273.29,0,0,-4.17,-1.44,True,LOST_20_SMA
2026-06-03T14:21:13.148038,MCO,False,448.39,0,0,-1.36,-2.25,True,MOMENTUM_FAILURE
2026-06-03T14:21:13.504958,MDB,False,368.32,0,0,38.11,-12.43,True,ACCELERATION_DECAY
2026-06-03T14:21:13.846352,META,False,622.98,0,0,2.98,5.07,False,ACCELERATION_DECAY
2026-06-03T14:21:14.190496,MPC,False,267.21,0,0,2.57,-1.59,True,ACCELERATION_DECAY
2026-06-03T14:21:14.531616,MS,False,210.14,0,0,11.04,-3.31,True,ACCELERATION_DECAY
2026-06-03T14:21:14.879370,MSFT,False,427.34,0,0,3.88,-2.81,True,ACCELERATION_DECAY
2026-06-03T14:21:15.225740,MU,False,1079.57,0,0,68.63,-15.97,True,ACCELERATION_DECAY
2026-06-03T14:21:15.570726,NET,False,265.33,0,0,8.55,-13.08,True,ACCELERATION_DECAY
2026-06-03T14:21:15.914019,NFLX,False,81.52,0,0,-7.25,1.2,True,LOST_20_SMA
2026-06-03T14:21:16.264943,NOC,False,526.06,0,0,-5.83,-0.46,True,LOST_20_SMA
2026-06-03T14:21:16.608631,NOW,False,117.9,0,0,28.14,-10.66,True,ACCELERATION_DECAY
2026-06-03T14:21:17.000159,NUE,False,257.73,0,0,11.06,-3.4,True,ACCELERATION_DECAY
2026-06-03T14:21:17.358628,NVDA,False,214.75,0,0,9.29,-2.98,True,LOST_20_SMA
2026-06-03T14:21:17.701338,ODFL,False,236.06,0,0,20.39,1.19,False,ACCELERATION_DECAY
2026-06-03T14:21:18.054725,ORCL,False,230.33,0,0,24.27,-11.39,True,ACCELERATION_DECAY
2026-06-03T14:21:18.402200,PANW,False,280.43,0,0,52.42,-8.6,True,ACCELERATION_DECAY
2026-06-03T14:21:18.774842,PH,False,850.76,0,0,-2.51,1.11,True,LOST_20_SMA
2026-06-03T14:21:19.152966,PLTR,False,142.2,0,0,4.63,0.42,False,ACCELERATION_DECAY
2026-06-03T14:21:19.496126,PWR,False,715.67,0,0,-7.25,-0.48,True,LOST_20_SMA
2026-06-03T14:21:19.833548,PYPL,False,42.61,0,0,-8.35,3.28,True,LOST_20_SMA
2026-06-03T14:21:20.196156,QCOM,False,250.01,0,0,34.02,-9.02,True,ACCELERATION_DECAY
2026-06-03T14:21:20.544805,RBLX,False,43.68,0,0,-0.82,4.59,True,LOST_20_SMA
2026-06-03T14:21:20.882327,REGN,False,618.95,0,0,-11.86,3.12,True,LOST_20_SMA
2026-06-03T14:21:21.266973,RKLB,False,114.7,0,0,45.63,-7.92,True,LOST_20_SMA
2026-06-03T14:21:21.632841,RTX,False,172.55,0,0,-0.19,-0.97,True,LOST_20_SMA
2026-06-03T14:21:21.976617,SCHW,False,86.59,0,0,-6.29,-2.06,True,LOST_20_SMA
2026-06-03T14:21:22.321981,SHOP,False,112.94,0,0,4.93,13.2,False,ACCELERATION_DECAY
2026-06-03T14:21:22.658990,SLB,False,56.85,0,0,1.52,-0.15,True,ACCELERATION_DECAY
2026-06-03T14:21:23.028829,SNOW,False,241.28,0,0,70.26,-10.82,True,ACCELERATION_DECAY
2026-06-03T14:21:23.365398,SNPS,False,498.02,0,0,-0.89,-3.07,True,LOST_20_SMA
2026-06-03T14:21:23.728160,SOFI,False,16.68,0,0,4.12,-5.39,True,ACCELERATION_DECAY
2026-06-03T14:21:24.085473,SPGI,False,412.29,0,0,-2.73,-1.02,True,LOST_20_SMA
2026-06-03T14:21:24.449752,SYK,False,295.0,0,0,-0.08,-0.92,True,LOST_20_SMA
2026-06-03T14:21:24.786893,TMO,False,473.95,0,0,1.54,-2.67,True,ACCELERATION_DECAY
2026-06-03T14:21:25.126193,TSLA,False,423.7,0,0,8.82,0.86,False,ACCELERATION_DECAY
2026-06-03T14:21:25.472923,TT,False,465.84,0,0,-2.43,3.24,True,MOMENTUM_FAILURE
2026-06-03T14:21:25.811029,TTWO,False,215.8,0,0,-3.28,-2.03,True,LOST_20_SMA
2026-06-03T14:21:26.184766,UBER,False,71.69,0,0,-1.73,1.4,True,LOST_20_SMA
2026-06-03T14:21:26.523929,UNH,False,377.0,0,0,3.61,1.67,True,LOST_20_SMA
2026-06-03T14:21:26.866449,URI,False,1056.58,0,0,13.13,5.61,False,ACCELERATION_DECAY
2026-06-03T14:21:27.219075,V,False,312.4,0,0,-2.99,-0.07,True,LOST_20_SMA
2026-06-03T14:21:27.567464,VLO,False,261.45,0,0,3.16,0.52,False,ACCELERATION_DECAY
2026-06-03T14:21:27.936534,VRSN,False,297.08,0,0,7.73,-0.76,True,ACCELERATION_DECAY
2026-06-03T14:21:28.278852,VRTX,False,428.34,0,0,0.94,2.05,True,LOST_20_SMA
2026-06-03T14:21:28.727636,WMT,False,116.89,0,0,-10.63,2.62,True,LOST_20_SMA
2026-06-03T14:21:29.067197,XOM,False,152.53,0,0,-1.52,1.17,True,MOMENTUM_FAILURE
2026-06-03T14:21:29.408554,ZS,False,134.37,0,0,-4.94,-6.32,True,LOST_20_SMA
2026-06-03T14:26:30.199088,AAPL,False,310.26,0,0,9.18,-4.68,True,ACCELERATION_DECAY
2026-06-03T14:26:30.539664,ABBV,False,217.13,0,0,5.35,1.87,False,ACCELERATION_DECAY
2026-06-03T14:26:30.897333,ABNB,False,133.59,0,0,-4.39,-1.15,True,LOST_20_SMA
2026-06-03T14:26:31.240991,ADBE,False,256.24,0,0,0.24,-2.97,False,ACCELERATION_DECAY
2026-06-03T14:26:31.581865,ADSK,False,229.6,0,0,-7.95,-3.55,True,LOST_20_SMA
2026-06-03T14:26:31.924233,AMAT,False,500.77,0,0,21.9,-3.32,True,ACCELERATION_DECAY
2026-06-03T14:26:32.259155,AMD,False,542.52,0,0,52.71,0.01,False,ACCELERATION_DECAY
2026-06-03T14:26:32.597927,AMZN,False,250.02,0,0,-8.6,-2.89,True,LOST_20_SMA
2026-06-03T14:26:32.939473,ANET,False,174.37,0,0,2.44,0.87,False,ACCELERATION_DECAY
2026-06-03T14:26:33.288019,APO,False,124.35,0,0,-4.57,-4.23,True,LOST_20_SMA
2026-06-03T14:26:33.638357,APP,False,570.83,0,0,19.39,-8.11,True,ACCELERATION_DECAY
2026-06-03T14:26:33.977557,ARES,False,123.1,0,0,0.11,-6.8,True,LOST_20_SMA
2026-06-03T14:26:34.316360,ARM,False,411.83,0,0,97.2,-0.93,True,ACCELERATION_DECAY
2026-06-03T14:26:34.661372,ASML,False,1726.36,0,0,19.64,-3.38,True,ACCELERATION_DECAY
2026-06-03T14:26:35.006060,AXP,False,300.57,0,0,-4.87,-2.29,True,LOST_20_SMA
2026-06-03T14:26:35.356409,BA,False,210.58,0,0,-6.15,-4.52,True,LOST_20_SMA
2026-06-03T14:26:35.701801,BKNG,False,164.78,0,0,-1.7,-2.68,True,MOMENTUM_FAILURE
2026-06-03T14:26:36.045411,BLK,False,990.87,0,0,-5.53,-2.37,True,LOST_20_SMA
2026-06-03T14:26:36.390828,BSX,False,47.69,0,0,-14.81,1.32,True,LOST_20_SMA
2026-06-03T14:26:36.737727,BX,False,110.28,0,0,-10.14,-3.49,True,LOST_20_SMA
2026-06-03T14:26:37.086170,CAT,False,926.18,0,0,2.39,-1.62,True,ACCELERATION_DECAY
2026-06-03T14:26:37.447526,CAVA,False,71.33,0,0,-21.04,-2.26,True,LOST_20_SMA
2026-06-03T14:26:37.796950,CDNS,False,408.0,0,0,15.37,-3.76,True,ACCELERATION_DECAY
2026-06-03T14:26:38.143491,CELH,False,30.01,0,0,-10.47,-1.45,True,LOST_20_SMA
2026-06-03T14:26:38.490604,CME,False,252.64,0,0,-11.92,1.78,True,LOST_20_SMA
2026-06-03T14:26:38.834392,CMG,False,28.74,0,0,-11.05,-2.54,True,LOST_20_SMA
2026-06-03T14:26:39.175069,COIN,False,163.22,0,0,-17.46,-3.18,True,LOST_20_SMA
2026-06-03T14:26:39.522848,COP,False,119.05,0,0,-3.46,2.97,True,MOMENTUM_FAILURE
2026-06-03T14:26:39.871336,COST,False,961.83,0,0,-5.37,0.41,True,LOST_20_SMA
2026-06-03T14:26:40.213317,CRM,False,190.61,0,0,1.94,-6.35,True,ACCELERATION_DECAY
2026-06-03T14:26:40.554302,CRWD,False,747.61,0,0,56.89,-6.99,True,ACCELERATION_DECAY
2026-06-03T14:26:40.893710,CVX,False,189.71,0,0,-1.52,0.94,True,MOMENTUM_FAILURE
2026-06-03T14:26:41.234687,DDOG,False,250.33,0,0,71.78,-11.69,True,ACCELERATION_DECAY
2026-06-03T14:26:41.579625,DE,False,588.29,0,0,2.17,2.02,False,ACCELERATION_DECAY
2026-06-03T14:26:41.926708,DELL,False,421.08,0,0,94.66,-11.03,True,ACCELERATION_DECAY
2026-06-03T14:26:42.280248,DHR,False,178.08,0,0,1.98,0.79,False,ACCELERATION_DECAY
2026-06-03T14:26:42.621170,DUOL,False,107.4,0,0,3.24,3.49,True,LOST_20_SMA
2026-06-03T14:26:42.974348,EOG,False,141.5,0,0,0.48,2.62,False,ACCELERATION_DECAY
2026-06-03T14:26:43.311722,ETN,False,421.21,0,0,2.52,3.66,False,ACCELERATION_DECAY
2026-06-03T14:26:43.656486,FCX,False,70.64,0,0,22.47,-6.59,True,ACCELERATION_DECAY
2026-06-03T14:26:44.014737,FICO,False,1174.66,0,0,10.17,-7.91,True,ACCELERATION_DECAY
2026-06-03T14:26:44.365094,FTNT,False,146.48,0,0,62.9,-3.91,True,ACCELERATION_DECAY
2026-06-03T14:26:44.709559,GD,False,337.04,0,0,-3.47,-0.19,True,LOST_20_SMA
2026-06-03T14:26:45.058133,GE,False,314.64,0,0,9.75,-3.51,True,ACCELERATION_DECAY
2026-06-03T14:26:45.408355,GOOG,False,355.68,0,0,-7.44,-1.84,True,LOST_20_SMA
2026-06-03T14:26:45.767396,GOOGL,False,358.99,0,0,-7.58,-2.0,True,LOST_20_SMA
2026-06-03T14:26:46.112794,GS,False,1041.02,0,0,13.29,-4.57,True,ACCELERATION_DECAY
2026-06-03T14:26:46.453898,HD,False,312.97,0,0,-0.78,-0.49,True,MOMENTUM_FAILURE
2026-06-03T14:26:46.789692,HIMS,False,27.51,0,0,4.48,3.6,False,ACCELERATION_DECAY
2026-06-03T14:26:47.133472,HON,False,223.26,0,0,6.79,-5.44,True,ACCELERATION_DECAY
2026-06-03T14:26:47.474809,HOOD,False,82.85,0,0,7.56,-7.61,True,ACCELERATION_DECAY
2026-06-03T14:26:47.816901,ICE,False,138.45,0,0,-10.84,-1.85,True,LOST_20_SMA
2026-06-03T14:26:48.163557,INTC,False,112.71,0,0,4.22,-8.47,True,LOST_20_SMA
2026-06-03T14:26:48.508422,INTU,False,311.44,0,0,-21.81,-0.96,True,LOST_20_SMA
2026-06-03T14:26:48.848930,ISRG,False,407.29,0,0,-9.77,1.3,True,LOST_20_SMA
2026-06-03T14:26:49.193696,JPM,False,300.85,0,0,-2.76,-0.59,True,MOMENTUM_FAILURE
2026-06-03T14:26:49.537497,KKR,False,90.53,0,0,-11.25,-2.65,True,LOST_20_SMA
2026-06-03T14:26:49.889344,KLAC,False,2125.11,0,0,22.63,3.26,False,ACCELERATION_DECAY
2026-06-03T14:26:50.226789,LIN,False,507.57,0,0,1.46,0.98,False,ACCELERATION_DECAY
2026-06-03T14:26:50.564934,LLY,False,1078.78,0,0,9.09,-0.85,False,ACCELERATION_DECAY
2026-06-03T14:26:50.905966,LMT,False,512.03,0,0,0.61,1.52,True,LOST_20_SMA
2026-06-03T14:26:51.251659,LRCX,False,343.71,0,0,24.62,-4.71,True,ACCELERATION_DECAY
2026-06-03T14:26:51.611441,LULU,False,126.03,0,0,-3.21,-1.26,True,MOMENTUM_FAILURE
2026-06-03T14:26:51.948516,MA,False,471.55,0,0,-5.14,0.23,True,LOST_20_SMA
2026-06-03T14:26:52.291077,MCD,False,273.29,0,0,-4.17,-1.44,True,LOST_20_SMA
2026-06-03T14:26:52.639038,MCO,False,448.39,0,0,-1.36,-2.25,True,MOMENTUM_FAILURE
2026-06-03T14:26:52.994919,MDB,False,368.32,0,0,38.11,-12.43,True,ACCELERATION_DECAY
2026-06-03T14:26:53.335314,META,False,622.98,0,0,2.98,5.07,False,ACCELERATION_DECAY
2026-06-03T14:26:53.676072,MPC,False,267.21,0,0,2.57,-1.59,True,ACCELERATION_DECAY
2026-06-03T14:26:54.019279,MS,False,210.14,0,0,11.04,-3.31,True,ACCELERATION_DECAY
2026-06-03T14:26:54.363754,MSFT,False,427.34,0,0,3.88,-2.81,True,ACCELERATION_DECAY
2026-06-03T14:26:54.713739,MU,False,1079.57,0,0,68.63,-15.97,True,ACCELERATION_DECAY
2026-06-03T14:26:55.060135,NET,False,265.33,0,0,8.55,-13.08,True,ACCELERATION_DECAY
2026-06-03T14:26:55.396324,NFLX,False,81.52,0,0,-7.25,1.2,True,LOST_20_SMA
2026-06-03T14:26:55.756043,NOC,False,526.06,0,0,-5.83,-0.46,True,LOST_20_SMA
2026-06-03T14:26:56.094137,NOW,False,117.9,0,0,28.14,-10.66,True,ACCELERATION_DECAY
2026-06-03T14:26:56.432222,NUE,False,257.73,0,0,11.06,-3.4,True,ACCELERATION_DECAY
2026-06-03T14:26:56.771315,NVDA,False,214.75,0,0,9.29,-2.98,True,LOST_20_SMA
2026-06-03T14:26:57.114120,ODFL,False,236.06,0,0,20.39,1.19,False,ACCELERATION_DECAY
2026-06-03T14:26:57.452560,ORCL,False,230.33,0,0,24.27,-11.39,True,ACCELERATION_DECAY
2026-06-03T14:26:57.792569,PANW,False,280.43,0,0,52.42,-8.6,True,ACCELERATION_DECAY
2026-06-03T14:26:58.138718,PH,False,850.76,0,0,-2.51,1.11,True,LOST_20_SMA
2026-06-03T14:26:58.479829,PLTR,False,142.2,0,0,4.63,0.42,False,ACCELERATION_DECAY
2026-06-03T14:26:58.822244,PWR,False,715.67,0,0,-7.25,-0.48,True,LOST_20_SMA
2026-06-03T14:26:59.165449,PYPL,False,42.61,0,0,-8.35,3.28,True,LOST_20_SMA
2026-06-03T14:26:59.524561,QCOM,False,250.01,0,0,34.02,-9.02,True,ACCELERATION_DECAY
2026-06-03T14:26:59.876576,RBLX,False,43.68,0,0,-0.82,4.59,True,LOST_20_SMA
2026-06-03T14:27:00.211904,REGN,False,618.95,0,0,-11.86,3.12,True,LOST_20_SMA
2026-06-03T14:27:00.559501,RKLB,False,114.7,0,0,45.63,-7.92,True,LOST_20_SMA
2026-06-03T14:27:00.902990,RTX,False,172.55,0,0,-0.19,-0.97,True,LOST_20_SMA
2026-06-03T14:27:01.240978,SCHW,False,86.59,0,0,-6.29,-2.06,True,LOST_20_SMA
2026-06-03T14:27:01.575876,SHOP,False,112.94,0,0,4.93,13.2,False,ACCELERATION_DECAY
2026-06-03T14:27:01.920517,SLB,False,56.85,0,0,1.52,-0.15,True,ACCELERATION_DECAY
2026-06-03T14:27:02.260698,SNOW,False,241.28,0,0,70.26,-10.82,True,ACCELERATION_DECAY
2026-06-03T14:27:02.598848,SNPS,False,498.02,0,0,-0.89,-3.07,True,LOST_20_SMA
2026-06-03T14:27:02.970756,SOFI,False,16.68,0,0,4.12,-5.39,True,ACCELERATION_DECAY
2026-06-03T14:27:03.313684,SPGI,False,412.29,0,0,-2.73,-1.02,True,LOST_20_SMA
2026-06-03T14:27:03.658732,SYK,False,295.0,0,0,-0.08,-0.92,True,LOST_20_SMA
2026-06-03T14:27:03.998933,TMO,False,473.95,0,0,1.54,-2.67,True,ACCELERATION_DECAY
2026-06-03T14:27:04.333707,TSLA,False,423.7,0,0,8.82,0.86,False,ACCELERATION_DECAY
2026-06-03T14:27:04.685300,TT,False,465.84,0,0,-2.43,3.24,True,MOMENTUM_FAILURE
2026-06-03T14:27:05.028172,TTWO,False,215.8,0,0,-3.28,-2.03,True,LOST_20_SMA
2026-06-03T14:27:05.368804,UBER,False,71.69,0,0,-1.73,1.4,True,LOST_20_SMA
2026-06-03T14:27:05.717204,UNH,False,377.0,0,0,3.61,1.67,True,LOST_20_SMA
2026-06-03T14:27:06.060896,URI,False,1056.58,0,0,13.13,5.61,False,ACCELERATION_DECAY
2026-06-03T14:27:06.408753,V,False,312.4,0,0,-2.99,-0.07,True,LOST_20_SMA
2026-06-03T14:27:06.757522,VLO,False,261.45,0,0,3.16,0.52,False,ACCELERATION_DECAY
2026-06-03T14:27:07.115412,VRSN,False,297.08,0,0,7.73,-0.76,True,ACCELERATION_DECAY
2026-06-03T14:27:07.455875,VRTX,False,428.34,0,0,0.94,2.05,True,LOST_20_SMA
2026-06-03T14:27:07.880714,WMT,False,116.89,0,0,-10.63,2.62,True,LOST_20_SMA
2026-06-03T14:27:08.293497,XOM,False,152.53,0,0,-1.52,1.17,True,MOMENTUM_FAILURE
2026-06-03T14:27:08.628239,ZS,False,134.37,0,0,-4.94,-6.32,True,LOST_20_SMA
2026-06-03T14:32:09.097073,AAPL,False,310.26,0,0,9.18,-4.68,True,ACCELERATION_DECAY
2026-06-03T14:32:09.436753,ABBV,False,217.13,0,0,5.35,1.87,False,ACCELERATION_DECAY
2026-06-03T14:32:09.770158,ABNB,False,133.59,0,0,-4.39,-1.15,True,LOST_20_SMA
2026-06-03T14:32:10.178571,ADBE,False,256.24,0,0,0.24,-2.97,False,ACCELERATION_DECAY
2026-06-03T14:32:10.520301,ADSK,False,229.6,0,0,-7.95,-3.55,True,LOST_20_SMA
2026-06-03T14:32:10.865379,AMAT,False,500.77,0,0,21.9,-3.32,True,ACCELERATION_DECAY
2026-06-03T14:32:11.209350,AMD,False,542.52,0,0,52.71,0.01,False,ACCELERATION_DECAY
2026-06-03T14:32:11.543694,AMZN,False,250.02,0,0,-8.6,-2.89,True,LOST_20_SMA
2026-06-03T14:32:11.894783,ANET,False,174.37,0,0,2.44,0.87,False,ACCELERATION_DECAY
2026-06-03T14:32:12.237605,APO,False,124.35,0,0,-4.57,-4.23,True,LOST_20_SMA
2026-06-03T14:32:12.572331,APP,False,570.83,0,0,19.39,-8.11,True,ACCELERATION_DECAY
2026-06-03T14:32:12.913121,ARES,False,123.1,0,0,0.11,-6.8,True,LOST_20_SMA
2026-06-03T14:32:13.251173,ARM,False,411.83,0,0,97.2,-0.93,True,ACCELERATION_DECAY
2026-06-03T14:32:13.601243,ASML,False,1726.36,0,0,19.64,-3.38,True,ACCELERATION_DECAY
2026-06-03T14:32:13.937435,AXP,False,300.57,0,0,-4.87,-2.29,True,LOST_20_SMA
2026-06-03T14:32:14.275797,BA,False,210.58,0,0,-6.15,-4.52,True,LOST_20_SMA
2026-06-03T14:32:14.607417,BKNG,False,164.78,0,0,-1.7,-2.68,True,MOMENTUM_FAILURE
2026-06-03T14:32:14.954369,BLK,False,990.87,0,0,-5.53,-2.37,True,LOST_20_SMA
2026-06-03T14:32:15.297634,BSX,False,47.69,0,0,-14.81,1.32,True,LOST_20_SMA
2026-06-03T14:32:15.647175,BX,False,110.28,0,0,-10.14,-3.49,True,LOST_20_SMA
2026-06-03T14:32:15.999967,CAT,False,926.18,0,0,2.39,-1.62,True,ACCELERATION_DECAY
2026-06-03T14:32:16.335914,CAVA,False,71.33,0,0,-21.04,-2.26,True,LOST_20_SMA
2026-06-03T14:32:16.679065,CDNS,False,408.0,0,0,15.37,-3.76,True,ACCELERATION_DECAY
2026-06-03T14:32:17.016990,CELH,False,30.01,0,0,-10.47,-1.45,True,LOST_20_SMA
2026-06-03T14:32:17.358287,CME,False,252.64,0,0,-11.92,1.78,True,LOST_20_SMA
2026-06-03T14:32:17.716441,CMG,False,28.74,0,0,-11.05,-2.54,True,LOST_20_SMA
2026-06-03T14:32:18.060983,COIN,False,163.22,0,0,-17.46,-3.18,True,LOST_20_SMA
2026-06-03T14:32:18.397149,COP,False,119.05,0,0,-3.46,2.97,True,MOMENTUM_FAILURE
2026-06-03T14:32:18.737000,COST,False,961.83,0,0,-5.37,0.41,True,LOST_20_SMA
2026-06-03T14:32:19.077784,CRM,False,190.61,0,0,1.94,-6.35,True,ACCELERATION_DECAY
2026-06-03T14:32:19.419796,CRWD,False,747.61,0,0,56.89,-6.99,True,ACCELERATION_DECAY
2026-06-03T14:32:19.769390,CVX,False,189.71,0,0,-1.52,0.94,True,MOMENTUM_FAILURE
2026-06-03T14:32:20.163857,DDOG,False,250.33,0,0,71.78,-11.69,True,ACCELERATION_DECAY
2026-06-03T14:32:20.508496,DE,False,588.29,0,0,2.17,2.02,False,ACCELERATION_DECAY
2026-06-03T14:32:20.858396,DELL,False,421.08,0,0,94.66,-11.03,True,ACCELERATION_DECAY
2026-06-03T14:32:21.210897,DHR,False,178.08,0,0,1.98,0.79,False,ACCELERATION_DECAY
2026-06-03T14:32:21.549773,DUOL,False,107.4,0,0,3.24,3.49,True,LOST_20_SMA
2026-06-03T14:32:21.901154,EOG,False,141.5,0,0,0.48,2.62,False,ACCELERATION_DECAY
2026-06-03T14:32:22.247079,ETN,False,421.21,0,0,2.52,3.66,False,ACCELERATION_DECAY
2026-06-03T14:32:22.583501,FCX,False,70.64,0,0,22.47,-6.59,True,ACCELERATION_DECAY
2026-06-03T14:32:22.927348,FICO,False,1174.66,0,0,10.17,-7.91,True,ACCELERATION_DECAY
2026-06-03T14:32:23.275229,FTNT,False,146.48,0,0,62.9,-3.91,True,ACCELERATION_DECAY
2026-06-03T14:32:23.620071,GD,False,337.04,0,0,-3.47,-0.19,True,LOST_20_SMA
2026-06-03T14:32:23.961876,GE,False,314.64,0,0,9.75,-3.51,True,ACCELERATION_DECAY
2026-06-03T14:32:24.298899,GOOG,False,355.68,0,0,-7.44,-1.84,True,LOST_20_SMA
2026-06-03T14:32:24.638107,GOOGL,False,358.99,0,0,-7.58,-2.0,True,LOST_20_SMA
2026-06-03T14:32:24.977959,GS,False,1041.02,0,0,13.29,-4.57,True,ACCELERATION_DECAY
2026-06-03T14:32:25.324031,HD,False,312.97,0,0,-0.78,-0.49,True,MOMENTUM_FAILURE
2026-06-03T14:32:25.661676,HIMS,False,27.51,0,0,4.48,3.6,False,ACCELERATION_DECAY
2026-06-03T14:32:26.001578,HON,False,223.26,0,0,6.79,-5.44,True,ACCELERATION_DECAY
2026-06-03T14:32:26.345592,HOOD,False,82.85,0,0,7.56,-7.61,True,ACCELERATION_DECAY
2026-06-03T14:32:26.688451,ICE,False,138.45,0,0,-10.84,-1.85,True,LOST_20_SMA
2026-06-03T14:32:27.024388,INTC,False,112.71,0,0,4.22,-8.47,True,LOST_20_SMA
2026-06-03T14:32:27.417469,INTU,False,311.44,0,0,-21.81,-0.96,True,LOST_20_SMA
2026-06-03T14:32:27.765486,ISRG,False,407.29,0,0,-9.77,1.3,True,LOST_20_SMA
2026-06-03T14:32:28.117622,JPM,False,300.85,0,0,-2.76,-0.59,True,MOMENTUM_FAILURE
2026-06-03T14:32:28.458586,KKR,False,90.53,0,0,-11.25,-2.65,True,LOST_20_SMA
2026-06-03T14:32:28.803675,KLAC,False,2125.11,0,0,22.63,3.26,False,ACCELERATION_DECAY
2026-06-03T14:32:29.151096,LIN,False,507.57,0,0,1.46,0.98,False,ACCELERATION_DECAY
2026-06-03T14:32:29.486349,LLY,False,1078.78,0,0,9.09,-0.85,False,ACCELERATION_DECAY
2026-06-03T14:32:29.831645,LMT,False,512.03,0,0,0.61,1.52,True,LOST_20_SMA
2026-06-03T14:32:30.271115,LRCX,False,343.71,0,0,24.62,-4.71,True,ACCELERATION_DECAY
2026-06-03T14:32:30.613596,LULU,False,126.03,0,0,-3.21,-1.26,True,MOMENTUM_FAILURE
2026-06-03T14:32:30.957774,MA,False,471.55,0,0,-5.14,0.23,True,LOST_20_SMA
2026-06-03T14:32:31.318530,MCD,False,273.29,0,0,-4.17,-1.44,True,LOST_20_SMA
2026-06-03T14:32:31.661065,MCO,False,448.39,0,0,-1.36,-2.25,True,MOMENTUM_FAILURE
2026-06-03T14:32:32.003400,MDB,False,368.32,0,0,38.11,-12.43,True,ACCELERATION_DECAY
2026-06-03T14:32:32.348923,META,False,622.98,0,0,2.98,5.07,False,ACCELERATION_DECAY
2026-06-03T14:32:32.693591,MPC,False,267.21,0,0,2.57,-1.59,True,ACCELERATION_DECAY
2026-06-03T14:32:33.038961,MS,False,210.14,0,0,11.04,-3.31,True,ACCELERATION_DECAY
2026-06-03T14:32:33.386114,MSFT,False,427.34,0,0,3.88,-2.81,True,ACCELERATION_DECAY
2026-06-03T14:32:33.727976,MU,False,1079.57,0,0,68.63,-15.97,True,ACCELERATION_DECAY
2026-06-03T14:32:34.063783,NET,False,265.33,0,0,8.55,-13.08,True,ACCELERATION_DECAY
2026-06-03T14:32:34.397767,NFLX,False,81.52,0,0,-7.25,1.2,True,LOST_20_SMA
2026-06-03T14:32:34.739722,NOC,False,526.06,0,0,-5.83,-0.46,True,LOST_20_SMA
2026-06-03T14:32:35.074607,NOW,False,117.9,0,0,28.14,-10.66,True,ACCELERATION_DECAY
2026-06-03T14:32:35.429081,NUE,False,257.73,0,0,11.06,-3.4,True,ACCELERATION_DECAY
2026-06-03T14:32:35.765136,NVDA,False,214.75,0,0,9.29,-2.98,True,LOST_20_SMA
2026-06-03T14:32:36.104968,ODFL,False,236.06,0,0,20.39,1.19,False,ACCELERATION_DECAY
2026-06-03T14:32:36.447436,ORCL,False,230.33,0,0,24.27,-11.39,True,ACCELERATION_DECAY
2026-06-03T14:32:36.783050,PANW,False,280.43,0,0,52.42,-8.6,True,ACCELERATION_DECAY
2026-06-03T14:32:37.117816,PH,False,850.76,0,0,-2.51,1.11,True,LOST_20_SMA
2026-06-03T14:32:37.452412,PLTR,False,142.2,0,0,4.63,0.42,False,ACCELERATION_DECAY
2026-06-03T14:32:37.800117,PWR,False,715.67,0,0,-7.25,-0.48,True,LOST_20_SMA
2026-06-03T14:32:38.143909,PYPL,False,42.61,0,0,-8.35,3.28,True,LOST_20_SMA
2026-06-03T14:32:38.478245,QCOM,False,250.01,0,0,34.02,-9.02,True,ACCELERATION_DECAY
2026-06-03T14:32:38.811081,RBLX,False,43.68,0,0,-0.82,4.59,True,LOST_20_SMA
2026-06-03T14:32:39.144993,REGN,False,618.95,0,0,-11.86,3.12,True,LOST_20_SMA
2026-06-03T14:32:39.485403,RKLB,False,114.7,0,0,45.63,-7.92,True,LOST_20_SMA
2026-06-03T14:32:39.826586,RTX,False,172.55,0,0,-0.19,-0.97,True,LOST_20_SMA
2026-06-03T14:32:40.225145,SCHW,False,86.59,0,0,-6.29,-2.06,True,LOST_20_SMA
2026-06-03T14:32:40.562568,SHOP,False,112.94,0,0,4.93,13.2,False,ACCELERATION_DECAY
2026-06-03T14:32:40.895208,SLB,False,56.85,0,0,1.52,-0.15,True,ACCELERATION_DECAY
2026-06-03T14:32:41.235830,SNOW,False,241.28,0,0,70.26,-10.82,True,ACCELERATION_DECAY
2026-06-03T14:32:41.575223,SNPS,False,498.02,0,0,-0.89,-3.07,True,LOST_20_SMA
2026-06-03T14:32:41.911464,SOFI,False,16.68,0,0,4.12,-5.39,True,ACCELERATION_DECAY
2026-06-03T14:32:42.247908,SPGI,False,412.29,0,0,-2.73,-1.02,True,LOST_20_SMA
2026-06-03T14:32:42.590220,SYK,False,295.0,0,0,-0.08,-0.92,True,LOST_20_SMA
2026-06-03T14:32:42.939072,TMO,False,473.95,0,0,1.54,-2.67,True,ACCELERATION_DECAY
2026-06-03T14:32:43.320671,TSLA,False,423.7,0,0,8.82,0.86,False,ACCELERATION_DECAY
2026-06-03T14:32:43.655218,TT,False,465.84,0,0,-2.43,3.24,True,MOMENTUM_FAILURE
2026-06-03T14:32:44.006171,TTWO,False,215.8,0,0,-3.28,-2.03,True,LOST_20_SMA
2026-06-03T14:32:44.349190,UBER,False,71.69,0,0,-1.73,1.4,True,LOST_20_SMA
2026-06-03T14:32:44.691958,UNH,False,377.0,0,0,3.61,1.67,True,LOST_20_SMA
2026-06-03T14:32:45.021341,URI,False,1056.58,0,0,13.13,5.61,False,ACCELERATION_DECAY
2026-06-03T14:32:45.382856,V,False,312.4,0,0,-2.99,-0.07,True,LOST_20_SMA
2026-06-03T14:32:45.741774,VLO,False,261.45,0,0,3.16,0.52,False,ACCELERATION_DECAY
2026-06-03T14:32:46.092399,VRSN,False,297.08,0,0,7.73,-0.76,True,ACCELERATION_DECAY
2026-06-03T14:32:46.441785,VRTX,False,428.34,0,0,0.94,2.05,True,LOST_20_SMA
2026-06-03T14:32:46.887357,WMT,False,116.89,0,0,-10.63,2.62,True,LOST_20_SMA
2026-06-03T14:32:47.230183,XOM,False,152.53,0,0,-1.52,1.17,True,MOMENTUM_FAILURE
2026-06-03T14:32:47.573537,ZS,False,134.37,0,0,-4.94,-6.32,True,LOST_20_SMA
2026-06-03T14:37:48.070263,AAPL,False,310.26,0,0,9.18,-4.68,True,ACCELERATION_DECAY
2026-06-03T14:37:48.415666,ABBV,False,217.13,0,0,5.35,1.87,False,ACCELERATION_DECAY
2026-06-03T14:37:48.798833,ABNB,False,133.59,0,0,-4.39,-1.15,True,LOST_20_SMA
2026-06-03T14:37:49.143019,ADBE,False,256.24,0,0,0.24,-2.97,False,ACCELERATION_DECAY
2026-06-03T14:37:49.476842,ADSK,False,229.6,0,0,-7.95,-3.55,True,LOST_20_SMA
2026-06-03T14:37:49.820171,AMAT,False,500.77,0,0,21.9,-3.32,True,ACCELERATION_DECAY
2026-06-03T14:37:50.144693,AMD,False,542.52,0,0,52.71,0.01,False,ACCELERATION_DECAY
2026-06-03T14:37:50.498632,AMZN,False,250.02,0,0,-8.6,-2.89,True,LOST_20_SMA
2026-06-03T14:37:50.847558,ANET,False,174.37,0,0,2.44,0.87,False,ACCELERATION_DECAY
2026-06-03T14:37:51.188627,APO,False,124.35,0,0,-4.57,-4.23,True,LOST_20_SMA
2026-06-03T14:37:51.522647,APP,False,570.83,0,0,19.39,-8.11,True,ACCELERATION_DECAY
2026-06-03T14:37:51.861402,ARES,False,123.1,0,0,0.11,-6.8,True,LOST_20_SMA
2026-06-03T14:37:52.204253,ARM,False,411.83,0,0,97.2,-0.93,True,ACCELERATION_DECAY
2026-06-03T14:37:52.547002,ASML,False,1726.36,0,0,19.64,-3.38,True,ACCELERATION_DECAY
2026-06-03T14:37:52.892548,AXP,False,300.57,0,0,-4.87,-2.29,True,LOST_20_SMA
2026-06-03T14:37:53.234339,BA,False,210.58,0,0,-6.15,-4.52,True,LOST_20_SMA
2026-06-03T14:37:53.572813,BKNG,False,164.78,0,0,-1.7,-2.68,True,MOMENTUM_FAILURE
2026-06-03T14:37:53.913598,BLK,False,990.87,0,0,-5.53,-2.37,True,LOST_20_SMA
2026-06-03T14:37:54.257517,BSX,False,47.69,0,0,-14.81,1.32,True,LOST_20_SMA
2026-06-03T14:37:54.610074,BX,False,110.28,0,0,-10.14,-3.49,True,LOST_20_SMA
2026-06-03T14:37:54.951958,CAT,False,926.18,0,0,2.39,-1.62,True,ACCELERATION_DECAY
2026-06-03T14:37:55.288677,CAVA,False,71.33,0,0,-21.04,-2.26,True,LOST_20_SMA
2026-06-03T14:37:55.632955,CDNS,False,408.0,0,0,15.37,-3.76,True,ACCELERATION_DECAY
2026-06-03T14:37:55.969304,CELH,False,30.01,0,0,-10.47,-1.45,True,LOST_20_SMA
2026-06-03T14:37:56.326437,CME,False,252.64,0,0,-11.92,1.78,True,LOST_20_SMA
2026-06-03T14:37:56.655299,CMG,False,28.74,0,0,-11.05,-2.54,True,LOST_20_SMA
2026-06-03T14:37:56.991871,COIN,False,163.22,0,0,-17.46,-3.18,True,LOST_20_SMA
2026-06-03T14:37:57.335560,COP,False,119.05,0,0,-3.46,2.97,True,MOMENTUM_FAILURE
2026-06-03T14:37:57.671528,COST,False,961.83,0,0,-5.37,0.41,True,LOST_20_SMA
2026-06-03T14:37:58.012647,CRM,False,190.61,0,0,1.94,-6.35,True,ACCELERATION_DECAY
2026-06-03T14:37:58.345138,CRWD,False,747.61,0,0,56.89,-6.99,True,ACCELERATION_DECAY
2026-06-03T14:37:58.682715,CVX,False,189.71,0,0,-1.52,0.94,True,MOMENTUM_FAILURE
2026-06-03T14:37:59.022152,DDOG,False,250.33,0,0,71.78,-11.69,True,ACCELERATION_DECAY
2026-06-03T14:37:59.369734,DE,False,588.29,0,0,2.17,2.02,False,ACCELERATION_DECAY
2026-06-03T14:37:59.730264,DELL,False,421.08,0,0,94.66,-11.03,True,ACCELERATION_DECAY
2026-06-03T14:38:00.069554,DHR,False,178.08,0,0,1.98,0.79,False,ACCELERATION_DECAY
2026-06-03T14:38:00.408561,DUOL,False,107.4,0,0,3.24,3.49,True,LOST_20_SMA
2026-06-03T14:38:00.752321,EOG,False,141.5,0,0,0.48,2.62,False,ACCELERATION_DECAY
2026-06-03T14:38:01.095027,ETN,False,421.21,0,0,2.52,3.66,False,ACCELERATION_DECAY
2026-06-03T14:38:01.439020,FCX,False,70.64,0,0,22.47,-6.59,True,ACCELERATION_DECAY
2026-06-03T14:38:01.778156,FICO,False,1174.66,0,0,10.17,-7.91,True,ACCELERATION_DECAY
2026-06-03T14:38:02.117633,FTNT,False,146.48,0,0,62.9,-3.91,True,ACCELERATION_DECAY
2026-06-03T14:38:02.460043,GD,False,337.04,0,0,-3.47,-0.19,True,LOST_20_SMA
2026-06-03T14:38:02.799736,GE,False,314.64,0,0,9.75,-3.51,True,ACCELERATION_DECAY
2026-06-03T14:38:03.143365,GOOG,False,355.68,0,0,-7.44,-1.84,True,LOST_20_SMA
2026-06-03T14:38:03.484023,GOOGL,False,358.99,0,0,-7.58,-2.0,True,LOST_20_SMA
2026-06-03T14:38:03.835026,GS,False,1041.02,0,0,13.29,-4.57,True,ACCELERATION_DECAY
2026-06-03T14:38:04.177085,HD,False,312.97,0,0,-0.78,-0.49,True,MOMENTUM_FAILURE
2026-06-03T14:38:04.523038,HIMS,False,27.51,0,0,4.48,3.6,False,ACCELERATION_DECAY
2026-06-03T14:38:04.865287,HON,False,223.26,0,0,6.79,-5.44,True,ACCELERATION_DECAY
2026-06-03T14:38:05.215743,HOOD,False,82.85,0,0,7.56,-7.61,True,ACCELERATION_DECAY
2026-06-03T14:38:05.550320,ICE,False,138.45,0,0,-10.84,-1.85,True,LOST_20_SMA
2026-06-03T14:38:05.900281,INTC,False,112.71,0,0,4.22,-8.47,True,LOST_20_SMA
2026-06-03T14:38:06.236269,INTU,False,311.44,0,0,-21.81,-0.96,True,LOST_20_SMA
2026-06-03T14:38:06.574490,ISRG,False,407.29,0,0,-9.77,1.3,True,LOST_20_SMA
2026-06-03T14:38:06.919010,JPM,False,300.85,0,0,-2.76,-0.59,True,MOMENTUM_FAILURE
2026-06-03T14:38:07.264936,KKR,False,90.53,0,0,-11.25,-2.65,True,LOST_20_SMA
2026-06-03T14:38:07.610349,KLAC,False,2125.11,0,0,22.63,3.26,False,ACCELERATION_DECAY
2026-06-03T14:38:07.958224,LIN,False,507.57,0,0,1.46,0.98,False,ACCELERATION_DECAY
2026-06-03T14:38:08.293855,LLY,False,1078.78,0,0,9.09,-0.85,False,ACCELERATION_DECAY
2026-06-03T14:38:08.642446,LMT,False,512.03,0,0,0.61,1.52,True,LOST_20_SMA
2026-06-03T14:38:09.010513,LRCX,False,343.71,0,0,24.62,-4.71,True,ACCELERATION_DECAY
2026-06-03T14:38:09.354704,LULU,False,126.03,0,0,-3.21,-1.26,True,MOMENTUM_FAILURE
2026-06-03T14:38:09.697448,MA,False,471.55,0,0,-5.14,0.23,True,LOST_20_SMA
2026-06-03T14:38:10.042265,MCD,False,273.29,0,0,-4.17,-1.44,True,LOST_20_SMA
2026-06-03T14:38:10.380069,MCO,False,448.39,0,0,-1.36,-2.25,True,MOMENTUM_FAILURE
2026-06-03T14:38:10.720748,MDB,False,368.32,0,0,38.11,-12.43,True,ACCELERATION_DECAY
2026-06-03T14:38:11.061512,META,False,622.98,0,0,2.98,5.07,False,ACCELERATION_DECAY
2026-06-03T14:38:11.411458,MPC,False,267.21,0,0,2.57,-1.59,True,ACCELERATION_DECAY
2026-06-03T14:38:11.757141,MS,False,210.14,0,0,11.04,-3.31,True,ACCELERATION_DECAY
2026-06-03T14:38:12.114734,MSFT,False,427.34,0,0,3.88,-2.81,True,ACCELERATION_DECAY
2026-06-03T14:38:12.457864,MU,False,1079.57,0,0,68.63,-15.97,True,ACCELERATION_DECAY
2026-06-03T14:38:12.793663,NET,False,265.33,0,0,8.55,-13.08,True,ACCELERATION_DECAY
2026-06-03T14:38:13.137435,NFLX,False,81.52,0,0,-7.25,1.2,True,LOST_20_SMA
2026-06-03T14:38:13.485743,NOC,False,526.06,0,0,-5.83,-0.46,True,LOST_20_SMA
2026-06-03T14:38:13.820440,NOW,False,117.9,0,0,28.14,-10.66,True,ACCELERATION_DECAY
2026-06-03T14:38:14.158420,NUE,False,257.73,0,0,11.06,-3.4,True,ACCELERATION_DECAY
2026-06-03T14:38:14.493368,NVDA,False,214.75,0,0,9.29,-2.98,True,LOST_20_SMA
2026-06-03T14:38:14.834842,ODFL,False,236.06,0,0,20.39,1.19,False,ACCELERATION_DECAY
2026-06-03T14:38:15.172519,ORCL,False,230.33,0,0,24.27,-11.39,True,ACCELERATION_DECAY
2026-06-03T14:38:15.541313,PANW,False,280.43,0,0,52.42,-8.6,True,ACCELERATION_DECAY
2026-06-03T14:38:15.893360,PH,False,850.76,0,0,-2.51,1.11,True,LOST_20_SMA
2026-06-03T14:38:16.234314,PLTR,False,142.2,0,0,4.63,0.42,False,ACCELERATION_DECAY
2026-06-03T14:38:16.588376,PWR,False,715.67,0,0,-7.25,-0.48,True,LOST_20_SMA
2026-06-03T14:38:16.920243,PYPL,False,42.61,0,0,-8.35,3.28,True,LOST_20_SMA
2026-06-03T14:38:17.259639,QCOM,False,250.01,0,0,34.02,-9.02,True,ACCELERATION_DECAY
2026-06-03T14:38:17.605754,RBLX,False,43.68,0,0,-0.82,4.59,True,LOST_20_SMA
2026-06-03T14:38:18.096059,REGN,False,618.95,0,0,-11.86,3.12,True,LOST_20_SMA
2026-06-03T14:38:18.432158,RKLB,False,114.7,0,0,45.63,-7.92,True,LOST_20_SMA
2026-06-03T14:38:18.780270,RTX,False,172.55,0,0,-0.19,-0.97,True,LOST_20_SMA
2026-06-03T14:38:19.120948,SCHW,False,86.59,0,0,-6.29,-2.06,True,LOST_20_SMA
2026-06-03T14:38:19.455200,SHOP,False,112.94,0,0,4.93,13.2,False,ACCELERATION_DECAY
2026-06-03T14:38:19.803376,SLB,False,56.85,0,0,1.52,-0.15,True,ACCELERATION_DECAY
2026-06-03T14:38:20.145191,SNOW,False,241.28,0,0,70.26,-10.82,True,ACCELERATION_DECAY
2026-06-03T14:38:20.484565,SNPS,False,498.02,0,0,-0.89,-3.07,True,LOST_20_SMA
2026-06-03T14:38:20.819229,SOFI,False,16.68,0,0,4.12,-5.39,True,ACCELERATION_DECAY
2026-06-03T14:38:21.157020,SPGI,False,412.29,0,0,-2.73,-1.02,True,LOST_20_SMA
2026-06-03T14:38:21.500652,SYK,False,295.0,0,0,-0.08,-0.92,True,LOST_20_SMA
2026-06-03T14:38:21.840978,TMO,False,473.95,0,0,1.54,-2.67,True,ACCELERATION_DECAY
2026-06-03T14:38:22.192354,TSLA,False,423.7,0,0,8.82,0.86,False,ACCELERATION_DECAY
2026-06-03T14:38:22.532812,TT,False,465.84,0,0,-2.43,3.24,True,MOMENTUM_FAILURE
2026-06-03T14:38:22.873142,TTWO,False,215.8,0,0,-3.28,-2.03,True,LOST_20_SMA
2026-06-03T14:38:23.215712,UBER,False,71.69,0,0,-1.73,1.4,True,LOST_20_SMA
2026-06-03T14:38:23.562176,UNH,False,377.0,0,0,3.61,1.67,True,LOST_20_SMA
2026-06-03T14:38:23.922696,URI,False,1056.58,0,0,13.13,5.61,False,ACCELERATION_DECAY
2026-06-03T14:38:24.274064,V,False,312.4,0,0,-2.99,-0.07,True,LOST_20_SMA
2026-06-03T14:38:24.619623,VLO,False,261.45,0,0,3.16,0.52,False,ACCELERATION_DECAY
2026-06-03T14:38:24.986371,VRSN,False,297.08,0,0,7.73,-0.76,True,ACCELERATION_DECAY
2026-06-03T14:38:25.351066,VRTX,False,428.34,0,0,0.94,2.05,True,LOST_20_SMA
2026-06-03T14:38:25.813695,WMT,False,116.89,0,0,-10.63,2.62,True,LOST_20_SMA
2026-06-03T14:38:26.153451,XOM,False,152.53,0,0,-1.52,1.17,True,MOMENTUM_FAILURE
2026-06-03T14:38:26.496091,ZS,False,134.37,0,0,-4.94,-6.32,True,LOST_20_SMA
2026-06-03T14:43:26.962968,AAPL,False,310.26,0,0,9.18,-4.68,True,ACCELERATION_DECAY
2026-06-03T14:43:27.310061,ABBV,False,217.13,0,0,5.35,1.87,False,ACCELERATION_DECAY
2026-06-03T14:43:27.646923,ABNB,False,133.59,0,0,-4.39,-1.15,True,LOST_20_SMA
2026-06-03T14:43:27.985018,ADBE,False,256.24,0,0,0.24,-2.97,False,ACCELERATION_DECAY
2026-06-03T14:43:28.329466,ADSK,False,229.6,0,0,-7.95,-3.55,True,LOST_20_SMA
2026-06-03T14:43:28.673900,AMAT,False,500.77,0,0,21.9,-3.32,True,ACCELERATION_DECAY
2026-06-03T14:43:29.013477,AMD,False,542.52,0,0,52.71,0.01,False,ACCELERATION_DECAY
2026-06-03T14:43:29.348047,AMZN,False,250.02,0,0,-8.6,-2.89,True,LOST_20_SMA
2026-06-03T14:43:29.681848,ANET,False,174.37,0,0,2.44,0.87,False,ACCELERATION_DECAY
2026-06-03T14:43:30.018298,APO,False,124.35,0,0,-4.57,-4.23,True,LOST_20_SMA
2026-06-03T14:43:30.422544,APP,False,570.83,0,0,19.39,-8.11,True,ACCELERATION_DECAY
2026-06-03T14:43:30.770928,ARES,False,123.1,0,0,0.11,-6.8,True,LOST_20_SMA
2026-06-03T14:43:31.106988,ARM,False,411.83,0,0,97.2,-0.93,True,ACCELERATION_DECAY
2026-06-03T14:43:31.449034,ASML,False,1726.36,0,0,19.64,-3.38,True,ACCELERATION_DECAY
2026-06-03T14:43:31.784649,AXP,False,300.57,0,0,-4.87,-2.29,True,LOST_20_SMA
2026-06-03T14:43:32.127465,BA,False,210.58,0,0,-6.15,-4.52,True,LOST_20_SMA
2026-06-03T14:43:32.475645,BKNG,False,164.78,0,0,-1.7,-2.68,True,MOMENTUM_FAILURE
2026-06-03T14:43:32.818157,BLK,False,990.87,0,0,-5.53,-2.37,True,LOST_20_SMA
2026-06-03T14:43:33.157094,BSX,False,47.69,0,0,-14.81,1.32,True,LOST_20_SMA
2026-06-03T14:43:33.500670,BX,False,110.28,0,0,-10.14,-3.49,True,LOST_20_SMA
2026-06-03T14:43:33.841317,CAT,False,926.18,0,0,2.39,-1.62,True,ACCELERATION_DECAY
2026-06-03T14:43:34.190903,CAVA,False,71.33,0,0,-21.04,-2.26,True,LOST_20_SMA
2026-06-03T14:43:34.524016,CDNS,False,408.0,0,0,15.37,-3.76,True,ACCELERATION_DECAY
2026-06-03T14:43:34.868172,CELH,False,30.01,0,0,-10.47,-1.45,True,LOST_20_SMA
2026-06-03T14:43:35.212060,CME,False,252.64,0,0,-11.92,1.78,True,LOST_20_SMA
2026-06-03T14:43:35.548421,CMG,False,28.74,0,0,-11.05,-2.54,True,LOST_20_SMA
2026-06-03T14:43:35.886684,COIN,False,163.22,0,0,-17.46,-3.18,True,LOST_20_SMA
2026-06-03T14:43:36.228847,COP,False,119.05,0,0,-3.46,2.97,True,MOMENTUM_FAILURE
2026-06-03T14:43:36.564620,COST,False,961.83,0,0,-5.37,0.41,True,LOST_20_SMA
2026-06-03T14:43:36.908567,CRM,False,190.61,0,0,1.94,-6.35,True,ACCELERATION_DECAY
2026-06-03T14:43:37.249228,CRWD,False,747.61,0,0,56.89,-6.99,True,ACCELERATION_DECAY
2026-06-03T14:43:37.582911,CVX,False,189.71,0,0,-1.52,0.94,True,MOMENTUM_FAILURE
2026-06-03T14:43:37.911389,DDOG,False,250.33,0,0,71.78,-11.69,True,ACCELERATION_DECAY
2026-06-03T14:43:38.250485,DE,False,588.29,0,0,2.17,2.02,False,ACCELERATION_DECAY
2026-06-03T14:43:38.595846,DELL,False,421.08,0,0,94.66,-11.03,True,ACCELERATION_DECAY
2026-06-03T14:43:38.938714,DHR,False,178.08,0,0,1.98,0.79,False,ACCELERATION_DECAY
2026-06-03T14:43:39.275606,DUOL,False,107.4,0,0,3.24,3.49,True,LOST_20_SMA
2026-06-03T14:43:39.608915,EOG,False,141.5,0,0,0.48,2.62,False,ACCELERATION_DECAY
2026-06-03T14:43:39.955583,ETN,False,421.21,0,0,2.52,3.66,False,ACCELERATION_DECAY
2026-06-03T14:43:40.361928,FCX,False,70.64,0,0,22.47,-6.59,True,ACCELERATION_DECAY
2026-06-03T14:43:40.708735,FICO,False,1174.66,0,0,10.17,-7.91,True,ACCELERATION_DECAY
2026-06-03T14:43:41.055138,FTNT,False,146.48,0,0,62.9,-3.91,True,ACCELERATION_DECAY
2026-06-03T14:43:41.401166,GD,False,337.04,0,0,-3.47,-0.19,True,LOST_20_SMA
2026-06-03T14:43:41.748205,GE,False,314.64,0,0,9.75,-3.51,True,ACCELERATION_DECAY
2026-06-03T14:43:42.089527,GOOG,False,355.68,0,0,-7.44,-1.84,True,LOST_20_SMA
2026-06-03T14:43:42.430124,GOOGL,False,358.99,0,0,-7.58,-2.0,True,LOST_20_SMA
2026-06-03T14:43:42.778319,GS,False,1041.02,0,0,13.29,-4.57,True,ACCELERATION_DECAY
2026-06-03T14:43:43.120624,HD,False,312.97,0,0,-0.78,-0.49,True,MOMENTUM_FAILURE
2026-06-03T14:43:43.462663,HIMS,False,27.51,0,0,4.48,3.6,False,ACCELERATION_DECAY
2026-06-03T14:43:43.803993,HON,False,223.26,0,0,6.79,-5.44,True,ACCELERATION_DECAY
2026-06-03T14:43:44.143259,HOOD,False,82.85,0,0,7.56,-7.61,True,ACCELERATION_DECAY
2026-06-03T14:43:44.488490,ICE,False,138.45,0,0,-10.84,-1.85,True,LOST_20_SMA
2026-06-03T14:43:44.820779,INTC,False,112.71,0,0,4.22,-8.47,True,LOST_20_SMA
2026-06-03T14:43:45.165447,INTU,False,311.44,0,0,-21.81,-0.96,True,LOST_20_SMA
2026-06-03T14:43:45.512772,ISRG,False,407.29,0,0,-9.77,1.3,True,LOST_20_SMA
2026-06-03T14:43:45.847878,JPM,False,300.85,0,0,-2.76,-0.59,True,MOMENTUM_FAILURE
2026-06-03T14:43:46.192031,KKR,False,90.53,0,0,-11.25,-2.65,True,LOST_20_SMA
2026-06-03T14:43:46.536830,KLAC,False,2125.11,0,0,22.63,3.26,False,ACCELERATION_DECAY
2026-06-03T14:43:46.876693,LIN,False,507.57,0,0,1.46,0.98,False,ACCELERATION_DECAY
2026-06-03T14:43:47.243330,LLY,False,1078.78,0,0,9.09,-0.85,False,ACCELERATION_DECAY
2026-06-03T14:43:47.590076,LMT,False,512.03,0,0,0.61,1.52,True,LOST_20_SMA
2026-06-03T14:43:47.975788,LRCX,False,343.71,0,0,24.62,-4.71,True,ACCELERATION_DECAY
2026-06-03T14:43:48.324331,LULU,False,126.03,0,0,-3.21,-1.26,True,MOMENTUM_FAILURE
2026-06-03T14:43:48.834170,MA,False,471.55,0,0,-5.14,0.23,True,LOST_20_SMA
2026-06-03T14:43:49.170816,MCD,False,273.29,0,0,-4.17,-1.44,True,LOST_20_SMA
2026-06-03T14:43:49.517391,MCO,False,448.39,0,0,-1.36,-2.25,True,MOMENTUM_FAILURE
2026-06-03T14:43:49.846863,MDB,False,368.32,0,0,38.11,-12.43,True,ACCELERATION_DECAY
2026-06-03T14:43:50.193346,META,False,622.98,0,0,2.98,5.07,False,ACCELERATION_DECAY
2026-06-03T14:43:50.624158,MPC,False,267.21,0,0,2.57,-1.59,True,ACCELERATION_DECAY
2026-06-03T14:43:50.976863,MS,False,210.14,0,0,11.04,-3.31,True,ACCELERATION_DECAY
2026-06-03T14:43:51.323126,MSFT,False,427.34,0,0,3.88,-2.81,True,ACCELERATION_DECAY
2026-06-03T14:43:51.658748,MU,False,1079.57,0,0,68.63,-15.97,True,ACCELERATION_DECAY
2026-06-03T14:43:52.013745,NET,False,265.33,0,0,8.55,-13.08,True,ACCELERATION_DECAY
2026-06-03T14:43:52.352289,NFLX,False,81.52,0,0,-7.25,1.2,True,LOST_20_SMA
2026-06-03T14:43:52.701445,NOC,False,526.06,0,0,-5.83,-0.46,True,LOST_20_SMA
2026-06-03T14:43:53.045011,NOW,False,117.9,0,0,28.14,-10.66,True,ACCELERATION_DECAY
2026-06-03T14:43:53.392880,NUE,False,257.73,0,0,11.06,-3.4,True,ACCELERATION_DECAY
2026-06-03T14:43:53.739401,NVDA,False,214.75,0,0,9.29,-2.98,True,LOST_20_SMA
2026-06-03T14:43:54.086122,ODFL,False,236.06,0,0,20.39,1.19,False,ACCELERATION_DECAY
2026-06-03T14:43:54.433416,ORCL,False,230.33,0,0,24.27,-11.39,True,ACCELERATION_DECAY
2026-06-03T14:43:54.774867,PANW,False,280.43,0,0,52.42,-8.6,True,ACCELERATION_DECAY
2026-06-03T14:43:55.122483,PH,False,850.76,0,0,-2.51,1.11,True,LOST_20_SMA
2026-06-03T14:43:55.459198,PLTR,False,142.2,0,0,4.63,0.42,False,ACCELERATION_DECAY
2026-06-03T14:43:55.796492,PWR,False,715.67,0,0,-7.25,-0.48,True,LOST_20_SMA
2026-06-03T14:43:56.135236,PYPL,False,42.61,0,0,-8.35,3.28,True,LOST_20_SMA
2026-06-03T14:43:56.480050,QCOM,False,250.01,0,0,34.02,-9.02,True,ACCELERATION_DECAY
2026-06-03T14:43:56.821972,RBLX,False,43.68,0,0,-0.82,4.59,True,LOST_20_SMA
2026-06-03T14:43:57.160601,REGN,False,618.95,0,0,-11.86,3.12,True,LOST_20_SMA
2026-06-03T14:43:57.508187,RKLB,False,114.7,0,0,45.63,-7.92,True,LOST_20_SMA
2026-06-03T14:43:57.861175,RTX,False,172.55,0,0,-0.19,-0.97,True,LOST_20_SMA
2026-06-03T14:43:58.227860,SCHW,False,86.59,0,0,-6.29,-2.06,True,LOST_20_SMA
2026-06-03T14:43:58.568654,SHOP,False,112.94,0,0,4.93,13.2,False,ACCELERATION_DECAY
2026-06-03T14:43:58.911938,SLB,False,56.85,0,0,1.52,-0.15,True,ACCELERATION_DECAY
2026-06-03T14:43:59.255992,SNOW,False,241.28,0,0,70.26,-10.82,True,ACCELERATION_DECAY
2026-06-03T14:43:59.605801,SNPS,False,498.02,0,0,-0.89,-3.07,True,LOST_20_SMA
2026-06-03T14:43:59.956095,SOFI,False,16.68,0,0,4.12,-5.39,True,ACCELERATION_DECAY
2026-06-03T14:44:00.359981,SPGI,False,412.29,0,0,-2.73,-1.02,True,LOST_20_SMA
2026-06-03T14:44:00.703455,SYK,False,295.0,0,0,-0.08,-0.92,True,LOST_20_SMA
2026-06-03T14:44:01.052230,TMO,False,473.95,0,0,1.54,-2.67,True,ACCELERATION_DECAY
2026-06-03T14:44:01.395912,TSLA,False,423.7,0,0,8.82,0.86,False,ACCELERATION_DECAY
2026-06-03T14:44:01.739528,TT,False,465.84,0,0,-2.43,3.24,True,MOMENTUM_FAILURE
2026-06-03T14:44:02.091075,TTWO,False,215.8,0,0,-3.28,-2.03,True,LOST_20_SMA
2026-06-03T14:44:02.441559,UBER,False,71.69,0,0,-1.73,1.4,True,LOST_20_SMA
2026-06-03T14:44:02.784164,UNH,False,377.0,0,0,3.61,1.67,True,LOST_20_SMA
2026-06-03T14:44:03.121510,URI,False,1056.58,0,0,13.13,5.61,False,ACCELERATION_DECAY
2026-06-03T14:44:03.459806,V,False,312.4,0,0,-2.99,-0.07,True,LOST_20_SMA
2026-06-03T14:44:03.870236,VLO,False,261.45,0,0,3.16,0.52,False,ACCELERATION_DECAY
2026-06-03T14:44:04.250145,VRSN,False,297.08,0,0,7.73,-0.76,True,ACCELERATION_DECAY
2026-06-03T14:44:04.587677,VRTX,False,428.34,0,0,0.94,2.05,True,LOST_20_SMA
2026-06-03T14:44:05.013367,WMT,False,116.89,0,0,-10.63,2.62,True,LOST_20_SMA
2026-06-03T14:44:05.352280,XOM,False,152.53,0,0,-1.52,1.17,True,MOMENTUM_FAILURE
2026-06-03T14:44:05.685175,ZS,False,134.37,0,0,-4.94,-6.32,True,LOST_20_SMA
2026-06-03T14:49:06.168825,AAPL,False,310.26,0,0,9.18,-4.68,True,ACCELERATION_DECAY
2026-06-03T14:49:06.506534,ABBV,False,217.13,0,0,5.35,1.87,False,ACCELERATION_DECAY
2026-06-03T14:49:06.844390,ABNB,False,133.59,0,0,-4.39,-1.15,True,LOST_20_SMA
2026-06-03T14:49:07.183466,ADBE,False,256.24,0,0,0.24,-2.97,False,ACCELERATION_DECAY
2026-06-03T14:49:07.528688,ADSK,False,229.6,0,0,-7.95,-3.55,True,LOST_20_SMA
2026-06-03T14:49:07.883221,AMAT,False,500.77,0,0,21.9,-3.32,True,ACCELERATION_DECAY
2026-06-03T14:49:08.228673,AMD,False,542.52,0,0,52.71,0.01,False,ACCELERATION_DECAY
2026-06-03T14:49:08.569720,AMZN,False,250.02,0,0,-8.6,-2.89,True,LOST_20_SMA
2026-06-03T14:49:08.916203,ANET,False,174.37,0,0,2.44,0.87,False,ACCELERATION_DECAY
2026-06-03T14:49:09.276196,APO,False,124.35,0,0,-4.57,-4.23,True,LOST_20_SMA
2026-06-03T14:49:09.656503,APP,False,570.83,0,0,19.39,-8.11,True,ACCELERATION_DECAY
2026-06-03T14:49:09.996474,ARES,False,123.1,0,0,0.11,-6.8,True,LOST_20_SMA
2026-06-03T14:49:10.404672,ARM,False,411.83,0,0,97.2,-0.93,True,ACCELERATION_DECAY
2026-06-03T14:49:10.745302,ASML,False,1726.36,0,0,19.64,-3.38,True,ACCELERATION_DECAY
2026-06-03T14:49:11.111828,AXP,False,300.57,0,0,-4.87,-2.29,True,LOST_20_SMA
2026-06-03T14:49:11.459640,BA,False,210.58,0,0,-6.15,-4.52,True,LOST_20_SMA
2026-06-03T14:49:11.803087,BKNG,False,164.78,0,0,-1.7,-2.68,True,MOMENTUM_FAILURE
2026-06-03T14:49:12.153067,BLK,False,990.87,0,0,-5.53,-2.37,True,LOST_20_SMA
2026-06-03T14:49:12.492055,BSX,False,47.69,0,0,-14.81,1.32,True,LOST_20_SMA
2026-06-03T14:49:12.838077,BX,False,110.28,0,0,-10.14,-3.49,True,LOST_20_SMA
2026-06-03T14:49:13.172615,CAT,False,926.18,0,0,2.39,-1.62,True,ACCELERATION_DECAY
2026-06-03T14:49:13.535253,CAVA,False,71.33,0,0,-21.04,-2.26,True,LOST_20_SMA
2026-06-03T14:49:13.867793,CDNS,False,408.0,0,0,15.37,-3.76,True,ACCELERATION_DECAY
2026-06-03T14:49:14.204964,CELH,False,30.01,0,0,-10.47,-1.45,True,LOST_20_SMA
2026-06-03T14:49:14.545529,CME,False,252.64,0,0,-11.92,1.78,True,LOST_20_SMA
2026-06-03T14:49:14.898669,CMG,False,28.74,0,0,-11.05,-2.54,True,LOST_20_SMA
2026-06-03T14:49:15.247199,COIN,False,163.22,0,0,-17.46,-3.18,True,LOST_20_SMA
2026-06-03T14:49:15.599100,COP,False,119.05,0,0,-3.46,2.97,True,MOMENTUM_FAILURE
2026-06-03T14:49:15.941638,COST,False,961.83,0,0,-5.37,0.41,True,LOST_20_SMA
2026-06-03T14:49:16.287406,CRM,False,190.61,0,0,1.94,-6.35,True,ACCELERATION_DECAY
2026-06-03T14:49:16.624280,CRWD,False,747.61,0,0,56.89,-6.99,True,ACCELERATION_DECAY
2026-06-03T14:49:16.964208,CVX,False,189.71,0,0,-1.52,0.94,True,MOMENTUM_FAILURE
2026-06-03T14:49:17.316693,DDOG,False,250.33,0,0,71.78,-11.69,True,ACCELERATION_DECAY
2026-06-03T14:49:17.656410,DE,False,588.29,0,0,2.17,2.02,False,ACCELERATION_DECAY
2026-06-03T14:49:17.993370,DELL,False,421.08,0,0,94.66,-11.03,True,ACCELERATION_DECAY
2026-06-03T14:49:18.349815,DHR,False,178.08,0,0,1.98,0.79,False,ACCELERATION_DECAY
2026-06-03T14:49:18.702560,DUOL,False,107.4,0,0,3.24,3.49,True,LOST_20_SMA
2026-06-03T14:49:19.068966,EOG,False,141.5,0,0,0.48,2.62,False,ACCELERATION_DECAY
2026-06-03T14:49:19.419875,ETN,False,421.21,0,0,2.52,3.66,False,ACCELERATION_DECAY
2026-06-03T14:49:19.752511,FCX,False,70.64,0,0,22.47,-6.59,True,ACCELERATION_DECAY
2026-06-03T14:49:20.092694,FICO,False,1174.66,0,0,10.17,-7.91,True,ACCELERATION_DECAY
2026-06-03T14:49:20.458570,FTNT,False,146.48,0,0,62.9,-3.91,True,ACCELERATION_DECAY
2026-06-03T14:49:20.806077,GD,False,337.04,0,0,-3.47,-0.19,True,LOST_20_SMA
2026-06-03T14:49:21.167178,GE,False,314.64,0,0,9.75,-3.51,True,ACCELERATION_DECAY
2026-06-03T14:49:21.520805,GOOG,False,355.68,0,0,-7.44,-1.84,True,LOST_20_SMA
2026-06-03T14:49:21.861586,GOOGL,False,358.99,0,0,-7.58,-2.0,True,LOST_20_SMA
2026-06-03T14:49:22.201057,GS,False,1041.02,0,0,13.29,-4.57,True,ACCELERATION_DECAY
2026-06-03T14:49:22.544765,HD,False,312.97,0,0,-0.78,-0.49,True,MOMENTUM_FAILURE
2026-06-03T14:49:22.885608,HIMS,False,27.51,0,0,4.48,3.6,False,ACCELERATION_DECAY
2026-06-03T14:49:23.230241,HON,False,223.26,0,0,6.79,-5.44,True,ACCELERATION_DECAY
2026-06-03T14:49:23.571199,HOOD,False,82.85,0,0,7.56,-7.61,True,ACCELERATION_DECAY
2026-06-03T14:49:23.910896,ICE,False,138.45,0,0,-10.84,-1.85,True,LOST_20_SMA
2026-06-03T14:49:24.248743,INTC,False,112.71,0,0,4.22,-8.47,True,LOST_20_SMA
2026-06-03T14:49:24.594619,INTU,False,311.44,0,0,-21.81,-0.96,True,LOST_20_SMA
2026-06-03T14:49:24.931646,ISRG,False,407.29,0,0,-9.77,1.3,True,LOST_20_SMA
2026-06-03T14:49:25.290204,JPM,False,300.85,0,0,-2.76,-0.59,True,MOMENTUM_FAILURE
2026-06-03T14:49:25.655360,KKR,False,90.53,0,0,-11.25,-2.65,True,LOST_20_SMA
2026-06-03T14:49:26.000826,KLAC,False,2125.11,0,0,22.63,3.26,False,ACCELERATION_DECAY
2026-06-03T14:49:26.344703,LIN,False,507.57,0,0,1.46,0.98,False,ACCELERATION_DECAY
2026-06-03T14:49:26.690875,LLY,False,1078.78,0,0,9.09,-0.85,False,ACCELERATION_DECAY
2026-06-03T14:49:27.042676,LMT,False,512.03,0,0,0.61,1.52,True,LOST_20_SMA
2026-06-03T14:49:27.415606,LRCX,False,343.71,0,0,24.62,-4.71,True,ACCELERATION_DECAY
2026-06-03T14:49:27.761262,LULU,False,126.03,0,0,-3.21,-1.26,True,MOMENTUM_FAILURE
2026-06-03T14:49:28.112478,MA,False,471.55,0,0,-5.14,0.23,True,LOST_20_SMA
2026-06-03T14:49:28.459817,MCD,False,273.29,0,0,-4.17,-1.44,True,LOST_20_SMA
2026-06-03T14:49:28.802874,MCO,False,448.39,0,0,-1.36,-2.25,True,MOMENTUM_FAILURE
2026-06-03T14:49:29.140987,MDB,False,368.32,0,0,38.11,-12.43,True,ACCELERATION_DECAY
2026-06-03T14:49:29.493971,META,False,622.98,0,0,2.98,5.07,False,ACCELERATION_DECAY
2026-06-03T14:49:29.848389,MPC,False,267.21,0,0,2.57,-1.59,True,ACCELERATION_DECAY
2026-06-03T14:49:30.196112,MS,False,210.14,0,0,11.04,-3.31,True,ACCELERATION_DECAY
2026-06-03T14:49:30.541900,MSFT,False,427.34,0,0,3.88,-2.81,True,ACCELERATION_DECAY
2026-06-03T14:49:30.888104,MU,False,1079.57,0,0,68.63,-15.97,True,ACCELERATION_DECAY
2026-06-03T14:49:31.247365,NET,False,265.33,0,0,8.55,-13.08,True,ACCELERATION_DECAY
2026-06-03T14:49:31.578827,NFLX,False,81.52,0,0,-7.25,1.2,True,LOST_20_SMA
2026-06-03T14:49:31.917428,NOC,False,526.06,0,0,-5.83,-0.46,True,LOST_20_SMA
2026-06-03T14:49:32.275274,NOW,False,117.9,0,0,28.14,-10.66,True,ACCELERATION_DECAY
2026-06-03T14:49:32.633757,NUE,False,257.73,0,0,11.06,-3.4,True,ACCELERATION_DECAY
2026-06-03T14:49:32.998718,NVDA,False,214.75,0,0,9.29,-2.98,True,LOST_20_SMA
2026-06-03T14:49:33.342153,ODFL,False,236.06,0,0,20.39,1.19,False,ACCELERATION_DECAY
2026-06-03T14:49:33.703520,ORCL,False,230.33,0,0,24.27,-11.39,True,ACCELERATION_DECAY
2026-06-03T14:49:34.046061,PANW,False,280.43,0,0,52.42,-8.6,True,ACCELERATION_DECAY
2026-06-03T14:49:34.396016,PH,False,850.76,0,0,-2.51,1.11,True,LOST_20_SMA
2026-06-03T14:49:34.765245,PLTR,False,142.2,0,0,4.63,0.42,False,ACCELERATION_DECAY
2026-06-03T14:49:35.109051,PWR,False,715.67,0,0,-7.25,-0.48,True,LOST_20_SMA
2026-06-03T14:49:35.451424,PYPL,False,42.61,0,0,-8.35,3.28,True,LOST_20_SMA
2026-06-03T14:49:35.795467,QCOM,False,250.01,0,0,34.02,-9.02,True,ACCELERATION_DECAY
2026-06-03T14:49:36.152284,RBLX,False,43.68,0,0,-0.82,4.59,True,LOST_20_SMA
2026-06-03T14:49:36.486608,REGN,False,618.95,0,0,-11.86,3.12,True,LOST_20_SMA
2026-06-03T14:49:36.825126,RKLB,False,114.7,0,0,45.63,-7.92,True,LOST_20_SMA
2026-06-03T14:49:37.192201,RTX,False,172.55,0,0,-0.19,-0.97,True,LOST_20_SMA
2026-06-03T14:49:37.552456,SCHW,False,86.59,0,0,-6.29,-2.06,True,LOST_20_SMA
2026-06-03T14:49:37.904699,SHOP,False,112.94,0,0,4.93,13.2,False,ACCELERATION_DECAY
2026-06-03T14:49:38.271976,SLB,False,56.85,0,0,1.52,-0.15,True,ACCELERATION_DECAY
2026-06-03T14:49:38.623288,SNOW,False,241.28,0,0,70.26,-10.82,True,ACCELERATION_DECAY
2026-06-03T14:49:38.969162,SNPS,False,498.02,0,0,-0.89,-3.07,True,LOST_20_SMA
2026-06-03T14:49:39.309246,SOFI,False,16.68,0,0,4.12,-5.39,True,ACCELERATION_DECAY
2026-06-03T14:49:39.662633,SPGI,False,412.29,0,0,-2.73,-1.02,True,LOST_20_SMA
2026-06-03T14:49:40.006942,SYK,False,295.0,0,0,-0.08,-0.92,True,LOST_20_SMA
2026-06-03T14:49:40.420683,TMO,False,473.95,0,0,1.54,-2.67,True,ACCELERATION_DECAY
2026-06-03T14:49:40.753270,TSLA,False,423.7,0,0,8.82,0.86,False,ACCELERATION_DECAY
2026-06-03T14:49:41.093964,TT,False,465.84,0,0,-2.43,3.24,True,MOMENTUM_FAILURE
2026-06-03T14:49:41.462341,TTWO,False,215.8,0,0,-3.28,-2.03,True,LOST_20_SMA
2026-06-03T14:49:41.800713,UBER,False,71.69,0,0,-1.73,1.4,True,LOST_20_SMA
2026-06-03T14:49:42.144343,UNH,False,377.0,0,0,3.61,1.67,True,LOST_20_SMA
2026-06-03T14:49:42.488366,URI,False,1056.58,0,0,13.13,5.61,False,ACCELERATION_DECAY
2026-06-03T14:49:42.832351,V,False,312.4,0,0,-2.99,-0.07,True,LOST_20_SMA
2026-06-03T14:49:43.184959,VLO,False,261.45,0,0,3.16,0.52,False,ACCELERATION_DECAY
2026-06-03T14:49:43.542143,VRSN,False,297.08,0,0,7.73,-0.76,True,ACCELERATION_DECAY
2026-06-03T14:49:43.874873,VRTX,False,428.34,0,0,0.94,2.05,True,LOST_20_SMA
2026-06-03T14:49:44.296882,WMT,False,116.89,0,0,-10.63,2.62,True,LOST_20_SMA
2026-06-03T14:49:44.638568,XOM,False,152.53,0,0,-1.52,1.17,True,MOMENTUM_FAILURE
2026-06-03T14:49:44.978151,ZS,False,134.37,0,0,-4.94,-6.32,True,LOST_20_SMA
2026-06-03T14:54:45.488891,AAPL,False,310.26,0,0,9.18,-4.68,True,ACCELERATION_DECAY
2026-06-03T14:54:45.837886,ABBV,False,217.13,0,0,5.35,1.87,False,ACCELERATION_DECAY
2026-06-03T14:54:46.174248,ABNB,False,133.59,0,0,-4.39,-1.15,True,LOST_20_SMA
2026-06-03T14:54:46.518508,ADBE,False,256.24,0,0,0.24,-2.97,False,ACCELERATION_DECAY
2026-06-03T14:54:46.867844,ADSK,False,229.6,0,0,-7.95,-3.55,True,LOST_20_SMA
2026-06-03T14:54:47.216628,AMAT,False,500.77,0,0,21.9,-3.32,True,ACCELERATION_DECAY
2026-06-03T14:54:47.622624,AMD,False,542.52,0,0,52.71,0.01,False,ACCELERATION_DECAY
2026-06-03T14:54:47.975282,AMZN,False,250.02,0,0,-8.6,-2.89,True,LOST_20_SMA
2026-06-03T14:54:48.315657,ANET,False,174.37,0,0,2.44,0.87,False,ACCELERATION_DECAY
2026-06-03T14:54:48.660705,APO,False,124.35,0,0,-4.57,-4.23,True,LOST_20_SMA
2026-06-03T14:54:48.996475,APP,False,570.83,0,0,19.39,-8.11,True,ACCELERATION_DECAY
2026-06-03T14:54:49.344779,ARES,False,123.1,0,0,0.11,-6.8,True,LOST_20_SMA
2026-06-03T14:54:49.688352,ARM,False,411.83,0,0,97.2,-0.93,True,ACCELERATION_DECAY
2026-06-03T14:54:50.040146,ASML,False,1726.36,0,0,19.64,-3.38,True,ACCELERATION_DECAY
2026-06-03T14:54:50.443200,AXP,False,300.57,0,0,-4.87,-2.29,True,LOST_20_SMA
2026-06-03T14:54:50.809916,BA,False,210.58,0,0,-6.15,-4.52,True,LOST_20_SMA
2026-06-03T14:54:51.188561,BKNG,False,164.78,0,0,-1.7,-2.68,True,MOMENTUM_FAILURE
2026-06-03T14:54:51.536412,BLK,False,990.87,0,0,-5.53,-2.37,True,LOST_20_SMA
2026-06-03T14:54:51.877823,BSX,False,47.69,0,0,-14.81,1.32,True,LOST_20_SMA
2026-06-03T14:54:52.222239,BX,False,110.28,0,0,-10.14,-3.49,True,LOST_20_SMA
2026-06-03T14:54:52.573115,CAT,False,926.18,0,0,2.39,-1.62,True,ACCELERATION_DECAY
2026-06-03T14:54:52.930268,CAVA,False,71.33,0,0,-21.04,-2.26,True,LOST_20_SMA
2026-06-03T14:54:53.273480,CDNS,False,408.0,0,0,15.37,-3.76,True,ACCELERATION_DECAY
2026-06-03T14:54:53.631057,CELH,False,30.01,0,0,-10.47,-1.45,True,LOST_20_SMA
2026-06-03T14:54:53.976427,CME,False,252.64,0,0,-11.92,1.78,True,LOST_20_SMA
2026-06-03T14:54:54.351974,CMG,False,28.74,0,0,-11.05,-2.54,True,LOST_20_SMA
2026-06-03T14:54:54.691129,COIN,False,163.22,0,0,-17.46,-3.18,True,LOST_20_SMA
2026-06-03T14:54:55.035283,COP,False,119.05,0,0,-3.46,2.97,True,MOMENTUM_FAILURE
2026-06-03T14:54:55.378327,COST,False,961.83,0,0,-5.37,0.41,True,LOST_20_SMA
2026-06-03T14:54:55.714816,CRM,False,190.61,0,0,1.94,-6.35,True,ACCELERATION_DECAY
2026-06-03T14:54:56.059352,CRWD,False,747.61,0,0,56.89,-6.99,True,ACCELERATION_DECAY
2026-06-03T14:54:56.405700,CVX,False,189.71,0,0,-1.52,0.94,True,MOMENTUM_FAILURE
2026-06-03T14:54:56.762836,DDOG,False,250.33,0,0,71.78,-11.69,True,ACCELERATION_DECAY
2026-06-03T14:54:57.117340,DE,False,588.29,0,0,2.17,2.02,False,ACCELERATION_DECAY
2026-06-03T14:54:57.469432,DELL,False,421.08,0,0,94.66,-11.03,True,ACCELERATION_DECAY
2026-06-03T14:54:57.825980,DHR,False,178.08,0,0,1.98,0.79,False,ACCELERATION_DECAY
2026-06-03T14:54:58.170278,DUOL,False,107.4,0,0,3.24,3.49,True,LOST_20_SMA
2026-06-03T14:54:58.535129,EOG,False,141.5,0,0,0.48,2.62,False,ACCELERATION_DECAY
2026-06-03T14:54:58.890366,ETN,False,421.21,0,0,2.52,3.66,False,ACCELERATION_DECAY
2026-06-03T14:54:59.235931,FCX,False,70.64,0,0,22.47,-6.59,True,ACCELERATION_DECAY
2026-06-03T14:54:59.579155,FICO,False,1174.66,0,0,10.17,-7.91,True,ACCELERATION_DECAY
2026-06-03T14:54:59.924204,FTNT,False,146.48,0,0,62.9,-3.91,True,ACCELERATION_DECAY
2026-06-03T14:55:00.267345,GD,False,337.04,0,0,-3.47,-0.19,True,LOST_20_SMA
2026-06-03T14:55:00.614786,GE,False,314.64,0,0,9.75,-3.51,True,ACCELERATION_DECAY
2026-06-03T14:55:00.964925,GOOG,False,355.68,0,0,-7.44,-1.84,True,LOST_20_SMA
2026-06-03T14:55:01.449584,GOOGL,False,358.99,0,0,-7.58,-2.0,True,LOST_20_SMA
2026-06-03T14:55:01.794703,GS,False,1041.02,0,0,13.29,-4.57,True,ACCELERATION_DECAY
2026-06-03T14:55:02.141737,HD,False,312.97,0,0,-0.78,-0.49,True,MOMENTUM_FAILURE
2026-06-03T14:55:02.501558,HIMS,False,27.51,0,0,4.48,3.6,False,ACCELERATION_DECAY
2026-06-03T14:55:02.851718,HON,False,223.26,0,0,6.79,-5.44,True,ACCELERATION_DECAY
2026-06-03T14:55:03.212591,HOOD,False,82.85,0,0,7.56,-7.61,True,ACCELERATION_DECAY
2026-06-03T14:55:03.555252,ICE,False,138.45,0,0,-10.84,-1.85,True,LOST_20_SMA
2026-06-03T14:55:03.906853,INTC,False,112.71,0,0,4.22,-8.47,True,LOST_20_SMA
2026-06-03T14:55:04.250324,INTU,False,311.44,0,0,-21.81,-0.96,True,LOST_20_SMA
2026-06-03T14:55:04.614698,ISRG,False,407.29,0,0,-9.77,1.3,True,LOST_20_SMA
2026-06-03T14:55:04.976977,JPM,False,300.85,0,0,-2.76,-0.59,True,MOMENTUM_FAILURE
2026-06-03T14:55:05.334630,KKR,False,90.53,0,0,-11.25,-2.65,True,LOST_20_SMA
2026-06-03T14:55:05.691244,KLAC,False,2125.11,0,0,22.63,3.26,False,ACCELERATION_DECAY
2026-06-03T14:55:06.031189,LIN,False,507.57,0,0,1.46,0.98,False,ACCELERATION_DECAY
2026-06-03T14:55:06.377458,LLY,False,1078.78,0,0,9.09,-0.85,False,ACCELERATION_DECAY
2026-06-03T14:55:06.711970,LMT,False,512.03,0,0,0.61,1.52,True,LOST_20_SMA
2026-06-03T14:55:07.056837,LRCX,False,343.71,0,0,24.62,-4.71,True,ACCELERATION_DECAY
2026-06-03T14:55:07.403733,LULU,False,126.03,0,0,-3.21,-1.26,True,MOMENTUM_FAILURE
2026-06-03T14:55:07.761002,MA,False,471.55,0,0,-5.14,0.23,True,LOST_20_SMA
2026-06-03T14:55:08.108237,MCD,False,273.29,0,0,-4.17,-1.44,True,LOST_20_SMA
2026-06-03T14:55:08.461610,MCO,False,448.39,0,0,-1.36,-2.25,True,MOMENTUM_FAILURE
2026-06-03T14:55:08.796793,MDB,False,368.32,0,0,38.11,-12.43,True,ACCELERATION_DECAY
2026-06-03T14:55:09.143941,META,False,622.98,0,0,2.98,5.07,False,ACCELERATION_DECAY
2026-06-03T14:55:09.491133,MPC,False,267.21,0,0,2.57,-1.59,True,ACCELERATION_DECAY
2026-06-03T14:55:09.833814,MS,False,210.14,0,0,11.04,-3.31,True,ACCELERATION_DECAY
2026-06-03T14:55:10.178591,MSFT,False,427.34,0,0,3.88,-2.81,True,ACCELERATION_DECAY
2026-06-03T14:55:10.522410,MU,False,1079.57,0,0,68.63,-15.97,True,ACCELERATION_DECAY
2026-06-03T14:55:10.863650,NET,False,265.33,0,0,8.55,-13.08,True,ACCELERATION_DECAY
2026-06-03T14:55:11.208166,NFLX,False,81.52,0,0,-7.25,1.2,True,LOST_20_SMA
2026-06-03T14:55:11.551067,NOC,False,526.06,0,0,-5.83,-0.46,True,LOST_20_SMA
2026-06-03T14:55:11.897440,NOW,False,117.9,0,0,28.14,-10.66,True,ACCELERATION_DECAY
2026-06-03T14:55:12.241454,NUE,False,257.73,0,0,11.06,-3.4,True,ACCELERATION_DECAY
2026-06-03T14:55:12.585636,NVDA,False,214.75,0,0,9.29,-2.98,True,LOST_20_SMA
2026-06-03T14:55:12.925243,ODFL,False,236.06,0,0,20.39,1.19,False,ACCELERATION_DECAY
2026-06-03T14:55:13.270104,ORCL,False,230.33,0,0,24.27,-11.39,True,ACCELERATION_DECAY
2026-06-03T14:55:13.616920,PANW,False,280.43,0,0,52.42,-8.6,True,ACCELERATION_DECAY
2026-06-03T14:55:13.960781,PH,False,850.76,0,0,-2.51,1.11,True,LOST_20_SMA
2026-06-03T14:55:14.304341,PLTR,False,142.2,0,0,4.63,0.42,False,ACCELERATION_DECAY
2026-06-03T14:55:14.652760,PWR,False,715.67,0,0,-7.25,-0.48,True,LOST_20_SMA
2026-06-03T14:55:14.991043,PYPL,False,42.61,0,0,-8.35,3.28,True,LOST_20_SMA
2026-06-03T14:55:15.336861,QCOM,False,250.01,0,0,34.02,-9.02,True,ACCELERATION_DECAY
2026-06-03T14:55:15.694208,RBLX,False,43.68,0,0,-0.82,4.59,True,LOST_20_SMA
2026-06-03T14:55:16.031921,REGN,False,618.95,0,0,-11.86,3.12,True,LOST_20_SMA
2026-06-03T14:55:16.370228,RKLB,False,114.7,0,0,45.63,-7.92,True,LOST_20_SMA
2026-06-03T14:55:16.713880,RTX,False,172.55,0,0,-0.19,-0.97,True,LOST_20_SMA
2026-06-03T14:55:17.067917,SCHW,False,86.59,0,0,-6.29,-2.06,True,LOST_20_SMA
2026-06-03T14:55:17.399832,SHOP,False,112.94,0,0,4.93,13.2,False,ACCELERATION_DECAY
2026-06-03T14:55:17.739209,SLB,False,56.85,0,0,1.52,-0.15,True,ACCELERATION_DECAY
2026-06-03T14:55:18.080051,SNOW,False,241.28,0,0,70.26,-10.82,True,ACCELERATION_DECAY
2026-06-03T14:55:18.424035,SNPS,False,498.02,0,0,-0.89,-3.07,True,LOST_20_SMA
2026-06-03T14:55:18.766174,SOFI,False,16.68,0,0,4.12,-5.39,True,ACCELERATION_DECAY
2026-06-03T14:55:19.106303,SPGI,False,412.29,0,0,-2.73,-1.02,True,LOST_20_SMA
2026-06-03T14:55:19.440991,SYK,False,295.0,0,0,-0.08,-0.92,True,LOST_20_SMA
2026-06-03T14:55:19.786177,TMO,False,473.95,0,0,1.54,-2.67,True,ACCELERATION_DECAY
2026-06-03T14:55:20.128650,TSLA,False,423.7,0,0,8.82,0.86,False,ACCELERATION_DECAY
2026-06-03T14:55:20.505849,TT,False,465.84,0,0,-2.43,3.24,True,MOMENTUM_FAILURE
2026-06-03T14:55:20.848795,TTWO,False,215.8,0,0,-3.28,-2.03,True,LOST_20_SMA
2026-06-03T14:55:21.192770,UBER,False,71.69,0,0,-1.73,1.4,True,LOST_20_SMA
2026-06-03T14:55:21.539629,UNH,False,377.0,0,0,3.61,1.67,True,LOST_20_SMA
2026-06-03T14:55:21.873679,URI,False,1056.58,0,0,13.13,5.61,False,ACCELERATION_DECAY
2026-06-03T14:55:22.210591,V,False,312.4,0,0,-2.99,-0.07,True,LOST_20_SMA
2026-06-03T14:55:22.556625,VLO,False,261.45,0,0,3.16,0.52,False,ACCELERATION_DECAY
2026-06-03T14:55:22.899773,VRSN,False,297.08,0,0,7.73,-0.76,True,ACCELERATION_DECAY
2026-06-03T14:55:23.232244,VRTX,False,428.34,0,0,0.94,2.05,True,LOST_20_SMA
2026-06-03T14:55:23.658174,WMT,False,116.89,0,0,-10.63,2.62,True,LOST_20_SMA
2026-06-03T14:55:23.999224,XOM,False,152.53,0,0,-1.52,1.17,True,MOMENTUM_FAILURE
2026-06-03T14:55:24.336904,ZS,False,134.37,0,0,-4.94,-6.32,True,LOST_20_SMA
2026-06-03T15:00:25.053107,AAPL,False,310.26,0,0,9.18,-4.68,True,ACCELERATION_DECAY
2026-06-03T15:00:25.400599,ABBV,False,217.13,0,0,5.35,1.87,False,ACCELERATION_DECAY
2026-06-03T15:00:25.735455,ABNB,False,133.59,0,0,-4.39,-1.15,True,LOST_20_SMA
2026-06-03T15:00:26.079718,ADBE,False,256.24,0,0,0.24,-2.97,False,ACCELERATION_DECAY
2026-06-03T15:00:26.426571,ADSK,False,229.6,0,0,-7.95,-3.55,True,LOST_20_SMA
2026-06-03T15:00:26.773082,AMAT,False,500.77,0,0,21.9,-3.32,True,ACCELERATION_DECAY
2026-06-03T15:00:27.125792,AMD,False,542.52,0,0,52.71,0.01,False,ACCELERATION_DECAY
2026-06-03T15:00:27.465342,AMZN,False,250.02,0,0,-8.6,-2.89,True,LOST_20_SMA
2026-06-03T15:00:27.809537,ANET,False,174.37,0,0,2.44,0.87,False,ACCELERATION_DECAY
2026-06-03T15:00:28.169591,APO,False,124.35,0,0,-4.57,-4.23,True,LOST_20_SMA
2026-06-03T15:00:28.503236,APP,False,570.83,0,0,19.39,-8.11,True,ACCELERATION_DECAY
2026-06-03T15:00:28.845869,ARES,False,123.1,0,0,0.11,-6.8,True,LOST_20_SMA
2026-06-03T15:00:29.178451,ARM,False,411.83,0,0,97.2,-0.93,True,ACCELERATION_DECAY
2026-06-03T15:00:29.511884,ASML,False,1726.36,0,0,19.64,-3.38,True,ACCELERATION_DECAY
2026-06-03T15:00:29.854251,AXP,False,300.57,0,0,-4.87,-2.29,True,LOST_20_SMA
2026-06-03T15:00:30.195914,BA,False,210.58,0,0,-6.15,-4.52,True,LOST_20_SMA
2026-06-03T15:00:30.605221,BKNG,False,164.78,0,0,-1.7,-2.68,True,MOMENTUM_FAILURE
2026-06-03T15:00:30.950343,BLK,False,990.87,0,0,-5.53,-2.37,True,LOST_20_SMA
2026-06-03T15:00:31.290877,BSX,False,47.69,0,0,-14.81,1.32,True,LOST_20_SMA
2026-06-03T15:00:31.671520,BX,False,110.28,0,0,-10.14,-3.49,True,LOST_20_SMA
2026-06-03T15:00:32.025760,CAT,False,926.18,0,0,2.39,-1.62,True,ACCELERATION_DECAY
2026-06-03T15:00:32.360415,CAVA,False,71.33,0,0,-21.04,-2.26,True,LOST_20_SMA
2026-06-03T15:00:32.690206,CDNS,False,408.0,0,0,15.37,-3.76,True,ACCELERATION_DECAY
2026-06-03T15:00:33.028246,CELH,False,30.01,0,0,-10.47,-1.45,True,LOST_20_SMA
2026-06-03T15:00:33.371808,CME,False,252.64,0,0,-11.92,1.78,True,LOST_20_SMA
2026-06-03T15:00:33.718057,CMG,False,28.74,0,0,-11.05,-2.54,True,LOST_20_SMA
2026-06-03T15:00:34.054817,COIN,False,163.22,0,0,-17.46,-3.18,True,LOST_20_SMA
2026-06-03T15:00:34.401281,COP,False,119.05,0,0,-3.46,2.97,True,MOMENTUM_FAILURE
2026-06-03T15:00:34.801700,COST,False,961.83,0,0,-5.37,0.41,True,LOST_20_SMA
2026-06-03T15:00:35.147499,CRM,False,190.61,0,0,1.94,-6.35,True,ACCELERATION_DECAY
2026-06-03T15:00:35.495918,CRWD,False,747.61,0,0,56.89,-6.99,True,ACCELERATION_DECAY
2026-06-03T15:00:35.833984,CVX,False,189.71,0,0,-1.52,0.94,True,MOMENTUM_FAILURE
2026-06-03T15:00:36.173224,DDOG,False,250.33,0,0,71.78,-11.69,True,ACCELERATION_DECAY
2026-06-03T15:00:36.518577,DE,False,588.29,0,0,2.17,2.02,False,ACCELERATION_DECAY
2026-06-03T15:00:36.851969,DELL,False,421.08,0,0,94.66,-11.03,True,ACCELERATION_DECAY
2026-06-03T15:00:37.197852,DHR,False,178.08,0,0,1.98,0.79,False,ACCELERATION_DECAY
2026-06-03T15:00:37.538418,DUOL,False,107.4,0,0,3.24,3.49,True,LOST_20_SMA
2026-06-03T15:00:37.887085,EOG,False,141.5,0,0,0.48,2.62,False,ACCELERATION_DECAY
2026-06-03T15:00:38.232209,ETN,False,421.21,0,0,2.52,3.66,False,ACCELERATION_DECAY
2026-06-03T15:00:38.586472,FCX,False,70.64,0,0,22.47,-6.59,True,ACCELERATION_DECAY
2026-06-03T15:00:38.931706,FICO,False,1174.66,0,0,10.17,-7.91,True,ACCELERATION_DECAY
2026-06-03T15:00:39.270059,FTNT,False,146.48,0,0,62.9,-3.91,True,ACCELERATION_DECAY
2026-06-03T15:00:39.615650,GD,False,337.04,0,0,-3.47,-0.19,True,LOST_20_SMA
2026-06-03T15:00:39.980097,GE,False,314.64,0,0,9.75,-3.51,True,ACCELERATION_DECAY
2026-06-03T15:00:40.319181,GOOG,False,355.68,0,0,-7.44,-1.84,True,LOST_20_SMA
2026-06-03T15:00:40.656181,GOOGL,False,358.99,0,0,-7.58,-2.0,True,LOST_20_SMA
2026-06-03T15:00:40.990907,GS,False,1041.02,0,0,13.29,-4.57,True,ACCELERATION_DECAY
2026-06-03T15:00:41.333424,HD,False,312.97,0,0,-0.78,-0.49,True,MOMENTUM_FAILURE
2026-06-03T15:00:41.680207,HIMS,False,27.51,0,0,4.48,3.6,False,ACCELERATION_DECAY
2026-06-03T15:00:42.032333,HON,False,223.26,0,0,6.79,-5.44,True,ACCELERATION_DECAY
2026-06-03T15:00:42.365091,HOOD,False,82.85,0,0,7.56,-7.61,True,ACCELERATION_DECAY
2026-06-03T15:00:42.699570,ICE,False,138.45,0,0,-10.84,-1.85,True,LOST_20_SMA
2026-06-03T15:00:43.053023,INTC,False,112.71,0,0,4.22,-8.47,True,LOST_20_SMA
2026-06-03T15:00:43.394187,INTU,False,311.44,0,0,-21.81,-0.96,True,LOST_20_SMA
2026-06-03T15:00:43.734076,ISRG,False,407.29,0,0,-9.77,1.3,True,LOST_20_SMA
2026-06-03T15:00:44.073682,JPM,False,300.85,0,0,-2.76,-0.59,True,MOMENTUM_FAILURE
2026-06-03T15:00:44.419878,KKR,False,90.53,0,0,-11.25,-2.65,True,LOST_20_SMA
2026-06-03T15:00:44.770444,KLAC,False,2125.11,0,0,22.63,3.26,False,ACCELERATION_DECAY
2026-06-03T15:00:45.120225,LIN,False,507.57,0,0,1.46,0.98,False,ACCELERATION_DECAY
2026-06-03T15:00:45.546025,LLY,False,1078.78,0,0,9.09,-0.85,False,ACCELERATION_DECAY
2026-06-03T15:00:45.905283,LMT,False,512.03,0,0,0.61,1.52,True,LOST_20_SMA
2026-06-03T15:00:46.262209,LRCX,False,343.71,0,0,24.62,-4.71,True,ACCELERATION_DECAY
2026-06-03T15:00:46.603383,LULU,False,126.03,0,0,-3.21,-1.26,True,MOMENTUM_FAILURE
2026-06-03T15:00:46.946796,MA,False,471.55,0,0,-5.14,0.23,True,LOST_20_SMA
2026-06-03T15:00:47.295992,MCD,False,273.29,0,0,-4.17,-1.44,True,LOST_20_SMA
2026-06-03T15:00:47.638913,MCO,False,448.39,0,0,-1.36,-2.25,True,MOMENTUM_FAILURE
2026-06-03T15:00:47.971025,MDB,False,368.32,0,0,38.11,-12.43,True,ACCELERATION_DECAY
2026-06-03T15:00:48.316400,META,False,622.98,0,0,2.98,5.07,False,ACCELERATION_DECAY
2026-06-03T15:00:48.661919,MPC,False,267.21,0,0,2.57,-1.59,True,ACCELERATION_DECAY
2026-06-03T15:00:49.008398,MS,False,210.14,0,0,11.04,-3.31,True,ACCELERATION_DECAY
2026-06-03T15:00:49.345652,MSFT,False,427.34,0,0,3.88,-2.81,True,ACCELERATION_DECAY
2026-06-03T15:00:49.704663,MU,False,1079.57,0,0,68.63,-15.97,True,ACCELERATION_DECAY
2026-06-03T15:00:50.044700,NET,False,265.33,0,0,8.55,-13.08,True,ACCELERATION_DECAY
2026-06-03T15:00:50.488238,NFLX,False,81.52,0,0,-7.25,1.2,True,LOST_20_SMA
2026-06-03T15:00:50.826446,NOC,False,526.06,0,0,-5.83,-0.46,True,LOST_20_SMA
2026-06-03T15:00:51.187788,NOW,False,117.9,0,0,28.14,-10.66,True,ACCELERATION_DECAY
2026-06-03T15:00:51.538918,NUE,False,257.73,0,0,11.06,-3.4,True,ACCELERATION_DECAY
2026-06-03T15:00:51.886727,NVDA,False,214.75,0,0,9.29,-2.98,True,LOST_20_SMA
2026-06-03T15:00:52.237485,ODFL,False,236.06,0,0,20.39,1.19,False,ACCELERATION_DECAY
2026-06-03T15:00:52.575930,ORCL,False,230.33,0,0,24.27,-11.39,True,ACCELERATION_DECAY
2026-06-03T15:00:52.922394,PANW,False,280.43,0,0,52.42,-8.6,True,ACCELERATION_DECAY
2026-06-03T15:00:53.258739,PH,False,850.76,0,0,-2.51,1.11,True,LOST_20_SMA
2026-06-03T15:00:53.598191,PLTR,False,142.2,0,0,4.63,0.42,False,ACCELERATION_DECAY
2026-06-03T15:00:53.945909,PWR,False,715.67,0,0,-7.25,-0.48,True,LOST_20_SMA
2026-06-03T15:00:54.285847,PYPL,False,42.61,0,0,-8.35,3.28,True,LOST_20_SMA
2026-06-03T15:00:54.625805,QCOM,False,250.01,0,0,34.02,-9.02,True,ACCELERATION_DECAY
2026-06-03T15:00:54.959259,RBLX,False,43.68,0,0,-0.82,4.59,True,LOST_20_SMA
2026-06-03T15:00:55.311380,REGN,False,618.95,0,0,-11.86,3.12,True,LOST_20_SMA
2026-06-03T15:00:55.650235,RKLB,False,114.7,0,0,45.63,-7.92,True,LOST_20_SMA
2026-06-03T15:00:55.996178,RTX,False,172.55,0,0,-0.19,-0.97,True,LOST_20_SMA
2026-06-03T15:00:56.352729,SCHW,False,86.59,0,0,-6.29,-2.06,True,LOST_20_SMA
2026-06-03T15:00:56.702324,SHOP,False,112.94,0,0,4.93,13.2,False,ACCELERATION_DECAY
2026-06-03T15:00:57.038269,SLB,False,56.85,0,0,1.52,-0.15,True,ACCELERATION_DECAY
2026-06-03T15:00:57.377321,SNOW,False,241.28,0,0,70.26,-10.82,True,ACCELERATION_DECAY
2026-06-03T15:00:57.711419,SNPS,False,498.02,0,0,-0.89,-3.07,True,LOST_20_SMA
2026-06-03T15:00:58.053268,SOFI,False,16.68,0,0,4.12,-5.39,True,ACCELERATION_DECAY
2026-06-03T15:00:58.390661,SPGI,False,412.29,0,0,-2.73,-1.02,True,LOST_20_SMA
2026-06-03T15:00:58.742552,SYK,False,295.0,0,0,-0.08,-0.92,True,LOST_20_SMA
2026-06-03T15:00:59.079111,TMO,False,473.95,0,0,1.54,-2.67,True,ACCELERATION_DECAY
2026-06-03T15:00:59.415809,TSLA,False,423.7,0,0,8.82,0.86,False,ACCELERATION_DECAY
2026-06-03T15:00:59.755196,TT,False,465.84,0,0,-2.43,3.24,True,MOMENTUM_FAILURE
2026-06-03T15:01:00.099332,TTWO,False,215.8,0,0,-3.28,-2.03,True,LOST_20_SMA
2026-06-03T15:01:00.506261,UBER,False,71.69,0,0,-1.73,1.4,True,LOST_20_SMA
2026-06-03T15:01:00.861340,UNH,False,377.0,0,0,3.61,1.67,True,LOST_20_SMA
2026-06-03T15:01:01.201289,URI,False,1056.58,0,0,13.13,5.61,False,ACCELERATION_DECAY
2026-06-03T15:01:01.556631,V,False,312.4,0,0,-2.99,-0.07,True,LOST_20_SMA
2026-06-03T15:01:01.903786,VLO,False,261.45,0,0,3.16,0.52,False,ACCELERATION_DECAY
2026-06-03T15:01:02.242411,VRSN,False,297.08,0,0,7.73,-0.76,True,ACCELERATION_DECAY
2026-06-03T15:01:02.587434,VRTX,False,428.34,0,0,0.94,2.05,True,LOST_20_SMA
2026-06-03T15:01:03.015028,WMT,False,116.89,0,0,-10.63,2.62,True,LOST_20_SMA
2026-06-03T15:01:03.358209,XOM,False,152.53,0,0,-1.52,1.17,True,MOMENTUM_FAILURE
2026-06-03T15:01:03.692201,ZS,False,134.37,0,0,-4.94,-6.32,True,LOST_20_SMA
2026-06-03T15:06:04.241490,AAPL,False,310.26,0,0,9.18,-4.68,True,ACCELERATION_DECAY
2026-06-03T15:06:04.633940,ABBV,False,217.13,0,0,5.35,1.87,False,ACCELERATION_DECAY
2026-06-03T15:06:05.049400,ABNB,False,133.59,0,0,-4.39,-1.15,True,LOST_20_SMA
2026-06-03T15:06:05.448391,ADBE,False,256.24,0,0,0.24,-2.97,False,ACCELERATION_DECAY
2026-06-03T15:06:05.875333,ADSK,False,229.6,0,0,-7.95,-3.55,True,LOST_20_SMA
2026-06-03T15:06:06.347126,AMAT,False,500.77,0,0,21.9,-3.32,True,ACCELERATION_DECAY
2026-06-03T15:06:06.761910,AMD,False,542.52,0,0,52.71,0.01,False,ACCELERATION_DECAY
2026-06-03T15:06:07.164625,AMZN,False,250.02,0,0,-8.6,-2.89,True,LOST_20_SMA
2026-06-03T15:06:07.555607,ANET,False,174.37,0,0,2.44,0.87,False,ACCELERATION_DECAY
2026-06-03T15:06:07.913171,APO,False,124.35,0,0,-4.57,-4.23,True,LOST_20_SMA
2026-06-03T15:06:08.301580,APP,False,570.83,0,0,19.39,-8.11,True,ACCELERATION_DECAY
2026-06-03T15:06:08.646342,ARES,False,123.1,0,0,0.11,-6.8,True,LOST_20_SMA
2026-06-03T15:06:08.991198,ARM,False,411.83,0,0,97.2,-0.93,True,ACCELERATION_DECAY
2026-06-03T15:06:09.340330,ASML,False,1726.36,0,0,19.64,-3.38,True,ACCELERATION_DECAY
2026-06-03T15:06:09.680675,AXP,False,300.57,0,0,-4.87,-2.29,True,LOST_20_SMA
2026-06-03T15:06:10.026489,BA,False,210.58,0,0,-6.15,-4.52,True,LOST_20_SMA
2026-06-03T15:06:10.370032,BKNG,False,164.78,0,0,-1.7,-2.68,True,MOMENTUM_FAILURE
2026-06-03T15:06:10.714578,BLK,False,990.87,0,0,-5.53,-2.37,True,LOST_20_SMA
2026-06-03T15:06:11.060628,BSX,False,47.69,0,0,-14.81,1.32,True,LOST_20_SMA
2026-06-03T15:06:11.401745,BX,False,110.28,0,0,-10.14,-3.49,True,LOST_20_SMA
2026-06-03T15:06:11.742469,CAT,False,926.18,0,0,2.39,-1.62,True,ACCELERATION_DECAY
2026-06-03T15:06:12.096062,CAVA,False,71.33,0,0,-21.04,-2.26,True,LOST_20_SMA
2026-06-03T15:06:12.429576,CDNS,False,408.0,0,0,15.37,-3.76,True,ACCELERATION_DECAY
2026-06-03T15:06:12.764858,CELH,False,30.01,0,0,-10.47,-1.45,True,LOST_20_SMA
2026-06-03T15:06:13.103032,CME,False,252.64,0,0,-11.92,1.78,True,LOST_20_SMA
2026-06-03T15:06:13.455906,CMG,False,28.74,0,0,-11.05,-2.54,True,LOST_20_SMA
2026-06-03T15:06:13.793715,COIN,False,163.22,0,0,-17.46,-3.18,True,LOST_20_SMA
2026-06-03T15:06:14.146067,COP,False,119.05,0,0,-3.46,2.97,True,MOMENTUM_FAILURE
2026-06-03T15:06:14.484184,COST,False,961.83,0,0,-5.37,0.41,True,LOST_20_SMA
2026-06-03T15:06:14.817929,CRM,False,190.61,0,0,1.94,-6.35,True,ACCELERATION_DECAY
2026-06-03T15:06:15.158219,CRWD,False,747.61,0,0,56.89,-6.99,True,ACCELERATION_DECAY
2026-06-03T15:06:15.498503,CVX,False,189.71,0,0,-1.52,0.94,True,MOMENTUM_FAILURE
2026-06-03T15:06:15.855894,DDOG,False,250.33,0,0,71.78,-11.69,True,ACCELERATION_DECAY
2026-06-03T15:06:16.204315,DE,False,588.29,0,0,2.17,2.02,False,ACCELERATION_DECAY
2026-06-03T15:06:16.545921,DELL,False,421.08,0,0,94.66,-11.03,True,ACCELERATION_DECAY
2026-06-03T15:06:16.886907,DHR,False,178.08,0,0,1.98,0.79,False,ACCELERATION_DECAY
2026-06-03T15:06:17.225820,DUOL,False,107.4,0,0,3.24,3.49,True,LOST_20_SMA
2026-06-03T15:06:17.577537,EOG,False,141.5,0,0,0.48,2.62,False,ACCELERATION_DECAY
2026-06-03T15:06:17.920670,ETN,False,421.21,0,0,2.52,3.66,False,ACCELERATION_DECAY
2026-06-03T15:06:18.266454,FCX,False,70.64,0,0,22.47,-6.59,True,ACCELERATION_DECAY
2026-06-03T15:06:18.608268,FICO,False,1174.66,0,0,10.17,-7.91,True,ACCELERATION_DECAY
2026-06-03T15:06:18.947924,FTNT,False,146.48,0,0,62.9,-3.91,True,ACCELERATION_DECAY
2026-06-03T15:06:19.294430,GD,False,337.04,0,0,-3.47,-0.19,True,LOST_20_SMA
2026-06-03T15:06:19.632220,GE,False,314.64,0,0,9.75,-3.51,True,ACCELERATION_DECAY
2026-06-03T15:06:19.976996,GOOG,False,355.68,0,0,-7.44,-1.84,True,LOST_20_SMA
2026-06-03T15:06:20.322807,GOOGL,False,358.99,0,0,-7.58,-2.0,True,LOST_20_SMA
2026-06-03T15:06:20.690359,GS,False,1041.02,0,0,13.29,-4.57,True,ACCELERATION_DECAY
2026-06-03T15:06:21.031479,HD,False,312.97,0,0,-0.78,-0.49,True,MOMENTUM_FAILURE
2026-06-03T15:06:21.382796,HIMS,False,27.51,0,0,4.48,3.6,False,ACCELERATION_DECAY
2026-06-03T15:06:21.721534,HON,False,223.26,0,0,6.79,-5.44,True,ACCELERATION_DECAY
2026-06-03T15:06:22.057083,HOOD,False,82.85,0,0,7.56,-7.61,True,ACCELERATION_DECAY
2026-06-03T15:06:22.399988,ICE,False,138.45,0,0,-10.84,-1.85,True,LOST_20_SMA
2026-06-03T15:06:22.741953,INTC,False,112.71,0,0,4.22,-8.47,True,LOST_20_SMA
2026-06-03T15:06:23.100151,INTU,False,311.44,0,0,-21.81,-0.96,True,LOST_20_SMA
2026-06-03T15:06:23.435763,ISRG,False,407.29,0,0,-9.77,1.3,True,LOST_20_SMA
2026-06-03T15:06:23.768673,JPM,False,300.85,0,0,-2.76,-0.59,True,MOMENTUM_FAILURE
2026-06-03T15:06:24.114044,KKR,False,90.53,0,0,-11.25,-2.65,True,LOST_20_SMA
2026-06-03T15:06:24.453481,KLAC,False,2125.11,0,0,22.63,3.26,False,ACCELERATION_DECAY
2026-06-03T15:06:24.813481,LIN,False,507.57,0,0,1.46,0.98,False,ACCELERATION_DECAY
2026-06-03T15:06:25.162034,LLY,False,1078.78,0,0,9.09,-0.85,False,ACCELERATION_DECAY
2026-06-03T15:06:25.532706,LMT,False,512.03,0,0,0.61,1.52,True,LOST_20_SMA
2026-06-03T15:06:25.876120,LRCX,False,343.71,0,0,24.62,-4.71,True,ACCELERATION_DECAY
2026-06-03T15:06:26.220815,LULU,False,126.03,0,0,-3.21,-1.26,True,MOMENTUM_FAILURE
2026-06-03T15:06:26.567885,MA,False,471.55,0,0,-5.14,0.23,True,LOST_20_SMA
2026-06-03T15:06:26.935371,MCD,False,273.29,0,0,-4.17,-1.44,True,LOST_20_SMA
2026-06-03T15:06:27.281971,MCO,False,448.39,0,0,-1.36,-2.25,True,MOMENTUM_FAILURE
2026-06-03T15:06:27.630295,MDB,False,368.32,0,0,38.11,-12.43,True,ACCELERATION_DECAY
2026-06-03T15:06:28.000303,META,False,622.98,0,0,2.98,5.07,False,ACCELERATION_DECAY
2026-06-03T15:06:28.342591,MPC,False,267.21,0,0,2.57,-1.59,True,ACCELERATION_DECAY
2026-06-03T15:06:28.696791,MS,False,210.14,0,0,11.04,-3.31,True,ACCELERATION_DECAY
2026-06-03T15:06:29.041367,MSFT,False,427.34,0,0,3.88,-2.81,True,ACCELERATION_DECAY
2026-06-03T15:06:29.374304,MU,False,1079.57,0,0,68.63,-15.97,True,ACCELERATION_DECAY
2026-06-03T15:06:29.712074,NET,False,265.33,0,0,8.55,-13.08,True,ACCELERATION_DECAY
2026-06-03T15:06:30.066626,NFLX,False,81.52,0,0,-7.25,1.2,True,LOST_20_SMA
2026-06-03T15:06:30.385164,NOC,False,526.06,0,0,-5.83,-0.46,True,LOST_20_SMA
2026-06-03T15:06:30.732553,NOW,False,117.9,0,0,28.14,-10.66,True,ACCELERATION_DECAY
2026-06-03T15:06:31.072830,NUE,False,257.73,0,0,11.06,-3.4,True,ACCELERATION_DECAY
2026-06-03T15:06:31.407677,NVDA,False,214.75,0,0,9.29,-2.98,True,LOST_20_SMA
2026-06-03T15:06:31.746345,ODFL,False,236.06,0,0,20.39,1.19,False,ACCELERATION_DECAY
2026-06-03T15:06:32.081964,ORCL,False,230.33,0,0,24.27,-11.39,True,ACCELERATION_DECAY
2026-06-03T15:06:32.416043,PANW,False,280.43,0,0,52.42,-8.6,True,ACCELERATION_DECAY
2026-06-03T15:06:32.757918,PH,False,850.76,0,0,-2.51,1.11,True,LOST_20_SMA
2026-06-03T15:06:33.100927,PLTR,False,142.2,0,0,4.63,0.42,False,ACCELERATION_DECAY
2026-06-03T15:06:33.444979,PWR,False,715.67,0,0,-7.25,-0.48,True,LOST_20_SMA
2026-06-03T15:06:33.787093,PYPL,False,42.61,0,0,-8.35,3.28,True,LOST_20_SMA
2026-06-03T15:06:34.135659,QCOM,False,250.01,0,0,34.02,-9.02,True,ACCELERATION_DECAY
2026-06-03T15:06:34.481905,RBLX,False,43.68,0,0,-0.82,4.59,True,LOST_20_SMA
2026-06-03T15:06:34.820513,REGN,False,618.95,0,0,-11.86,3.12,True,LOST_20_SMA
2026-06-03T15:06:35.167132,RKLB,False,114.7,0,0,45.63,-7.92,True,LOST_20_SMA
2026-06-03T15:06:35.512609,RTX,False,172.55,0,0,-0.19,-0.97,True,LOST_20_SMA
2026-06-03T15:06:35.860778,SCHW,False,86.59,0,0,-6.29,-2.06,True,LOST_20_SMA
2026-06-03T15:06:36.212490,SHOP,False,112.94,0,0,4.93,13.2,False,ACCELERATION_DECAY
2026-06-03T15:06:36.609173,SLB,False,56.85,0,0,1.52,-0.15,True,ACCELERATION_DECAY
2026-06-03T15:06:36.949626,SNOW,False,241.28,0,0,70.26,-10.82,True,ACCELERATION_DECAY
2026-06-03T15:06:37.305472,SNPS,False,498.02,0,0,-0.89,-3.07,True,LOST_20_SMA
2026-06-03T15:06:37.642597,SOFI,False,16.68,0,0,4.12,-5.39,True,ACCELERATION_DECAY
2026-06-03T15:06:37.985523,SPGI,False,412.29,0,0,-2.73,-1.02,True,LOST_20_SMA
2026-06-03T15:06:38.332645,SYK,False,295.0,0,0,-0.08,-0.92,True,LOST_20_SMA
2026-06-03T15:06:38.725017,TMO,False,473.95,0,0,1.54,-2.67,True,ACCELERATION_DECAY
2026-06-03T15:06:39.064506,TSLA,False,423.7,0,0,8.82,0.86,False,ACCELERATION_DECAY
2026-06-03T15:06:39.411823,TT,False,465.84,0,0,-2.43,3.24,True,MOMENTUM_FAILURE
2026-06-03T15:06:39.759904,TTWO,False,215.8,0,0,-3.28,-2.03,True,LOST_20_SMA
2026-06-03T15:06:40.095748,UBER,False,71.69,0,0,-1.73,1.4,True,LOST_20_SMA
2026-06-03T15:06:40.545200,UNH,False,377.0,0,0,3.61,1.67,True,LOST_20_SMA
2026-06-03T15:06:40.884944,URI,False,1056.58,0,0,13.13,5.61,False,ACCELERATION_DECAY
2026-06-03T15:06:41.228105,V,False,312.4,0,0,-2.99,-0.07,True,LOST_20_SMA
2026-06-03T15:06:41.571175,VLO,False,261.45,0,0,3.16,0.52,False,ACCELERATION_DECAY
2026-06-03T15:06:41.907440,VRSN,False,297.08,0,0,7.73,-0.76,True,ACCELERATION_DECAY
2026-06-03T15:06:42.261528,VRTX,False,428.34,0,0,0.94,2.05,True,LOST_20_SMA
2026-06-03T15:06:42.709570,WMT,False,116.89,0,0,-10.63,2.62,True,LOST_20_SMA
2026-06-03T15:06:43.057440,XOM,False,152.53,0,0,-1.52,1.17,True,MOMENTUM_FAILURE
2026-06-03T15:06:43.394145,ZS,False,134.37,0,0,-4.94,-6.32,True,LOST_20_SMA
2026-06-03T15:11:43.873316,AAPL,False,310.26,0,0,9.18,-4.68,True,ACCELERATION_DECAY
2026-06-03T15:11:44.215258,ABBV,False,217.13,0,0,5.35,1.87,False,ACCELERATION_DECAY
2026-06-03T15:11:44.559757,ABNB,False,133.59,0,0,-4.39,-1.15,True,LOST_20_SMA
2026-06-03T15:11:44.897876,ADBE,False,256.24,0,0,0.24,-2.97,False,ACCELERATION_DECAY
2026-06-03T15:11:45.344523,ADSK,False,229.6,0,0,-7.95,-3.55,True,LOST_20_SMA
2026-06-03T15:11:45.690222,AMAT,False,500.77,0,0,21.9,-3.32,True,ACCELERATION_DECAY
2026-06-03T15:11:46.040129,AMD,False,542.52,0,0,52.71,0.01,False,ACCELERATION_DECAY
2026-06-03T15:11:46.377029,AMZN,False,250.02,0,0,-8.6,-2.89,True,LOST_20_SMA
2026-06-03T15:11:46.710494,ANET,False,174.37,0,0,2.44,0.87,False,ACCELERATION_DECAY
2026-06-03T15:11:47.053242,APO,False,124.35,0,0,-4.57,-4.23,True,LOST_20_SMA
2026-06-03T15:11:47.393607,APP,False,570.83,0,0,19.39,-8.11,True,ACCELERATION_DECAY
2026-06-03T15:11:47.733653,ARES,False,123.1,0,0,0.11,-6.8,True,LOST_20_SMA
2026-06-03T15:11:48.080405,ARM,False,411.83,0,0,97.2,-0.93,True,ACCELERATION_DECAY
2026-06-03T15:11:48.432787,ASML,False,1726.36,0,0,19.64,-3.38,True,ACCELERATION_DECAY
2026-06-03T15:11:48.778873,AXP,False,300.57,0,0,-4.87,-2.29,True,LOST_20_SMA
2026-06-03T15:11:49.121181,BA,False,210.58,0,0,-6.15,-4.52,True,LOST_20_SMA
2026-06-03T15:11:49.469436,BKNG,False,164.78,0,0,-1.7,-2.68,True,MOMENTUM_FAILURE
2026-06-03T15:11:49.805276,BLK,False,990.87,0,0,-5.53,-2.37,True,LOST_20_SMA
2026-06-03T15:11:50.188628,BSX,False,47.69,0,0,-14.81,1.32,True,LOST_20_SMA
2026-06-03T15:11:50.755144,BX,False,110.28,0,0,-10.14,-3.49,True,LOST_20_SMA
2026-06-03T15:11:51.289519,CAT,False,926.18,0,0,2.39,-1.62,True,ACCELERATION_DECAY
2026-06-03T15:11:51.705359,CAVA,False,71.33,0,0,-21.04,-2.26,True,LOST_20_SMA
2026-06-03T15:11:52.242318,CDNS,False,408.0,0,0,15.37,-3.76,True,ACCELERATION_DECAY
2026-06-03T15:11:52.732283,CELH,False,30.01,0,0,-10.47,-1.45,True,LOST_20_SMA
2026-06-03T15:11:53.344802,CME,False,252.64,0,0,-11.92,1.78,True,LOST_20_SMA
2026-06-03T15:11:53.958575,CMG,False,28.74,0,0,-11.05,-2.54,True,LOST_20_SMA
2026-06-03T15:11:54.407286,COIN,False,163.22,0,0,-17.46,-3.18,True,LOST_20_SMA
2026-06-03T15:11:54.752634,COP,False,119.05,0,0,-3.46,2.97,True,MOMENTUM_FAILURE
2026-06-03T15:11:55.094850,COST,False,961.83,0,0,-5.37,0.41,True,LOST_20_SMA
2026-06-03T15:11:55.436442,CRM,False,190.61,0,0,1.94,-6.35,True,ACCELERATION_DECAY
2026-06-03T15:11:55.784070,CRWD,False,747.61,0,0,56.89,-6.99,True,ACCELERATION_DECAY
2026-06-03T15:11:56.123443,CVX,False,189.71,0,0,-1.52,0.94,True,MOMENTUM_FAILURE
2026-06-03T15:11:56.454504,DDOG,False,250.33,0,0,71.78,-11.69,True,ACCELERATION_DECAY
2026-06-03T15:11:56.789184,DE,False,588.29,0,0,2.17,2.02,False,ACCELERATION_DECAY
2026-06-03T15:11:57.132998,DELL,False,421.08,0,0,94.66,-11.03,True,ACCELERATION_DECAY
2026-06-03T15:11:57.544481,DHR,False,178.08,0,0,1.98,0.79,False,ACCELERATION_DECAY
2026-06-03T15:11:57.883647,DUOL,False,107.4,0,0,3.24,3.49,True,LOST_20_SMA
2026-06-03T15:11:58.228702,EOG,False,141.5,0,0,0.48,2.62,False,ACCELERATION_DECAY
2026-06-03T15:11:58.570406,ETN,False,421.21,0,0,2.52,3.66,False,ACCELERATION_DECAY
2026-06-03T15:11:58.909401,FCX,False,70.64,0,0,22.47,-6.59,True,ACCELERATION_DECAY
2026-06-03T15:11:59.252675,FICO,False,1174.66,0,0,10.17,-7.91,True,ACCELERATION_DECAY
2026-06-03T15:11:59.583625,FTNT,False,146.48,0,0,62.9,-3.91,True,ACCELERATION_DECAY
2026-06-03T15:11:59.922471,GD,False,337.04,0,0,-3.47,-0.19,True,LOST_20_SMA
2026-06-03T15:12:00.272250,GE,False,314.64,0,0,9.75,-3.51,True,ACCELERATION_DECAY
2026-06-03T15:12:00.613598,GOOG,False,355.68,0,0,-7.44,-1.84,True,LOST_20_SMA
2026-06-03T15:12:00.945463,GOOGL,False,358.99,0,0,-7.58,-2.0,True,LOST_20_SMA
2026-06-03T15:12:01.286090,GS,False,1041.02,0,0,13.29,-4.57,True,ACCELERATION_DECAY
2026-06-03T15:12:01.622806,HD,False,312.97,0,0,-0.78,-0.49,True,MOMENTUM_FAILURE
2026-06-03T15:12:01.961175,HIMS,False,27.51,0,0,4.48,3.6,False,ACCELERATION_DECAY
2026-06-03T15:12:02.301620,HON,False,223.26,0,0,6.79,-5.44,True,ACCELERATION_DECAY
2026-06-03T15:12:02.638738,HOOD,False,82.85,0,0,7.56,-7.61,True,ACCELERATION_DECAY
2026-06-03T15:12:02.975039,ICE,False,138.45,0,0,-10.84,-1.85,True,LOST_20_SMA
2026-06-03T15:12:03.308993,INTC,False,112.71,0,0,4.22,-8.47,True,LOST_20_SMA
2026-06-03T15:12:03.648886,INTU,False,311.44,0,0,-21.81,-0.96,True,LOST_20_SMA
2026-06-03T15:12:03.991927,ISRG,False,407.29,0,0,-9.77,1.3,True,LOST_20_SMA
2026-06-03T15:12:04.331175,JPM,False,300.85,0,0,-2.76,-0.59,True,MOMENTUM_FAILURE
2026-06-03T15:12:04.683931,KKR,False,90.53,0,0,-11.25,-2.65,True,LOST_20_SMA
2026-06-03T15:12:05.027431,KLAC,False,2125.11,0,0,22.63,3.26,False,ACCELERATION_DECAY
2026-06-03T15:12:05.364864,LIN,False,507.57,0,0,1.46,0.98,False,ACCELERATION_DECAY
2026-06-03T15:12:05.706893,LLY,False,1078.78,0,0,9.09,-0.85,False,ACCELERATION_DECAY
2026-06-03T15:12:06.043986,LMT,False,512.03,0,0,0.61,1.52,True,LOST_20_SMA
2026-06-03T15:12:06.390949,LRCX,False,343.71,0,0,24.62,-4.71,True,ACCELERATION_DECAY
2026-06-03T15:12:06.723476,LULU,False,126.03,0,0,-3.21,-1.26,True,MOMENTUM_FAILURE
2026-06-03T15:12:07.077220,MA,False,471.55,0,0,-5.14,0.23,True,LOST_20_SMA
2026-06-03T15:12:07.410848,MCD,False,273.29,0,0,-4.17,-1.44,True,LOST_20_SMA
2026-06-03T15:12:07.750257,MCO,False,448.39,0,0,-1.36,-2.25,True,MOMENTUM_FAILURE
2026-06-03T15:12:08.089247,MDB,False,368.32,0,0,38.11,-12.43,True,ACCELERATION_DECAY
2026-06-03T15:12:08.422660,META,False,622.98,0,0,2.98,5.07,False,ACCELERATION_DECAY
2026-06-03T15:12:08.777592,MPC,False,267.21,0,0,2.57,-1.59,True,ACCELERATION_DECAY
2026-06-03T15:12:09.145907,MS,False,210.14,0,0,11.04,-3.31,True,ACCELERATION_DECAY
2026-06-03T15:12:09.479032,MSFT,False,427.34,0,0,3.88,-2.81,True,ACCELERATION_DECAY
2026-06-03T15:12:09.805679,MU,False,1079.57,0,0,68.63,-15.97,True,ACCELERATION_DECAY
2026-06-03T15:12:10.152015,NET,False,265.33,0,0,8.55,-13.08,True,ACCELERATION_DECAY
2026-06-03T15:12:10.479438,NFLX,False,81.52,0,0,-7.25,1.2,True,LOST_20_SMA
2026-06-03T15:12:10.817237,NOC,False,526.06,0,0,-5.83,-0.46,True,LOST_20_SMA
2026-06-03T15:12:11.162263,NOW,False,117.9,0,0,28.14,-10.66,True,ACCELERATION_DECAY
2026-06-03T15:12:11.506755,NUE,False,257.73,0,0,11.06,-3.4,True,ACCELERATION_DECAY
2026-06-03T15:12:11.851636,NVDA,False,214.75,0,0,9.29,-2.98,True,LOST_20_SMA
2026-06-03T15:12:12.195492,ODFL,False,236.06,0,0,20.39,1.19,False,ACCELERATION_DECAY
2026-06-03T15:12:12.532308,ORCL,False,230.33,0,0,24.27,-11.39,True,ACCELERATION_DECAY
2026-06-03T15:12:12.864837,PANW,False,280.43,0,0,52.42,-8.6,True,ACCELERATION_DECAY
2026-06-03T15:12:13.210270,PH,False,850.76,0,0,-2.51,1.11,True,LOST_20_SMA
2026-06-03T15:12:13.540050,PLTR,False,142.2,0,0,4.63,0.42,False,ACCELERATION_DECAY
2026-06-03T15:12:13.890566,PWR,False,715.67,0,0,-7.25,-0.48,True,LOST_20_SMA
2026-06-03T15:12:14.230670,PYPL,False,42.61,0,0,-8.35,3.28,True,LOST_20_SMA
2026-06-03T15:12:14.570858,QCOM,False,250.01,0,0,34.02,-9.02,True,ACCELERATION_DECAY
2026-06-03T15:12:14.872380,RBLX,False,43.68,0,0,-0.82,4.59,True,LOST_20_SMA
2026-06-03T15:12:15.195415,REGN,False,618.95,0,0,-11.86,3.12,True,LOST_20_SMA
2026-06-03T15:12:15.534074,RKLB,False,114.7,0,0,45.63,-7.92,True,LOST_20_SMA
2026-06-03T15:12:15.882933,RTX,False,172.55,0,0,-0.19,-0.97,True,LOST_20_SMA
2026-06-03T15:12:16.235135,SCHW,False,86.59,0,0,-6.29,-2.06,True,LOST_20_SMA
2026-06-03T15:12:16.584902,SHOP,False,112.94,0,0,4.93,13.2,False,ACCELERATION_DECAY
2026-06-03T15:12:16.926224,SLB,False,56.85,0,0,1.52,-0.15,True,ACCELERATION_DECAY
2026-06-03T15:12:17.249305,SNOW,False,241.28,0,0,70.26,-10.82,True,ACCELERATION_DECAY
2026-06-03T15:12:17.598920,SNPS,False,498.02,0,0,-0.89,-3.07,True,LOST_20_SMA
2026-06-03T15:12:17.919646,SOFI,False,16.68,0,0,4.12,-5.39,True,ACCELERATION_DECAY
2026-06-03T15:12:18.259906,SPGI,False,412.29,0,0,-2.73,-1.02,True,LOST_20_SMA
2026-06-03T15:12:18.597046,SYK,False,295.0,0,0,-0.08,-0.92,True,LOST_20_SMA
2026-06-03T15:12:18.931059,TMO,False,473.95,0,0,1.54,-2.67,True,ACCELERATION_DECAY
2026-06-03T15:12:19.337987,TSLA,False,423.7,0,0,8.82,0.86,False,ACCELERATION_DECAY
2026-06-03T15:12:19.682950,TT,False,465.84,0,0,-2.43,3.24,True,MOMENTUM_FAILURE
2026-06-03T15:12:20.017448,TTWO,False,215.8,0,0,-3.28,-2.03,True,LOST_20_SMA
2026-06-03T15:12:20.363662,UBER,False,71.69,0,0,-1.73,1.4,True,LOST_20_SMA
2026-06-03T15:12:20.721829,UNH,False,377.0,0,0,3.61,1.67,True,LOST_20_SMA
2026-06-03T15:12:21.150988,URI,False,1056.58,0,0,13.13,5.61,False,ACCELERATION_DECAY
2026-06-03T15:12:21.520704,V,False,312.4,0,0,-2.99,-0.07,True,LOST_20_SMA
2026-06-03T15:12:21.856198,VLO,False,261.45,0,0,3.16,0.52,False,ACCELERATION_DECAY
2026-06-03T15:12:22.191877,VRSN,False,297.08,0,0,7.73,-0.76,True,ACCELERATION_DECAY
2026-06-03T15:12:22.535441,VRTX,False,428.34,0,0,0.94,2.05,True,LOST_20_SMA
2026-06-03T15:12:22.966323,WMT,False,116.89,0,0,-10.63,2.62,True,LOST_20_SMA
2026-06-03T15:12:23.315274,XOM,False,152.53,0,0,-1.52,1.17,True,MOMENTUM_FAILURE
2026-06-03T15:12:23.643154,ZS,False,134.37,0,0,-4.94,-6.32,True,LOST_20_SMA
2026-06-03T15:17:24.123702,AAPL,False,310.26,0,0,9.18,-4.68,True,ACCELERATION_DECAY
2026-06-03T15:17:24.458797,ABBV,False,217.13,0,0,5.35,1.87,False,ACCELERATION_DECAY
2026-06-03T15:17:24.793862,ABNB,False,133.59,0,0,-4.39,-1.15,True,LOST_20_SMA
2026-06-03T15:17:25.125171,ADBE,False,256.24,0,0,0.24,-2.97,False,ACCELERATION_DECAY
2026-06-03T15:17:25.469788,ADSK,False,229.6,0,0,-7.95,-3.55,True,LOST_20_SMA
2026-06-03T15:17:25.808702,AMAT,False,500.77,0,0,21.9,-3.32,True,ACCELERATION_DECAY
2026-06-03T15:17:26.152079,AMD,False,542.52,0,0,52.71,0.01,False,ACCELERATION_DECAY
2026-06-03T15:17:26.500590,AMZN,False,250.02,0,0,-8.6,-2.89,True,LOST_20_SMA
2026-06-03T15:17:26.877600,ANET,False,174.37,0,0,2.44,0.87,False,ACCELERATION_DECAY
2026-06-03T15:17:27.216153,APO,False,124.35,0,0,-4.57,-4.23,True,LOST_20_SMA
2026-06-03T15:17:27.551779,APP,False,570.83,0,0,19.39,-8.11,True,ACCELERATION_DECAY
2026-06-03T15:17:27.893657,ARES,False,123.1,0,0,0.11,-6.8,True,LOST_20_SMA
2026-06-03T15:17:28.222056,ARM,False,411.83,0,0,97.2,-0.93,True,ACCELERATION_DECAY
2026-06-03T15:17:28.550373,ASML,False,1726.36,0,0,19.64,-3.38,True,ACCELERATION_DECAY
2026-06-03T15:17:28.890238,AXP,False,300.57,0,0,-4.87,-2.29,True,LOST_20_SMA
2026-06-03T15:17:29.243934,BA,False,210.58,0,0,-6.15,-4.52,True,LOST_20_SMA
2026-06-03T15:17:29.586335,BKNG,False,164.78,0,0,-1.7,-2.68,True,MOMENTUM_FAILURE
2026-06-03T15:17:29.933236,BLK,False,990.87,0,0,-5.53,-2.37,True,LOST_20_SMA
2026-06-03T15:17:30.267299,BSX,False,47.69,0,0,-14.81,1.32,True,LOST_20_SMA
2026-06-03T15:17:30.582818,BX,False,110.28,0,0,-10.14,-3.49,True,LOST_20_SMA
2026-06-03T15:17:30.919638,CAT,False,926.18,0,0,2.39,-1.62,True,ACCELERATION_DECAY
2026-06-03T15:17:31.266474,CAVA,False,71.33,0,0,-21.04,-2.26,True,LOST_20_SMA
2026-06-03T15:17:31.598169,CDNS,False,408.0,0,0,15.37,-3.76,True,ACCELERATION_DECAY
2026-06-03T15:17:31.935102,CELH,False,30.01,0,0,-10.47,-1.45,True,LOST_20_SMA
2026-06-03T15:17:32.267404,CME,False,252.64,0,0,-11.92,1.78,True,LOST_20_SMA
2026-06-03T15:17:32.606212,CMG,False,28.74,0,0,-11.05,-2.54,True,LOST_20_SMA
2026-06-03T15:17:32.948133,COIN,False,163.22,0,0,-17.46,-3.18,True,LOST_20_SMA
2026-06-03T15:17:33.286482,COP,False,119.05,0,0,-3.46,2.97,True,MOMENTUM_FAILURE
2026-06-03T15:17:33.623890,COST,False,961.83,0,0,-5.37,0.41,True,LOST_20_SMA
2026-06-03T15:17:33.962891,CRM,False,190.61,0,0,1.94,-6.35,True,ACCELERATION_DECAY
2026-06-03T15:17:34.298322,CRWD,False,747.61,0,0,56.89,-6.99,True,ACCELERATION_DECAY
2026-06-03T15:17:34.646917,CVX,False,189.71,0,0,-1.52,0.94,True,MOMENTUM_FAILURE
2026-06-03T15:17:34.979282,DDOG,False,250.33,0,0,71.78,-11.69,True,ACCELERATION_DECAY
2026-06-03T15:17:35.325552,DE,False,588.29,0,0,2.17,2.02,False,ACCELERATION_DECAY
2026-06-03T15:17:35.663184,DELL,False,421.08,0,0,94.66,-11.03,True,ACCELERATION_DECAY
2026-06-03T15:17:36.000482,DHR,False,178.08,0,0,1.98,0.79,False,ACCELERATION_DECAY
2026-06-03T15:17:36.416409,DUOL,False,107.4,0,0,3.24,3.49,True,LOST_20_SMA
2026-06-03T15:17:36.757662,EOG,False,141.5,0,0,0.48,2.62,False,ACCELERATION_DECAY
2026-06-03T15:17:37.101729,ETN,False,421.21,0,0,2.52,3.66,False,ACCELERATION_DECAY
2026-06-03T15:17:37.450643,FCX,False,70.64,0,0,22.47,-6.59,True,ACCELERATION_DECAY
2026-06-03T15:17:37.787263,FICO,False,1174.66,0,0,10.17,-7.91,True,ACCELERATION_DECAY
2026-06-03T15:17:38.124716,FTNT,False,146.48,0,0,62.9,-3.91,True,ACCELERATION_DECAY
2026-06-03T15:17:38.465810,GD,False,337.04,0,0,-3.47,-0.19,True,LOST_20_SMA
2026-06-03T15:17:38.805954,GE,False,314.64,0,0,9.75,-3.51,True,ACCELERATION_DECAY
2026-06-03T15:17:39.145194,GOOG,False,355.68,0,0,-7.44,-1.84,True,LOST_20_SMA
2026-06-03T15:17:39.480811,GOOGL,False,358.99,0,0,-7.58,-2.0,True,LOST_20_SMA
2026-06-03T15:17:39.819709,GS,False,1041.02,0,0,13.29,-4.57,True,ACCELERATION_DECAY
2026-06-03T15:17:40.156369,HD,False,312.97,0,0,-0.78,-0.49,True,MOMENTUM_FAILURE
2026-06-03T15:17:40.491322,HIMS,False,27.51,0,0,4.48,3.6,False,ACCELERATION_DECAY
2026-06-03T15:17:40.832199,HON,False,223.26,0,0,6.79,-5.44,True,ACCELERATION_DECAY
2026-06-03T15:17:41.172255,HOOD,False,82.85,0,0,7.56,-7.61,True,ACCELERATION_DECAY
2026-06-03T15:17:41.513336,ICE,False,138.45,0,0,-10.84,-1.85,True,LOST_20_SMA
2026-06-03T15:17:41.855496,INTC,False,112.71,0,0,4.22,-8.47,True,LOST_20_SMA
2026-06-03T15:17:42.195323,INTU,False,311.44,0,0,-21.81,-0.96,True,LOST_20_SMA
2026-06-03T15:17:42.538000,ISRG,False,407.29,0,0,-9.77,1.3,True,LOST_20_SMA
2026-06-03T15:17:42.883590,JPM,False,300.85,0,0,-2.76,-0.59,True,MOMENTUM_FAILURE
2026-06-03T15:17:43.219420,KKR,False,90.53,0,0,-11.25,-2.65,True,LOST_20_SMA
2026-06-03T15:17:43.550401,KLAC,False,2125.11,0,0,22.63,3.26,False,ACCELERATION_DECAY
2026-06-03T15:17:43.893118,LIN,False,507.57,0,0,1.46,0.98,False,ACCELERATION_DECAY
2026-06-03T15:17:44.231556,LLY,False,1078.78,0,0,9.09,-0.85,False,ACCELERATION_DECAY
2026-06-03T15:17:44.573441,LMT,False,512.03,0,0,0.61,1.52,True,LOST_20_SMA
2026-06-03T15:17:44.911993,LRCX,False,343.71,0,0,24.62,-4.71,True,ACCELERATION_DECAY
2026-06-03T15:17:45.250531,LULU,False,126.03,0,0,-3.21,-1.26,True,MOMENTUM_FAILURE
2026-06-03T15:17:45.593927,MA,False,471.55,0,0,-5.14,0.23,True,LOST_20_SMA
2026-06-03T15:17:45.932052,MCD,False,273.29,0,0,-4.17,-1.44,True,LOST_20_SMA
2026-06-03T15:17:46.268261,MCO,False,448.39,0,0,-1.36,-2.25,True,MOMENTUM_FAILURE
2026-06-03T15:17:46.600615,MDB,False,368.32,0,0,38.11,-12.43,True,ACCELERATION_DECAY
2026-06-03T15:17:46.929387,META,False,622.98,0,0,2.98,5.07,False,ACCELERATION_DECAY
2026-06-03T15:17:47.264449,MPC,False,267.21,0,0,2.57,-1.59,True,ACCELERATION_DECAY
2026-06-03T15:17:47.603799,MS,False,210.14,0,0,11.04,-3.31,True,ACCELERATION_DECAY
2026-06-03T15:17:47.934277,MSFT,False,427.34,0,0,3.88,-2.81,True,ACCELERATION_DECAY
2026-06-03T15:17:48.269427,MU,False,1079.57,0,0,68.63,-15.97,True,ACCELERATION_DECAY
2026-06-03T15:17:48.605233,NET,False,265.33,0,0,8.55,-13.08,True,ACCELERATION_DECAY
2026-06-03T15:17:48.950475,NFLX,False,81.52,0,0,-7.25,1.2,True,LOST_20_SMA
2026-06-03T15:17:49.291525,NOC,False,526.06,0,0,-5.83,-0.46,True,LOST_20_SMA
2026-06-03T15:17:49.627311,NOW,False,117.9,0,0,28.14,-10.66,True,ACCELERATION_DECAY
2026-06-03T15:17:49.968725,NUE,False,257.73,0,0,11.06,-3.4,True,ACCELERATION_DECAY
2026-06-03T15:17:50.305854,NVDA,False,214.75,0,0,9.29,-2.98,True,LOST_20_SMA
2026-06-03T15:17:50.741965,ODFL,False,236.06,0,0,20.39,1.19,False,ACCELERATION_DECAY
2026-06-03T15:17:51.082543,ORCL,False,230.33,0,0,24.27,-11.39,True,ACCELERATION_DECAY
2026-06-03T15:17:51.423150,PANW,False,280.43,0,0,52.42,-8.6,True,ACCELERATION_DECAY
2026-06-03T15:17:51.754354,PH,False,850.76,0,0,-2.51,1.11,True,LOST_20_SMA
2026-06-03T15:17:52.098840,PLTR,False,142.2,0,0,4.63,0.42,False,ACCELERATION_DECAY
2026-06-03T15:17:52.457555,PWR,False,715.67,0,0,-7.25,-0.48,True,LOST_20_SMA
2026-06-03T15:17:52.800672,PYPL,False,42.61,0,0,-8.35,3.28,True,LOST_20_SMA
2026-06-03T15:17:53.137841,QCOM,False,250.01,0,0,34.02,-9.02,True,ACCELERATION_DECAY
2026-06-03T15:17:53.467287,RBLX,False,43.68,0,0,-0.82,4.59,True,LOST_20_SMA
2026-06-03T15:17:53.798254,REGN,False,618.95,0,0,-11.86,3.12,True,LOST_20_SMA
2026-06-03T15:17:54.135267,RKLB,False,114.7,0,0,45.63,-7.92,True,LOST_20_SMA
2026-06-03T15:17:54.475760,RTX,False,172.55,0,0,-0.19,-0.97,True,LOST_20_SMA
2026-06-03T15:17:54.819013,SCHW,False,86.59,0,0,-6.29,-2.06,True,LOST_20_SMA
2026-06-03T15:17:55.178256,SHOP,False,112.94,0,0,4.93,13.2,False,ACCELERATION_DECAY
2026-06-03T15:17:55.516339,SLB,False,56.85,0,0,1.52,-0.15,True,ACCELERATION_DECAY
2026-06-03T15:17:55.859320,SNOW,False,241.28,0,0,70.26,-10.82,True,ACCELERATION_DECAY
2026-06-03T15:17:56.190304,SNPS,False,498.02,0,0,-0.89,-3.07,True,LOST_20_SMA
2026-06-03T15:17:56.532270,SOFI,False,16.68,0,0,4.12,-5.39,True,ACCELERATION_DECAY
2026-06-03T15:17:56.877265,SPGI,False,412.29,0,0,-2.73,-1.02,True,LOST_20_SMA
2026-06-03T15:17:57.216541,SYK,False,295.0,0,0,-0.08,-0.92,True,LOST_20_SMA
2026-06-03T15:17:57.559504,TMO,False,473.95,0,0,1.54,-2.67,True,ACCELERATION_DECAY
2026-06-03T15:17:57.896157,TSLA,False,423.7,0,0,8.82,0.86,False,ACCELERATION_DECAY
2026-06-03T15:17:58.263634,TT,False,465.84,0,0,-2.43,3.24,True,MOMENTUM_FAILURE
2026-06-03T15:17:58.607991,TTWO,False,215.8,0,0,-3.28,-2.03,True,LOST_20_SMA
2026-06-03T15:17:58.948067,UBER,False,71.69,0,0,-1.73,1.4,True,LOST_20_SMA
2026-06-03T15:17:59.289160,UNH,False,377.0,0,0,3.61,1.67,True,LOST_20_SMA
2026-06-03T15:17:59.635125,URI,False,1056.58,0,0,13.13,5.61,False,ACCELERATION_DECAY
2026-06-03T15:17:59.971872,V,False,312.4,0,0,-2.99,-0.07,True,LOST_20_SMA
2026-06-03T15:18:00.314972,VLO,False,261.45,0,0,3.16,0.52,False,ACCELERATION_DECAY
2026-06-03T15:18:00.740103,VRSN,False,297.08,0,0,7.73,-0.76,True,ACCELERATION_DECAY
2026-06-03T15:18:01.080805,VRTX,False,428.34,0,0,0.94,2.05,True,LOST_20_SMA
2026-06-03T15:18:01.500087,WMT,False,116.89,0,0,-10.63,2.62,True,LOST_20_SMA
2026-06-03T15:18:01.848044,XOM,False,152.53,0,0,-1.52,1.17,True,MOMENTUM_FAILURE
2026-06-03T15:18:02.191631,ZS,False,134.37,0,0,-4.94,-6.32,True,LOST_20_SMA
